zone,fuel,season,daytype,t1,t2,t3,t4,t5,t6,t7,t8,t9,t10,t11,t12,t13,t14,t15,t16,t17,t18,t19,t20,t21,t22,t23,t24
Angola,PV,Q1,d1,0.00000,0.00000,0.00000,0.00000,0.00000,0.00000,0.01550,0.16260,0.36610,0.52970,0.63740,0.69070,0.69100,0.63720,0.53210,0.37410,0.17820,0.02050,0.00000,0.00000,0.00000,0.00000,0.00000,0.00000
Burundi,PV,Q1,d1,0.00000,0.00000,0.00000,0.00000,0.00000,0.05610,0.24470,0.42200,0.60230,0.68960,0.67690,0.54030,0.46440,0.40190,0.27000,0.16610,0.04350,0.00010,0.00000,0.00000,0.00000,0.00000,0.00000,0.00000
Cameroon,PV,Q1,d1,0.00000,0.00000,0.00000,0.00000,0.00000,0.00070,0.00820,0.08380,0.19620,0.22580,0.21470,0.21790,0.26060,0.24260,0.21170,0.11110,0.08670,0.02280,0.00100,0.00000,0.00000,0.00000,0.00000,0.00000
CentralAfricanRepublic,PV,Q1,d1,0.00000,0.00000,0.00000,0.00000,0.00000,0.00000,0.05780,0.21430,0.38030,0.48880,0.52410,0.57700,0.56750,0.52650,0.43340,0.29120,0.17210,0.03090,0.00000,0.00000,0.00000,0.00000,0.00000,0.00000
Chad,PV,Q1,d1,0.00000,0.00000,0.00000,0.00000,0.00000,0.00000,0.01430,0.13200,0.24970,0.35520,0.45550,0.47180,0.44870,0.41630,0.32150,0.24470,0.10330,0.01740,0.00000,0.00000,0.00000,0.00000,0.00000,0.00000
Congo,PV,Q1,d1,0.00000,0.00000,0.00000,0.00000,0.00000,0.02800,0.16920,0.36510,0.52550,0.64330,0.70160,0.70350,0.61390,0.48190,0.34860,0.18510,0.02510,0.00000,0.00000,0.00000,0.00000,0.00000,0.00000,0.00000
DemocraticRepublicoftheCongo,PV,Q1,d1,0.00000,0.00000,0.00000,0.00000,0.00650,0.10360,0.28240,0.45970,0.58560,0.65020,0.65190,0.62480,0.55100,0.42570,0.26670,0.09030,0.00210,0.00000,0.00000,0.00000,0.00000,0.00000,0.00000,0.00000
EquatorialGuinea,PV,Q1,d1,0.00000,0.00000,0.00000,0.00000,0.00000,0.00000,0.03550,0.12660,0.25340,0.41660,0.53360,0.55190,0.57320,0.59570,0.45240,0.40370,0.29340,0.11890,0.02330,0.00000,0.00000,0.00000,0.00000,0.00000
Gabon,PV,Q1,d1,0.00000,0.00000,0.00000,0.00000,0.00000,0.00000,0.02280,0.16150,0.33590,0.48700,0.60760,0.66010,0.66310,0.60000,0.49420,0.37890,0.22480,0.05930,0.00380,0.00000,0.00000,0.00000,0.00000,0.00000
Rwanda,PV,Q1,d1,0.00000,0.00000,0.00000,0.00000,0.00000,0.03500,0.19620,0.40980,0.56460,0.61830,0.52140,0.47110,0.40320,0.36550,0.22560,0.09130,0.01680,0.00000,0.00000,0.00000,0.00000,0.00000,0.00000,0.00000
Angola,Wind,Q1,d1,0.49560,0.50440,0.53050,0.56600,0.60150,0.63210,0.64800,0.51840,0.38450,0.56290,0.58050,0.51460,0.45470,0.42120,0.38410,0.36590,0.32130,0.38190,0.46100,0.50570,0.53710,0.53540,0.58610,0.57270
Cameroon,Wind,Q1,d1,0.41830,0.52610,0.58550,0.51090,0.53700,0.58130,0.63990,0.76330,0.79890,0.74840,0.73230,0.62890,0.57360,0.47960,0.39440,0.38030,0.32960,0.25050,0.23780,0.23530,0.20620,0.19990,0.35240,0.42320
CentralAfricanRepublic,Wind,Q1,d1,0.32420,0.33410,0.30240,0.31470,0.32750,0.25290,0.08930,0.06800,0.10640,0.21600,0.11650,0.11730,0.14900,0.16120,0.19270,0.13570,0.05760,0.02890,0.02480,0.04220,0.07890,0.08870,0.09640,0.10200
Chad,Wind,Q1,d1,0.77190,0.72810,0.69710,0.65120,0.58740,0.51430,0.46060,0.43660,0.37440,0.32700,0.33120,0.24280,0.16350,0.13930,0.15030,0.17350,0.15160,0.15700,0.14260,0.14630,0.13500,0.12340,0.21160,0.24800
Congo,Wind,Q1,d1,0.86000,0.86700,0.80500,0.64900,0.53200,0.36900,0.30800,0.31800,0.19200,0.08100,0.01000,0.00300,0.00000,0.00800,0.01100,0.03700,0.28000,0.61300,0.85400,0.90200,0.91800,0.88900,0.92500,0.93100
DemocraticRepublicoftheCongo,Wind,Q1,d1,0.68400,0.69650,0.68160,0.71280,0.73460,0.68970,0.56060,0.76840,0.62180,0.40870,0.26120,0.18320,0.17650,0.21840,0.32380,0.48560,0.74100,0.82420,0.80650,0.75440,0.78230,0.88430,0.90420,0.86410
Angola,PV,Q1,d2,0.00000,0.00000,0.00000,0.00000,0.00000,0.00050,0.07360,0.29950,0.51960,0.68810,0.79090,0.83110,0.82560,0.77250,0.66000,0.49280,0.27530,0.05840,0.00000,0.00000,0.00000,0.00000,0.00000,0.00000
Burundi,PV,Q1,d2,0.00000,0.00000,0.00000,0.00000,0.00460,0.08920,0.32030,0.53530,0.65020,0.67610,0.72780,0.63770,0.58980,0.44930,0.31460,0.19020,0.05610,0.00000,0.00000,0.00000,0.00000,0.00000,0.00000,0.00000
Cameroon,PV,Q1,d2,0.00000,0.00000,0.00000,0.00000,0.00000,0.00010,0.04180,0.22080,0.41580,0.55940,0.67610,0.72140,0.66320,0.57190,0.45740,0.33260,0.17290,0.02280,0.00070,0.00000,0.00000,0.00000,0.00000,0.00000
CentralAfricanRepublic,PV,Q1,d2,0.00000,0.00000,0.00000,0.00000,0.00000,0.00000,0.06120,0.19590,0.38460,0.58600,0.70390,0.74230,0.74710,0.64600,0.52100,0.36920,0.17710,0.01330,0.00000,0.00000,0.00000,0.00000,0.00000,0.00000
Chad,PV,Q1,d2,0.00000,0.00000,0.00000,0.00000,0.00000,0.00000,0.06100,0.21570,0.37950,0.55760,0.61490,0.62160,0.63500,0.53540,0.40270,0.23130,0.10350,0.00910,0.00000,0.00000,0.00000,0.00000,0.00000,0.00000
Congo,PV,Q1,d2,0.00000,0.00000,0.00000,0.00000,0.00020,0.03680,0.16510,0.32610,0.47700,0.49230,0.59680,0.66530,0.60930,0.55320,0.37710,0.18100,0.02460,0.00000,0.00000,0.00000,0.00000,0.00000,0.00000,0.00000
DemocraticRepublicoftheCongo,PV,Q1,d2,0.00000,0.00000,0.00000,0.00010,0.01620,0.14840,0.34920,0.52250,0.64630,0.67230,0.66780,0.65020,0.57470,0.45010,0.26060,0.08730,0.00260,0.00000,0.00000,0.00000,0.00000,0.00000,0.00000,0.00000
EquatorialGuinea,PV,Q1,d2,0.00000,0.00000,0.00000,0.00000,0.00000,0.00000,0.03470,0.13030,0.26730,0.46240,0.62300,0.61630,0.62360,0.41440,0.57440,0.34270,0.17790,0.06820,0.02060,0.00000,0.00000,0.00000,0.00000,0.00000
Gabon,PV,Q1,d2,0.00000,0.00000,0.00000,0.00000,0.00000,0.00000,0.03130,0.14130,0.27770,0.42280,0.55320,0.64020,0.62410,0.50740,0.51710,0.34760,0.20760,0.04760,0.00330,0.00000,0.00000,0.00000,0.00000,0.00000
Rwanda,PV,Q1,d2,0.00000,0.00000,0.00000,0.00000,0.00010,0.07460,0.28580,0.51230,0.65570,0.61200,0.58000,0.58110,0.48340,0.47860,0.33730,0.17460,0.02880,0.00000,0.00000,0.00000,0.00000,0.00000,0.00000,0.00000
Angola,Wind,Q1,d2,0.54440,0.54340,0.56320,0.58750,0.59470,0.58500,0.52010,0.27560,0.31160,0.41520,0.24450,0.19090,0.17260,0.17370,0.18450,0.21480,0.26140,0.40710,0.54210,0.61270,0.65650,0.66550,0.71480,0.70650
Cameroon,Wind,Q1,d2,0.30220,0.31680,0.34160,0.36620,0.36770,0.35110,0.25430,0.20630,0.21020,0.15070,0.09390,0.09450,0.09020,0.08270,0.06750,0.07910,0.10430,0.11580,0.17310,0.16530,0.13540,0.14690,0.15760,0.16430
CentralAfricanRepublic,Wind,Q1,d2,0.10440,0.16200,0.14370,0.10620,0.13340,0.18820,0.08760,0.05470,0.03490,0.02230,0.00770,0.01610,0.02140,0.00400,0.00140,0.00020,0.04800,0.15770,0.03860,0.12240,0.04350,0.11890,0.03990,0.01140
Chad,Wind,Q1,d2,0.72050,0.74730,0.76020,0.77070,0.77540,0.77610,0.75140,0.67340,0.64540,0.60710,0.52110,0.46570,0.39490,0.33140,0.30540,0.26300,0.22130,0.18600,0.19590,0.24290,0.27700,0.32930,0.35450,0.38910
Congo,Wind,Q1,d2,0.53100,0.52600,0.62400,0.68400,0.68100,0.51000,0.36600,0.18600,0.09400,0.09000,0.10300,0.18000,0.09700,0.03100,0.04600,0.22400,0.81500,0.96300,0.99500,0.98400,0.97000,0.87200,0.82200,0.75900
DemocraticRepublicoftheCongo,Wind,Q1,d2,0.25100,0.28430,0.27390,0.26680,0.28600,0.27750,0.25880,0.21710,0.20180,0.30620,0.22740,0.11270,0.09360,0.14330,0.22580,0.28350,0.41750,0.46490,0.46830,0.50410,0.48980,0.52130,0.41930,0.35620
Angola,PV,Q1,d3,0.00000,0.00000,0.00000,0.00000,0.00000,0.00000,0.03220,0.21100,0.42000,0.58270,0.67260,0.71820,0.70220,0.62250,0.50360,0.36350,0.17760,0.02350,0.00000,0.00000,0.00000,0.00000,0.00000,0.00000
Burundi,PV,Q1,d3,0.00000,0.00000,0.00000,0.00000,0.00000,0.04200,0.15730,0.25670,0.38240,0.52610,0.67180,0.67790,0.60880,0.45400,0.33990,0.15420,0.04220,0.00000,0.00000,0.00000,0.00000,0.00000,0.00000,0.00000
Cameroon,PV,Q1,d3,0.00000,0.00000,0.00000,0.00000,0.00000,0.00080,0.04180,0.19910,0.37690,0.51850,0.56290,0.63720,0.62380,0.54990,0.36070,0.25660,0.16400,0.03690,0.00080,0.00000,0.00000,0.00000,0.00000,0.00000
CentralAfricanRepublic,PV,Q1,d3,0.00000,0.00000,0.00000,0.00000,0.00000,0.00020,0.10660,0.29090,0.48090,0.62750,0.71050,0.73760,0.68550,0.60060,0.44770,0.31040,0.14470,0.01710,0.00000,0.00000,0.00000,0.00000,0.00000,0.00000
Chad,PV,Q1,d3,0.00000,0.00000,0.00000,0.00000,0.00000,0.00030,0.09410,0.28880,0.44910,0.61740,0.70480,0.74050,0.65770,0.58980,0.47710,0.31280,0.16750,0.02640,0.00000,0.00000,0.00000,0.00000,0.00000,0.00000
Congo,PV,Q1,d3,0.00000,0.00000,0.00000,0.00000,0.00000,0.04800,0.25840,0.45860,0.59970,0.68810,0.69700,0.63170,0.57320,0.47200,0.32370,0.13490,0.01580,0.00000,0.00000,0.00000,0.00000,0.00000,0.00000,0.00000
DemocraticRepublicoftheCongo,PV,Q1,d3,0.00000,0.00000,0.00000,0.00000,0.01200,0.10660,0.29400,0.48440,0.61090,0.69390,0.68920,0.64060,0.52630,0.39780,0.23280,0.06220,0.00130,0.00000,0.00000,0.00000,0.00000,0.00000,0.00000,0.00000
EquatorialGuinea,PV,Q1,d3,0.00000,0.00000,0.00000,0.00000,0.00000,0.00000,0.03810,0.11460,0.19240,0.44000,0.42980,0.47400,0.61520,0.48690,0.39110,0.28570,0.18000,0.08370,0.02140,0.00000,0.00000,0.00000,0.00000,0.00000
Gabon,PV,Q1,d3,0.00000,0.00000,0.00000,0.00000,0.00000,0.00000,0.03790,0.20120,0.38060,0.46340,0.55760,0.50110,0.54140,0.50440,0.45220,0.31400,0.14240,0.03550,0.00330,0.00000,0.00000,0.00000,0.00000,0.00000
Rwanda,PV,Q1,d3,0.00000,0.00000,0.00000,0.00000,0.00010,0.05330,0.20640,0.29790,0.41240,0.52580,0.65370,0.54410,0.57960,0.41070,0.26320,0.14740,0.01760,0.00000,0.00000,0.00000,0.00000,0.00000,0.00000,0.00000
Angola,Wind,Q1,d3,0.44380,0.42650,0.43610,0.45650,0.48110,0.50720,0.48810,0.31970,0.36340,0.43010,0.32280,0.20080,0.11420,0.05070,0.03190,0.03390,0.04480,0.06430,0.11730,0.18810,0.23920,0.26690,0.39330,0.36030
Cameroon,Wind,Q1,d3,0.37720,0.37620,0.48750,0.60220,0.70200,0.75420,0.70350,0.72680,0.81740,0.83800,0.62920,0.55330,0.55240,0.52360,0.70040,0.77690,0.67220,0.62590,0.62670,0.60690,0.65930,0.74870,0.79050,0.82550
CentralAfricanRepublic,Wind,Q1,d3,0.74810,0.73320,0.68520,0.56930,0.45450,0.28890,0.12090,0.09390,0.10270,0.08300,0.00370,0.00270,0.05260,0.08540,0.08310,0.11310,0.19880,0.45940,0.54110,0.54750,0.62660,0.86440,0.85910,0.81650
Chad,Wind,Q1,d3,0.31440,0.33490,0.38940,0.44880,0.55010,0.64660,0.69860,0.66890,0.65430,0.66370,0.66300,0.60360,0.51950,0.42460,0.37430,0.34750,0.35630,0.37970,0.47580,0.52740,0.59680,0.63210,0.68720,0.72130
Congo,Wind,Q1,d3,0.00400,0.05500,0.32200,0.41200,0.30500,0.29000,0.22100,0.08500,0.00500,0.00000,0.00000,0.00000,0.00000,0.00400,0.00000,0.02600,0.16700,0.44900,0.96200,0.91400,0.71500,0.09200,0.11900,0.10300
DemocraticRepublicoftheCongo,Wind,Q1,d3,0.47230,0.55370,0.61700,0.64670,0.63860,0.46150,0.57550,0.57050,0.51020,0.44380,0.29890,0.21670,0.19180,0.21790,0.24790,0.34090,0.39080,0.44300,0.43480,0.42280,0.42540,0.41280,0.46570,0.48730
Angola,PV,Q1,d4,0.00000,0.00000,0.00000,0.00000,0.00000,0.00000,0.01460,0.15300,0.34600,0.51070,0.62750,0.68660,0.68970,0.63910,0.53280,0.37510,0.17940,0.02130,0.00000,0.00000,0.00000,0.00000,0.00000,0.00000
Burundi,PV,Q1,d4,0.00000,0.00000,0.00000,0.00000,0.00000,0.04160,0.17980,0.33120,0.54660,0.55820,0.54680,0.51180,0.45840,0.42400,0.31850,0.17380,0.04260,0.00010,0.00000,0.00000,0.00000,0.00000,0.00000,0.00000
Cameroon,PV,Q1,d4,0.00000,0.00000,0.00000,0.00000,0.00000,0.00070,0.02020,0.18270,0.33930,0.47300,0.49500,0.52600,0.54770,0.46120,0.40130,0.27040,0.17730,0.05630,0.00130,0.00000,0.00000,0.00000,0.00000,0.00000
CentralAfricanRepublic,PV,Q1,d4,0.00000,0.00000,0.00000,0.00000,0.00000,0.00000,0.06220,0.23700,0.41880,0.54710,0.65320,0.64580,0.57100,0.53370,0.43590,0.31860,0.15260,0.02400,0.00000,0.00000,0.00000,0.00000,0.00000,0.00000
Chad,PV,Q1,d4,0.00000,0.00000,0.00000,0.00000,0.00000,0.00010,0.07880,0.26710,0.44900,0.59470,0.67890,0.72600,0.72290,0.67440,0.54720,0.43680,0.25150,0.06250,0.00010,0.00000,0.00000,0.00000,0.00000,0.00000
Congo,PV,Q1,d4,0.00000,0.00000,0.00000,0.00000,0.00000,0.02070,0.16170,0.29500,0.49170,0.58610,0.65890,0.63400,0.59570,0.48670,0.33140,0.13780,0.01670,0.00000,0.00000,0.00000,0.00000,0.00000,0.00000,0.00000
DemocraticRepublicoftheCongo,PV,Q1,d4,0.00000,0.00000,0.00000,0.00000,0.00600,0.07180,0.22920,0.40590,0.55630,0.62700,0.61880,0.58380,0.49140,0.37860,0.22680,0.07730,0.00160,0.00000,0.00000,0.00000,0.00000,0.00000,0.00000,0.00000
EquatorialGuinea,PV,Q1,d4,0.00000,0.00000,0.00000,0.00000,0.00000,0.00000,0.03430,0.16080,0.22470,0.45530,0.49420,0.37750,0.41630,0.45480,0.40350,0.36270,0.22840,0.09200,0.02200,0.00000,0.00000,0.00000,0.00000,0.00000
Gabon,PV,Q1,d4,0.00000,0.00000,0.00000,0.00000,0.00000,0.00000,0.01490,0.12980,0.21970,0.43190,0.52680,0.55700,0.52730,0.54160,0.46210,0.33460,0.20000,0.05130,0.00380,0.00000,0.00000,0.00000,0.00000,0.00000
Rwanda,PV,Q1,d4,0.00000,0.00000,0.00000,0.00000,0.00000,0.04190,0.22210,0.43890,0.57740,0.63700,0.57480,0.53120,0.50550,0.47070,0.28140,0.13520,0.02760,0.00000,0.00000,0.00000,0.00000,0.00000,0.00000,0.00000
Angola,Wind,Q1,d4,0.55550,0.59370,0.60710,0.60880,0.60520,0.59690,0.57760,0.47220,0.39690,0.45900,0.48530,0.39060,0.27090,0.22120,0.20900,0.20900,0.24730,0.34100,0.43480,0.49150,0.51950,0.52410,0.54590,0.55030
Cameroon,Wind,Q1,d4,0.11970,0.12880,0.13070,0.11860,0.10980,0.10270,0.06430,0.04750,0.07640,0.08430,0.04640,0.06970,0.12450,0.23470,0.20860,0.14740,0.17160,0.25210,0.32970,0.26340,0.22570,0.21870,0.21400,0.25950
CentralAfricanRepublic,Wind,Q1,d4,0.34890,0.32050,0.22110,0.14990,0.12180,0.09860,0.06450,0.08180,0.05100,0.04260,0.04630,0.04660,0.03240,0.01300,0.01620,0.02240,0.01740,0.01070,0.00840,0.00680,0.00430,0.00240,0.00070,0.00740
Chad,Wind,Q1,d4,0.63250,0.63500,0.60350,0.55040,0.48420,0.38210,0.24570,0.24030,0.25280,0.22380,0.17310,0.13240,0.09120,0.07700,0.09430,0.10690,0.12450,0.13980,0.17390,0.22740,0.28110,0.34640,0.30520,0.36750
Congo,Wind,Q1,d4,0.11700,0.24700,0.29100,0.27500,0.20700,0.12300,0.04900,0.00100,0.00000,0.00000,0.00000,0.00000,0.00000,0.00000,0.00400,0.03800,0.04800,0.07100,0.05700,0.08800,0.14000,0.10100,0.21300,0.38500
DemocraticRepublicoftheCongo,Wind,Q1,d4,0.79510,0.86060,0.87800,0.85240,0.82210,0.74440,0.77590,0.77690,0.71150,0.47120,0.22740,0.12740,0.12240,0.15290,0.19110,0.28570,0.42070,0.48080,0.52900,0.51710,0.55260,0.59000,0.63340,0.68480
Angola,PV,Q1,d5,0.00000,0.00000,0.00000,0.00000,0.00000,0.00000,0.04100,0.24260,0.45850,0.62590,0.73400,0.78430,0.78330,0.72690,0.61640,0.45620,0.24860,0.04970,0.00000,0.00000,0.00000,0.00000,0.00000,0.00000
Burundi,PV,Q1,d5,0.00000,0.00000,0.00000,0.00000,0.00000,0.05750,0.21290,0.30900,0.39270,0.51860,0.54250,0.49940,0.42770,0.40460,0.22720,0.15740,0.04570,0.00880,0.00000,0.00000,0.00000,0.00000,0.00000,0.00000
Cameroon,PV,Q1,d5,0.00000,0.00000,0.00000,0.00000,0.00000,0.00000,0.02850,0.21600,0.42110,0.57790,0.60670,0.67880,0.68550,0.62470,0.55280,0.38040,0.17440,0.03610,0.00080,0.00000,0.00000,0.00000,0.00000,0.00000
CentralAfricanRepublic,PV,Q1,d5,0.00000,0.00000,0.00000,0.00000,0.00000,0.00000,0.08030,0.29000,0.50310,0.65160,0.64270,0.70170,0.72050,0.66010,0.55200,0.41080,0.20060,0.02450,0.00000,0.00000,0.00000,0.00000,0.00000,0.00000
Chad,PV,Q1,d5,0.00000,0.00000,0.00000,0.00000,0.00000,0.00000,0.05030,0.27190,0.47560,0.63520,0.68300,0.69360,0.67170,0.60140,0.53510,0.38560,0.19720,0.02520,0.00000,0.00000,0.00000,0.00000,0.00000,0.00000
Congo,PV,Q1,d5,0.00000,0.00000,0.00000,0.00000,0.00000,0.02860,0.14040,0.25280,0.28600,0.37050,0.55830,0.58720,0.54760,0.43940,0.34270,0.13570,0.01610,0.00000,0.00000,0.00000,0.00000,0.00000,0.00000,0.00000
DemocraticRepublicoftheCongo,PV,Q1,d5,0.00000,0.00000,0.00000,0.00000,0.01050,0.11580,0.30520,0.46140,0.56760,0.59980,0.62010,0.57740,0.49030,0.37530,0.24340,0.08410,0.00250,0.00000,0.00000,0.00000,0.00000,0.00000,0.00000,0.00000
EquatorialGuinea,PV,Q1,d5,0.00000,0.00000,0.00000,0.00000,0.00000,0.00000,0.03190,0.15570,0.30050,0.39650,0.51180,0.59250,0.47700,0.64800,0.55420,0.37190,0.21680,0.06720,0.02230,0.00000,0.00000,0.00000,0.00000,0.00000
Gabon,PV,Q1,d5,0.00000,0.00000,0.00000,0.00000,0.00000,0.00000,0.01020,0.06700,0.18940,0.32250,0.42340,0.55580,0.55140,0.58560,0.50700,0.39240,0.21120,0.05480,0.00370,0.00000,0.00000,0.00000,0.00000,0.00000
Rwanda,PV,Q1,d5,0.00000,0.00000,0.00000,0.00000,0.00000,0.02910,0.19760,0.34570,0.33230,0.41660,0.36430,0.38660,0.26710,0.22890,0.13850,0.07790,0.00950,0.00000,0.00000,0.00000,0.00000,0.00000,0.00000,0.00000
Angola,Wind,Q1,d5,0.77630,0.77490,0.76460,0.75100,0.74380,0.73390,0.69640,0.56440,0.61330,0.64430,0.63310,0.58620,0.45040,0.34070,0.28400,0.25720,0.28440,0.40220,0.54460,0.61530,0.65250,0.65540,0.66010,0.64810
Cameroon,Wind,Q1,d5,0.14660,0.14610,0.16110,0.16220,0.18020,0.20000,0.21350,0.13990,0.15490,0.11090,0.07620,0.04680,0.06930,0.08460,0.08600,0.08380,0.08240,0.08150,0.11250,0.17710,0.12640,0.12330,0.12090,0.09710
CentralAfricanRepublic,Wind,Q1,d5,0.04770,0.07290,0.10220,0.12640,0.13540,0.14660,0.05750,0.03160,0.05170,0.03890,0.03980,0.02600,0.00460,0.00230,0.00130,0.00330,0.00100,0.01400,0.01780,0.02610,0.02620,0.07260,0.19640,0.08380
Chad,Wind,Q1,d5,0.63210,0.63050,0.59610,0.53940,0.48120,0.44620,0.37270,0.35970,0.39470,0.37940,0.37630,0.26410,0.15350,0.11590,0.10090,0.08730,0.11530,0.18420,0.22850,0.27250,0.28710,0.27010,0.26020,0.27090
Congo,Wind,Q1,d5,0.99700,0.98700,0.90600,0.91100,0.83100,0.74000,0.70700,0.95100,0.71000,0.85000,0.56800,0.58800,0.54400,0.51300,0.54300,0.64500,0.80800,0.86400,0.86500,0.83100,0.83300,0.82700,0.89700,0.89200
DemocraticRepublicoftheCongo,Wind,Q1,d5,0.99900,0.99540,0.98040,0.97690,0.96790,0.96640,0.97460,0.99730,0.99080,0.98430,0.93880,0.79600,0.68040,0.68410,0.77520,0.82210,0.81640,0.77240,0.82140,0.93530,0.93930,0.95190,0.96720,0.97630
Angola,PV,Q2,d1,0.00000,0.00000,0.00000,0.00000,0.00000,0.00000,0.02000,0.10310,0.21140,0.36480,0.40530,0.53210,0.57210,0.53770,0.42860,0.28170,0.16300,0.03540,0.00020,0.00000,0.00000,0.00000,0.00000,0.00000
Burundi,PV,Q2,d1,0.00000,0.00000,0.00000,0.00000,0.00000,0.04400,0.16390,0.22300,0.27850,0.40510,0.46390,0.54360,0.51890,0.43990,0.32410,0.19090,0.04850,0.00940,0.00000,0.00000,0.00000,0.00000,0.00000,0.00000
Cameroon,PV,Q2,d1,0.00000,0.00000,0.00000,0.00000,0.00000,0.00000,0.02950,0.23400,0.45620,0.61480,0.71400,0.74770,0.69160,0.67130,0.51750,0.37690,0.21210,0.05010,0.00070,0.00000,0.00000,0.00000,0.00000,0.00000
CentralAfricanRepublic,PV,Q2,d1,0.00000,0.00000,0.00000,0.00000,0.00000,0.00000,0.02790,0.15960,0.32340,0.50200,0.61670,0.70570,0.68070,0.65280,0.53040,0.37820,0.17290,0.02350,0.00000,0.00000,0.00000,0.00000,0.00000,0.00000
Chad,PV,Q2,d1,0.00000,0.00000,0.00000,0.00000,0.00000,0.00000,0.05720,0.25960,0.46530,0.63650,0.72630,0.77140,0.74430,0.66800,0.56830,0.39740,0.20610,0.03590,0.00000,0.00000,0.00000,0.00000,0.00000,0.00000
Congo,PV,Q2,d1,0.00000,0.00000,0.00000,0.00000,0.00000,0.04770,0.16690,0.32350,0.43650,0.55620,0.57700,0.64020,0.49810,0.43560,0.24200,0.11900,0.01700,0.00000,0.00000,0.00000,0.00000,0.00000,0.00000,0.00000
DemocraticRepublicoftheCongo,PV,Q2,d1,0.00000,0.00000,0.00000,0.00000,0.01020,0.12680,0.32030,0.50780,0.64830,0.72680,0.72620,0.68770,0.59710,0.45990,0.28110,0.10220,0.00410,0.00000,0.00000,0.00000,0.00000,0.00000,0.00000,0.00000
EquatorialGuinea,PV,Q2,d1,0.00000,0.00000,0.00000,0.00000,0.00000,0.00000,0.03360,0.13770,0.32530,0.44150,0.58140,0.63300,0.57670,0.51580,0.38580,0.19930,0.13390,0.06100,0.02160,0.00000,0.00000,0.00000,0.00000,0.00000
Gabon,PV,Q2,d1,0.00000,0.00000,0.00000,0.00000,0.00000,0.00000,0.03520,0.17500,0.34320,0.45670,0.57800,0.66710,0.61980,0.48600,0.37920,0.26120,0.14390,0.04100,0.00360,0.00000,0.00000,0.00000,0.00000,0.00000
Rwanda,PV,Q2,d1,0.00000,0.00000,0.00000,0.00000,0.00000,0.02710,0.19040,0.21820,0.33430,0.37880,0.49280,0.52770,0.50310,0.39690,0.43210,0.26190,0.04950,0.00000,0.00000,0.00000,0.00000,0.00000,0.00000,0.00000
Angola,Wind,Q2,d1,0.22080,0.22640,0.23300,0.26530,0.31040,0.37170,0.38110,0.39170,0.36340,0.31080,0.29900,0.25640,0.25890,0.17310,0.09280,0.08990,0.10800,0.14870,0.20980,0.21560,0.23730,0.29100,0.25390,0.26970
Cameroon,Wind,Q2,d1,0.31190,0.37010,0.40560,0.43870,0.39540,0.38670,0.37690,0.25330,0.27630,0.23170,0.18260,0.17140,0.17260,0.16450,0.13890,0.14210,0.20000,0.34390,0.67370,0.85830,0.90410,0.91120,0.75060,0.68840
CentralAfricanRepublic,Wind,Q2,d1,0.86970,0.75730,0.64960,0.51130,0.51080,0.53810,0.48710,0.44000,0.41770,0.29900,0.09540,0.04080,0.02950,0.01790,0.00720,0.00220,0.02220,0.05640,0.21410,0.43350,0.57920,0.59030,0.46900,0.43400
Chad,Wind,Q2,d1,0.99560,0.99600,0.99630,0.99620,0.99640,0.99520,0.99240,0.97450,0.98110,0.98890,0.99330,0.98560,0.97110,0.95510,0.94780,0.94890,0.95480,0.93030,0.93000,0.94460,0.96030,0.96670,0.97270,0.97070
Congo,Wind,Q2,d1,0.23200,0.23800,0.28600,0.25500,0.10300,0.02100,0.00500,0.00000,0.00000,0.00000,0.00000,0.00000,0.00000,0.00200,0.00500,0.00300,0.00500,0.03600,0.19900,0.55600,0.69900,0.72100,0.93000,0.91800
DemocraticRepublicoftheCongo,Wind,Q2,d1,0.35410,0.26230,0.22830,0.22020,0.17090,0.10700,0.11850,0.14560,0.13780,0.10950,0.15130,0.14110,0.12660,0.10580,0.03700,0.05790,0.13910,0.32130,0.49830,0.49110,0.56340,0.48120,0.46560,0.41390
Angola,PV,Q2,d2,0.00000,0.00000,0.00000,0.00000,0.00000,0.00060,0.07230,0.27610,0.50690,0.67250,0.78760,0.83610,0.84090,0.79090,0.67360,0.52370,0.34560,0.16750,0.01700,0.00000,0.00000,0.00000,0.00000,0.00000
Burundi,PV,Q2,d2,0.00000,0.00000,0.00000,0.00000,0.00000,0.04380,0.18660,0.32010,0.46740,0.58760,0.53370,0.59460,0.48670,0.41380,0.39520,0.26500,0.09010,0.01520,0.00000,0.00000,0.00000,0.00000,0.00000,0.00000
Cameroon,PV,Q2,d2,0.00000,0.00000,0.00000,0.00000,0.00000,0.00000,0.00350,0.15060,0.37100,0.55550,0.66910,0.74100,0.75070,0.69740,0.62380,0.46620,0.27160,0.06690,0.00080,0.00000,0.00000,0.00000,0.00000,0.00000
CentralAfricanRepublic,PV,Q2,d2,0.00000,0.00000,0.00000,0.00000,0.00000,0.00000,0.01840,0.18810,0.39660,0.58370,0.69240,0.73920,0.72910,0.64510,0.52680,0.35530,0.17840,0.02570,0.00000,0.00000,0.00000,0.00000,0.00000,0.00000
Chad,PV,Q2,d2,0.00000,0.00000,0.00000,0.00000,0.00000,0.00000,0.00880,0.17920,0.39580,0.56880,0.67370,0.73320,0.73750,0.68660,0.57960,0.41980,0.22640,0.03460,0.00000,0.00000,0.00000,0.00000,0.00000,0.00000
Congo,PV,Q2,d2,0.00000,0.00000,0.00000,0.00000,0.00000,0.01640,0.10930,0.32170,0.46570,0.51830,0.59650,0.57520,0.57490,0.55980,0.35730,0.24080,0.06230,0.00040,0.00000,0.00000,0.00000,0.00000,0.00000,0.00000
DemocraticRepublicoftheCongo,PV,Q2,d2,0.00000,0.00000,0.00000,0.00000,0.00570,0.08410,0.28840,0.46250,0.57490,0.62930,0.68060,0.67320,0.58620,0.50320,0.30430,0.13610,0.01870,0.00000,0.00000,0.00000,0.00000,0.00000,0.00000,0.00000
EquatorialGuinea,PV,Q2,d2,0.00000,0.00000,0.00000,0.00000,0.00000,0.00000,0.02490,0.10020,0.28950,0.40510,0.42970,0.68460,0.72720,0.64710,0.55000,0.32150,0.28850,0.08600,0.02700,0.00000,0.00000,0.00000,0.00000,0.00000
Gabon,PV,Q2,d2,0.00000,0.00000,0.00000,0.00000,0.00000,0.00000,0.01070,0.08260,0.24050,0.37860,0.46190,0.58960,0.56230,0.48770,0.51630,0.34830,0.25570,0.09270,0.00570,0.00000,0.00000,0.00000,0.00000,0.00000
Rwanda,PV,Q2,d2,0.00000,0.00000,0.00000,0.00000,0.00000,0.01850,0.18030,0.42240,0.60500,0.50460,0.55750,0.54840,0.54700,0.45990,0.32390,0.18380,0.05160,0.00020,0.00000,0.00000,0.00000,0.00000,0.00000,0.00000
Angola,Wind,Q2,d2,0.08710,0.10460,0.11410,0.13480,0.16680,0.15960,0.12190,0.06270,0.12810,0.09140,0.03710,0.02720,0.03240,0.03470,0.03110,0.02820,0.03430,0.04100,0.06220,0.08140,0.09970,0.09080,0.12790,0.13230
Cameroon,Wind,Q2,d2,0.71050,0.78990,0.84470,0.87210,0.88460,0.85490,0.79630,0.59720,0.32050,0.28970,0.31730,0.22300,0.13930,0.09100,0.06410,0.06500,0.13010,0.27300,0.41970,0.46100,0.44570,0.45100,0.43690,0.49680
CentralAfricanRepublic,Wind,Q2,d2,0.16970,0.20940,0.22000,0.58260,0.83580,0.78920,0.36670,0.35140,0.30370,0.19250,0.09160,0.05860,0.03820,0.02240,0.00540,0.00350,0.00940,0.03680,0.10120,0.15450,0.20580,0.22150,0.23950,0.17870
Chad,Wind,Q2,d2,0.32500,0.44970,0.55510,0.62630,0.65440,0.65280,0.66030,0.68510,0.64160,0.59480,0.56550,0.47980,0.33040,0.20000,0.13730,0.10030,0.09230,0.11420,0.13230,0.14410,0.15400,0.17160,0.18940,0.24350
Congo,Wind,Q2,d2,0.58300,0.72900,0.75300,0.52600,0.31600,0.15600,0.26700,0.22800,0.17000,0.03800,0.03300,0.07300,0.09600,0.06000,0.01400,0.04200,0.33600,0.93200,0.79000,0.83100,0.77800,0.83500,0.85800,0.80500
DemocraticRepublicoftheCongo,Wind,Q2,d2,0.36660,0.36360,0.39330,0.40240,0.34260,0.28640,0.35840,0.50470,0.54460,0.56080,0.65730,0.65530,0.55840,0.54390,0.38780,0.25360,0.23140,0.22450,0.21410,0.28420,0.28300,0.18950,0.15380,0.13960
Angola,PV,Q2,d3,0.00000,0.00000,0.00000,0.00000,0.00000,0.01440,0.15670,0.37380,0.57070,0.72420,0.81140,0.81750,0.80690,0.74240,0.64360,0.48490,0.30500,0.11330,0.00920,0.00000,0.00000,0.00000,0.00000,0.00000
Burundi,PV,Q2,d3,0.00000,0.00000,0.00000,0.00000,0.01420,0.09190,0.27260,0.51640,0.54070,0.62620,0.57000,0.58130,0.58110,0.47330,0.30760,0.18690,0.05150,0.01220,0.00000,0.00000,0.00000,0.00000,0.00000,0.00000
Cameroon,PV,Q2,d3,0.00000,0.00000,0.00000,0.00000,0.00000,0.00000,0.01200,0.19330,0.40140,0.56650,0.66980,0.72120,0.71960,0.66420,0.55400,0.39190,0.18650,0.01280,0.00000,0.00000,0.00000,0.00000,0.00000,0.00000
CentralAfricanRepublic,PV,Q2,d3,0.00000,0.00000,0.00000,0.00000,0.00000,0.00000,0.05460,0.26330,0.46090,0.60810,0.69740,0.73030,0.70680,0.61880,0.50540,0.34830,0.15130,0.00570,0.00000,0.00000,0.00000,0.00000,0.00000,0.00000
Chad,PV,Q2,d3,0.00000,0.00000,0.00000,0.00000,0.00000,0.00000,0.02490,0.21860,0.42140,0.57540,0.66790,0.70700,0.69360,0.62970,0.51230,0.34330,0.13930,0.00180,0.00000,0.00000,0.00000,0.00000,0.00000,0.00000
Congo,PV,Q2,d3,0.00000,0.00000,0.00000,0.00000,0.00030,0.04620,0.23200,0.44190,0.54330,0.63860,0.62160,0.57970,0.44320,0.42140,0.26990,0.13210,0.01730,0.00000,0.00000,0.00000,0.00000,0.00000,0.00000,0.00000
DemocraticRepublicoftheCongo,PV,Q2,d3,0.00000,0.00000,0.00000,0.00110,0.01980,0.11580,0.22580,0.36860,0.44000,0.52740,0.52290,0.50460,0.41760,0.33560,0.20760,0.08150,0.00540,0.00000,0.00000,0.00000,0.00000,0.00000,0.00000,0.00000
EquatorialGuinea,PV,Q2,d3,0.00000,0.00000,0.00000,0.00000,0.00000,0.00000,0.03210,0.11540,0.28130,0.47080,0.64950,0.59890,0.68360,0.49390,0.46720,0.33730,0.18630,0.08790,0.01990,0.00000,0.00000,0.00000,0.00000,0.00000
Gabon,PV,Q2,d3,0.00000,0.00000,0.00000,0.00000,0.00000,0.00000,0.01620,0.14370,0.25750,0.40240,0.54460,0.59320,0.58350,0.52150,0.50840,0.34420,0.16100,0.03970,0.00320,0.00000,0.00000,0.00000,0.00000,0.00000
Rwanda,PV,Q2,d3,0.00000,0.00000,0.00000,0.00000,0.00010,0.05000,0.20800,0.48860,0.66860,0.75570,0.61190,0.65600,0.53520,0.43180,0.21520,0.12660,0.02270,0.00000,0.00000,0.00000,0.00000,0.00000,0.00000,0.00000
Angola,Wind,Q2,d3,0.67580,0.60490,0.52780,0.46220,0.41580,0.36470,0.22890,0.22320,0.28020,0.53240,0.64980,0.65930,0.63320,0.64780,0.63110,0.63360,0.61580,0.58060,0.58870,0.68050,0.70120,0.70540,0.73920,0.68950
Cameroon,Wind,Q2,d3,0.88010,0.86170,0.85710,0.81490,0.79120,0.79620,0.79480,0.61800,0.50050,0.56970,0.65410,0.62950,0.60710,0.57670,0.56660,0.61110,0.62980,0.81750,0.92240,0.96360,0.97020,0.98070,0.97930,0.98310
CentralAfricanRepublic,Wind,Q2,d3,0.87710,0.90200,0.93420,0.95050,0.95160,0.95370,0.92210,0.68820,0.65520,0.68390,0.58530,0.41570,0.32940,0.26900,0.21910,0.20510,0.24610,0.42410,0.55420,0.67130,0.73470,0.77990,0.82200,0.85020
Chad,Wind,Q2,d3,0.64240,0.70720,0.73470,0.74620,0.75270,0.77040,0.78640,0.76600,0.68030,0.71910,0.76330,0.79040,0.80700,0.82050,0.83500,0.85460,0.85950,0.89230,0.91280,0.94630,0.96150,0.97580,0.97700,0.98600
Congo,Wind,Q2,d3,0.23300,0.16900,0.08900,0.04300,0.03700,0.00500,0.02800,0.00600,0.00100,0.00100,0.00500,0.03200,0.04900,0.16700,0.09400,0.05800,0.07800,0.18300,0.57500,0.86600,0.92100,0.30400,0.60500,0.51800
DemocraticRepublicoftheCongo,Wind,Q2,d3,0.04980,0.04000,0.05220,0.11940,0.18460,0.17250,0.12480,0.16580,0.09340,0.03700,0.06420,0.15800,0.13770,0.02670,0.03070,0.04800,0.09140,0.10170,0.15120,0.16810,0.16440,0.18700,0.16450,0.11500
Angola,PV,Q2,d4,0.00000,0.00000,0.00000,0.00000,0.00000,0.00030,0.05100,0.21910,0.40950,0.58250,0.69250,0.75860,0.75750,0.71840,0.59420,0.47700,0.28790,0.10500,0.00960,0.00000,0.00000,0.00000,0.00000,0.00000
Burundi,PV,Q2,d4,0.00000,0.00000,0.00000,0.00000,0.00000,0.05890,0.27650,0.49080,0.67840,0.74680,0.63460,0.59670,0.56730,0.44680,0.35200,0.19700,0.07860,0.01500,0.00000,0.00000,0.00000,0.00000,0.00000,0.00000
Cameroon,PV,Q2,d4,0.00000,0.00000,0.00000,0.00000,0.00000,0.00000,0.00400,0.15550,0.37820,0.56340,0.68650,0.75660,0.77010,0.73300,0.63850,0.49010,0.28880,0.07460,0.00100,0.00000,0.00000,0.00000,0.00000,0.00000
CentralAfricanRepublic,PV,Q2,d4,0.00000,0.00000,0.00000,0.00000,0.00000,0.00000,0.02290,0.20270,0.42250,0.59200,0.70160,0.74440,0.70570,0.64940,0.53980,0.34840,0.16860,0.02670,0.00000,0.00000,0.00000,0.00000,0.00000,0.00000
Chad,PV,Q2,d4,0.00000,0.00000,0.00000,0.00000,0.00000,0.00000,0.01050,0.18350,0.40120,0.57740,0.68410,0.74410,0.75100,0.70330,0.60010,0.44380,0.23900,0.04050,0.00000,0.00000,0.00000,0.00000,0.00000,0.00000
Congo,PV,Q2,d4,0.00000,0.00000,0.00000,0.00000,0.00000,0.01700,0.11210,0.20210,0.31070,0.48430,0.56760,0.59230,0.55460,0.45980,0.26890,0.13450,0.04120,0.00030,0.00000,0.00000,0.00000,0.00000,0.00000,0.00000
DemocraticRepublicoftheCongo,PV,Q2,d4,0.00000,0.00000,0.00000,0.00000,0.00700,0.08320,0.19110,0.33700,0.42850,0.48440,0.54660,0.51180,0.48300,0.41180,0.26560,0.11810,0.01300,0.00000,0.00000,0.00000,0.00000,0.00000,0.00000,0.00000
EquatorialGuinea,PV,Q2,d4,0.00000,0.00000,0.00000,0.00000,0.00000,0.00000,0.02350,0.09240,0.19110,0.35190,0.51550,0.55790,0.64190,0.61580,0.57640,0.28320,0.20670,0.10590,0.02570,0.00000,0.00000,0.00000,0.00000,0.00000
Gabon,PV,Q2,d4,0.00000,0.00000,0.00000,0.00000,0.00000,0.00000,0.01070,0.10550,0.23090,0.39440,0.53400,0.61720,0.65470,0.59800,0.52380,0.38010,0.17120,0.05740,0.00480,0.00000,0.00000,0.00000,0.00000,0.00000
Rwanda,PV,Q2,d4,0.00000,0.00000,0.00000,0.00000,0.00000,0.03350,0.24560,0.42430,0.62230,0.52910,0.49710,0.55300,0.46940,0.31720,0.33060,0.18320,0.05470,0.00020,0.00000,0.00000,0.00000,0.00000,0.00000,0.00000
Angola,Wind,Q2,d4,0.32760,0.31300,0.25460,0.22930,0.23230,0.21140,0.12590,0.04100,0.05040,0.04690,0.04100,0.04640,0.05970,0.06490,0.09660,0.12460,0.13700,0.13060,0.22350,0.25370,0.20400,0.30490,0.34620,0.36660
Cameroon,Wind,Q2,d4,0.92170,0.89150,0.86650,0.82690,0.75710,0.69610,0.66570,0.49850,0.43780,0.35710,0.35550,0.27000,0.21830,0.20640,0.22110,0.24660,0.33420,0.51730,0.74580,0.84440,0.92360,0.93140,0.89550,0.89140
CentralAfricanRepublic,Wind,Q2,d4,0.95740,0.96080,0.95770,0.94800,0.95020,0.91540,0.74270,0.75720,0.75550,0.62190,0.40000,0.31920,0.25520,0.23960,0.25320,0.24780,0.26230,0.35760,0.55700,0.73600,0.85500,0.92270,0.87040,0.87520
Chad,Wind,Q2,d4,0.88570,0.87910,0.88240,0.89560,0.89750,0.89650,0.88660,0.82210,0.64330,0.57140,0.47120,0.34460,0.27630,0.25180,0.22670,0.21540,0.22200,0.25820,0.30640,0.35880,0.38150,0.42240,0.46640,0.54040
Congo,Wind,Q2,d4,0.49500,0.33400,0.17500,0.02200,0.00000,0.00000,0.00000,0.00000,0.00000,0.01600,0.00000,0.00000,0.00000,0.00000,0.04100,0.19600,0.09600,0.10900,0.18600,0.22800,0.26300,0.34000,0.32000,0.16100
DemocraticRepublicoftheCongo,Wind,Q2,d4,0.14230,0.12230,0.09440,0.09100,0.14400,0.10860,0.06660,0.05090,0.04780,0.16540,0.15940,0.09960,0.06230,0.06730,0.08070,0.04740,0.03650,0.04490,0.02990,0.02350,0.03520,0.04190,0.06850,0.11990
Angola,PV,Q2,d5,0.00000,0.00000,0.00000,0.00000,0.00000,0.01810,0.17220,0.40460,0.59730,0.72930,0.76950,0.79530,0.76000,0.62610,0.51950,0.36040,0.21640,0.06990,0.00330,0.00000,0.00000,0.00000,0.00000,0.00000
Burundi,PV,Q2,d5,0.00000,0.00000,0.00000,0.00000,0.01710,0.11230,0.23720,0.28060,0.38930,0.44750,0.60520,0.55050,0.53570,0.41350,0.31710,0.14580,0.03170,0.00000,0.00000,0.00000,0.00000,0.00000,0.00000,0.00000
Cameroon,PV,Q2,d5,0.00000,0.00000,0.00000,0.00000,0.00000,0.00020,0.05010,0.26960,0.47460,0.62900,0.71870,0.75890,0.74500,0.67760,0.54370,0.35070,0.14970,0.00530,0.00000,0.00000,0.00000,0.00000,0.00000,0.00000
CentralAfricanRepublic,PV,Q2,d5,0.00000,0.00000,0.00000,0.00000,0.00000,0.00020,0.11100,0.32730,0.52320,0.66080,0.71990,0.71530,0.67670,0.57450,0.46710,0.31750,0.12420,0.00100,0.00000,0.00000,0.00000,0.00000,0.00000,0.00000
Chad,PV,Q2,d5,0.00000,0.00000,0.00000,0.00000,0.00000,0.00000,0.06980,0.29030,0.48600,0.62980,0.70860,0.73940,0.71750,0.64040,0.51530,0.33470,0.12410,0.00110,0.00000,0.00000,0.00000,0.00000,0.00000,0.00000
Congo,PV,Q2,d5,0.00000,0.00000,0.00000,0.00000,0.00110,0.12210,0.35580,0.55160,0.67530,0.68550,0.71730,0.70560,0.62570,0.52370,0.33460,0.16100,0.01270,0.00000,0.00000,0.00000,0.00000,0.00000,0.00000,0.00000
DemocraticRepublicoftheCongo,PV,Q2,d5,0.00000,0.00000,0.00000,0.00160,0.04930,0.21470,0.43230,0.56170,0.68280,0.71130,0.68530,0.64170,0.52580,0.39920,0.22050,0.07880,0.00210,0.00000,0.00000,0.00000,0.00000,0.00000,0.00000,0.00000
EquatorialGuinea,PV,Q2,d5,0.00000,0.00000,0.00000,0.00000,0.00000,0.00000,0.05760,0.18130,0.30630,0.46280,0.62810,0.66720,0.61400,0.56260,0.48730,0.31440,0.17370,0.05150,0.00000,0.00000,0.00000,0.00000,0.00000,0.00000
Gabon,PV,Q2,d5,0.00000,0.00000,0.00000,0.00000,0.00000,0.00090,0.08130,0.26390,0.42350,0.57510,0.60630,0.67320,0.65300,0.59110,0.51380,0.33400,0.15540,0.02690,0.00140,0.00000,0.00000,0.00000,0.00000,0.00000
Rwanda,PV,Q2,d5,0.00000,0.00000,0.00000,0.00000,0.00080,0.10960,0.34570,0.43130,0.56680,0.58300,0.66250,0.66560,0.54000,0.52260,0.32830,0.15620,0.01270,0.00000,0.00000,0.00000,0.00000,0.00000,0.00000,0.00000
Angola,Wind,Q2,d5,0.67070,0.64020,0.61860,0.59720,0.58240,0.55290,0.40210,0.48830,0.58250,0.54870,0.52130,0.54340,0.58830,0.62510,0.65330,0.65860,0.67340,0.62610,0.64470,0.67440,0.70650,0.72820,0.63030,0.63460
Cameroon,Wind,Q2,d5,0.57790,0.54720,0.52640,0.49570,0.46780,0.47570,0.43580,0.21950,0.20200,0.23120,0.27720,0.24860,0.15910,0.10200,0.08160,0.08730,0.13140,0.23610,0.39070,0.54410,0.62990,0.64800,0.70500,0.67370
CentralAfricanRepublic,Wind,Q2,d5,0.02530,0.04110,0.15240,0.34810,0.44370,0.48590,0.41930,0.31340,0.47010,0.50430,0.38520,0.25920,0.14470,0.08420,0.07530,0.08790,0.13880,0.27810,0.48310,0.63670,0.72330,0.73580,0.64030,0.57140
Chad,Wind,Q2,d5,0.81750,0.84900,0.86770,0.88130,0.88660,0.89650,0.89310,0.81720,0.71940,0.69690,0.64270,0.54560,0.43530,0.35280,0.29800,0.28170,0.29170,0.34900,0.41650,0.48830,0.56340,0.61950,0.73240,0.76750
Congo,Wind,Q2,d5,0.00000,0.21500,0.36200,0.21200,0.19100,0.05100,0.01000,0.00000,0.00000,0.01700,0.02200,0.01200,0.00500,0.00400,0.00400,0.01600,0.09800,0.43100,0.91600,0.88400,0.64900,0.30400,0.28200,0.06800
DemocraticRepublicoftheCongo,Wind,Q2,d5,0.20660,0.19540,0.30440,0.35060,0.29550,0.22740,0.43230,0.50700,0.51390,0.54900,0.38690,0.22530,0.13650,0.09120,0.08570,0.20770,0.38370,0.53980,0.57030,0.49870,0.39410,0.21910,0.12560,0.12600
