zext,q,d,y,t01,t02,t03,t04,t05,t06,t07,t08,t09,t10,t11,t12,t13,t14,t15,t16,t17,t18,t19,t20,t21,t22,t23,t24
Gambia,dry,1,2026,135.82595456506002,165.89999999999998,192.49999999999997,236.39999999999998,236.39999999999998,192.49999999999997,226.4705882352941,165.89999999999998,135.82595456506,135.82595456506,131.5,130.0,130.0,130.0,130.0,130.0,131.5,135.82595456506,135.82595456506002,130.0,130.0,130.0,130.0,135.82595456506
Gambia,dry,1,2028,100.99999999999999,113.5,113.5,113.5,118.8235294117647,113.22707688061999,113.5,113.22707688061999,100.99999999999999,100.99999999999999,100.99999999999999,100.99999999999999,100.99999999999999,100.99999999999999,100.99999999999999,100.99999999999999,100.99999999999999,100.99999999999999,100.99999999999999,100.99999999999999,100.99999999999999,100.99999999999999,100.99999999999999,100.99999999999999
Gambia,dry,1,2030,101.0,113.5,113.5,118.82352941176471,118.82352941176471,113.5,118.82352941176471,113.5,101.00000000000001,101.0,101.0,101.0,101.0,101.00000000000001,101.00000000000001,101.0,101.0,101.0,101.0,101.00000000000001,101.00000000000001,101.0,101.0,101.0
Gambia,dry,1,2032,63.19529411764707,63.19529411764707,53.716,96.36999999999999,96.36999999999999,96.36999999999999,96.36999999999999,53.716,46.349999999999994,46.349999999999994,46.349999999999994,46.349999999999994,46.349999999999994,46.349999999999994,46.349999999999994,46.349999999999994,46.349999999999994,46.349999999999994,46.349999999999994,46.349999999999994,46.349999999999994,46.349999999999994,46.349999999999994,46.349999999999994
Gambia,dry,1,2035,102.19300000000003,102.19300000000003,93.10200000000002,102.19300000000003,102.19300000000003,102.19300000000003,102.19300000000003,102.19300000000003,51.77599999999999,46.900000000000006,46.900000000000006,46.900000000000006,46.900000000000006,46.900000000000006,46.900000000000006,46.900000000000006,55.1764705882353,46.900000000000006,51.24999999999999,46.900000000000006,46.900000000000006,46.900000000000006,46.900000000000006,51.24999999999999
Gambia,dry,1,2040,60.29411764705884,60.29411764705884,60.29411764705884,60.29411764705884,60.29411764705884,60.29411764705884,60.29411764705884,60.29411764705884,59.59999999999999,51.250000000000014,51.250000000000014,51.250000000000014,51.250000000000014,51.250000000000014,51.250000000000014,51.250000000000014,51.250000000000014,51.250000000000014,60.29411764705884,51.250000000000014,51.250000000000014,51.250000000000014,51.250000000000014,57.37529411764706
Gambia,dry,2,2026,130.0,130.0,130.0,131.5,135.63735821034822,135.82595456506,135.82595456506,135.82595456506002,135.82595456506,135.82595456506,130.0,130.0,130.0,130.0,130.0,130.0,130.0,131.5,130.0,130.0,130.0,130.0,130.0,130.0
Gambia,dry,2,2028,101.00000000000001,101.00000000000001,101.00000000000001,100.99999999999999,100.99999999999999,100.99999999999999,109.7425,109.74249999999999,100.99999999999999,101.00000000000001,100.99999999999999,100.99999999999999,100.99999999999999,100.99999999999999,100.99999999999999,100.99999999999999,101.00000000000001,100.99999999999999,101.00000000000001,100.99999999999999,100.99999999999999,100.99999999999999,101.00000000000001,100.99999999999999
Gambia,dry,2,2030,101.0,101.0,101.0,101.0,101.0,101.0,109.1575,109.1575,109.1575,101.0,101.0,101.0,101.0,101.0,101.0,101.0,101.0,101.0,101.0,101.0,101.0,101.0,101.0,101.0
Gambia,dry,2,2032,46.35000000000001,46.349999999999994,46.35000000000001,46.349999999999994,46.349999999999994,46.349999999999994,46.349999999999994,46.349999999999994,46.349999999999994,46.35000000000001,46.35000000000001,46.349999999999994,46.35000000000001,46.35000000000001,46.349999999999994,46.35000000000001,46.349999999999994,46.35000000000001,46.349999999999994,46.35000000000001,46.349999999999994,46.349999999999994,46.35000000000001,46.349999999999994
Gambia,dry,2,2035,46.900000000000006,46.900000000000006,46.900000000000006,46.900000000000006,51.25,51.25,51.77599999999999,55.176470588235304,53.949999999999996,51.25,46.900000000000006,46.900000000000006,46.900000000000006,46.900000000000006,46.900000000000006,46.900000000000006,46.900000000000006,46.900000000000006,46.900000000000006,46.900000000000006,46.900000000000006,46.900000000000006,46.900000000000006,46.900000000000006
Gambia,dry,2,2040,51.250000000000014,51.250000000000014,51.250000000000014,53.95,59.6,60.294117647058826,60.294117647058826,60.294117647058826,60.294117647058826,60.294117647058826,51.25,51.25,51.25,51.250000000000014,51.25,51.250000000000014,51.250000000000014,51.250000000000014,51.25,51.25,51.25,51.25,51.25,51.250000000000014
Gambia,dry,3,2026,1000.0,1000.0,1000.0,1000.0,1000.0,1000.0,1000.0,1000.0,236.4,135.82595456506002,135.82595456506002,135.82595456506002,135.82595456506002,135.82595456506002,135.82595456506,135.82595456506002,135.82595456506002,135.82595456506002,135.82595456506,131.5,131.5,131.5,135.82595456506,135.82595456506
Gambia,dry,3,2028,123.46,131.5,135.15564887103,135.15564887103,135.15564887103,131.5,123.99999999999999,123.99999999999999,113.5,109.74249999999999,101.00000000000001,100.99999999999999,100.99999999999999,100.99999999999999,100.99999999999999,101.00000000000001,109.74249999999999,109.74249999999999,109.74249999999999,100.99999999999999,100.99999999999999,100.99999999999999,109.74249999999999,113.22707688061998
Gambia,dry,3,2030,124.0,134.485343177,134.485343177,134.485343177,134.485343177,134.485343177,131.5,131.5,120.99999999999999,109.1575,101.0,101.0,100.99999999999999,101.0,101.00000000000004,109.1575,109.1575,113.5,109.1575,101.0,100.99999999999999,100.99999999999999,109.1575,113.5
Gambia,dry,3,2032,110.06706432304998,110.06706432304998,123.45999999999998,123.45999999999998,123.45999999999998,110.06706432304998,106.71999999999998,106.71999999999998,96.36999999999999,51.25,60.29411764705881,46.349999999999994,46.349999999999994,46.349999999999994,46.349999999999994,46.349999999999994,46.349999999999994,46.349999999999994,46.349999999999994,46.349999999999994,46.349999999999994,46.349999999999994,46.35000000000001,96.36999999999999
Gambia,dry,3,2035,106.42826198403002,128.35683397444,128.35683397444,128.35683397444,128.35683397444,128.35683397444,128.35683397444,110.26266791030001,103.21,95.97817851192718,102.19300000000003,53.949999999999996,53.949999999999996,53.949999999999996,53.949999999999996,53.949999999999996,59.6,59.6,59.6,46.900000000000006,46.900000000000006,46.900000000000006,53.949999999999996,102.19300000000003
Gambia,dry,3,2040,365.90222801690015,365.90222801690015,365.90222801690015,365.90222801690015,365.90222801690015,365.90222801690015,290.3607833188481,290.3607833188481,151.25000000000006,100.68278460663001,70.93425605536335,60.29411764705884,60.29411764705884,60.29411764705884,60.29411764705884,60.29411764705884,70.93425605536335,70.93425605536335,70.93425605536335,70.93425605536335,70.93425605536335,70.93425605536335,97.75000000000001,122.61135659704
Gambia,dry,4,2026,130.0,130.0,130.0,130.0,130.0,131.5,131.5,135.82595456506,135.82595456506,130.0,130.0,130.0,130.0,130.0,130.0,130.0,130.0,130.0,130.0,130.0,130.0,130.0,130.0,130.0
Gambia,dry,4,2028,101.00000000000001,101.00000000000001,101.00000000000001,101.00000000000001,101.00000000000001,101.00000000000001,101.00000000000001,101.00000000000001,101.00000000000001,101.00000000000001,101.00000000000001,101.00000000000001,101.00000000000001,101.00000000000001,101.00000000000001,101.00000000000001,101.00000000000001,101.00000000000001,101.00000000000001,101.00000000000001,101.00000000000001,101.00000000000001,101.00000000000001,101.00000000000001
Gambia,dry,4,2030,101.0,101.00000000000001,101.00000000000001,101.0,101.0,101.0,101.0,109.1575,101.00000000000001,101.00000000000001,101.00000000000001,101.00000000000001,101.00000000000001,101.0,101.00000000000001,101.00000000000001,101.00000000000001,101.00000000000001,101.0,101.00000000000001,101.0,101.00000000000001,101.00000000000001,101.0
Gambia,dry,4,2032,46.35000000000001,46.349999999999994,46.349999999999994,46.349999999999994,46.349999999999994,46.349999999999994,46.35000000000001,46.35000000000001,46.35000000000001,46.35000000000001,46.349999999999994,46.349999999999994,46.35000000000001,46.35000000000001,46.349999999999994,46.35000000000001,46.35000000000001,46.35000000000001,46.349999999999994,46.349999999999994,46.35000000000001,46.349999999999994,46.349999999999994,46.35000000000001
Gambia,dry,4,2035,46.900000000000006,46.900000000000006,46.900000000000006,46.900000000000006,46.900000000000006,46.900000000000006,46.900000000000006,51.25000000000001,51.25000000000001,46.900000000000006,46.900000000000006,46.900000000000006,46.900000000000006,46.900000000000006,46.900000000000006,46.900000000000006,46.900000000000006,46.900000000000006,46.900000000000006,46.900000000000006,46.900000000000006,46.900000000000006,46.900000000000006,46.900000000000006
Gambia,dry,4,2040,51.250000000000014,51.250000000000014,51.250000000000014,51.25,51.250000000000014,51.25,53.95,59.6,59.6,51.250000000000014,51.250000000000014,51.250000000000014,51.25,50.66,51.250000000000014,51.25,51.250000000000014,51.250000000000014,51.250000000000014,51.250000000000014,51.250000000000014,51.25,51.250000000000014,51.25
Gambia,wet,1,2026,124.0,130.0,131.5,135.82595456506,130.0,132.9044892459965,135.82595456506,135.82595456506,130.0,124.0,124.0,124.0,124.0,124.0,124.0,124.0,124.0,124.0,124.0,124.0,124.0,124.0,124.0,124.0
Gambia,wet,1,2028,92.0,100.99999999999999,100.99999999999999,108.23529411764706,100.99999999999999,100.99999999999999,108.23529411764706,100.99999999999999,100.99999999999999,92.0,92.0,92.0,92.0,92.0,92.0,92.0,92.0,92.0,92.0,92.0,92.0,92.0,92.0,92.0
Gambia,wet,1,2030,101.0,101.0,101.00000000000001,112.55677118659003,101.0,101.0,112.55677118659003,101.00000000000001,101.0,101.0,101.00000000000001,101.00000000000001,101.00000000000001,101.00000000000001,101.00000000000001,101.00000000000001,101.00000000000001,101.0,101.00000000000001,101.00000000000001,101.00000000000001,101.00000000000001,101.00000000000001,101.00000000000001
Gambia,wet,1,2032,41.25000000000001,46.349999999999994,46.349999999999994,46.900000000000006,46.349999999999994,46.349999999999994,46.900000000000006,46.349999999999994,41.25000000000001,41.25000000000001,41.25000000000001,41.25000000000001,41.25000000000001,41.25000000000001,41.25000000000001,41.25000000000001,41.25000000000001,41.25000000000001,41.25000000000001,41.25000000000001,41.25000000000001,41.25000000000001,41.25000000000001,41.25000000000001
Gambia,wet,1,2035,46.35,46.35,46.35,46.35,46.35,46.35,46.35,46.35,46.35,43.1,43.1,43.1,43.1,43.1,43.1,43.1,43.1,50.70588235294118,43.1,43.1,43.1,43.1,43.1,43.1
Gambia,wet,1,2040,46.35,53.95,54.52941176470589,54.52941176470589,54.52941176470589,54.52941176470589,54.52941176470589,54.52941176470589,51.25,46.35,46.35,46.35,46.35,46.35,46.35,46.35,46.35,46.35,46.35,46.35,46.35,46.35,46.35,46.35
Gambia,wet,2,2026,124.0,124.0,125.60000000000001,125.60000000000001,130.0,135.82595456506,135.82595456506,135.82595456506,124.0,124.0,124.0,124.0,124.0,124.0,124.0,124.0,124.0,124.0,124.0,124.0,124.0,124.0,124.0,124.0
Gambia,wet,2,2028,92.0,92.0,100.99999999999999,100.99999999999999,100.99999999999999,108.23529411764706,108.23529411764706,108.23529411764706,92.0,113.22707688061998,109.22199999999998,92.0,92.0,92.0,92.0,92.0,92.0,92.0,100.99999999999999,92.0,92.0,92.0,92.0,92.0
Gambia,wet,2,2030,101.00000000000001,101.00000000000001,101.0,101.00000000000001,101.0,109.15750000000001,112.55677118659003,109.15750000000001,101.0,112.55677118659003,112.55677118659003,101.00000000000001,101.00000000000001,101.00000000000001,101.00000000000001,101.00000000000001,101.00000000000001,101.0,101.0,101.00000000000001,101.00000000000001,101.00000000000001,101.00000000000001,101.00000000000001
Gambia,wet,2,2032,41.25000000000001,41.25000000000001,41.25000000000001,41.25000000000001,43.1,46.349999999999994,46.900000000000006,46.349999999999994,48.52941176470589,210.06706432305003,110.06706432305,110.06706432305,41.25000000000001,41.25000000000001,41.25000000000001,41.25000000000001,41.25000000000001,41.25000000000001,41.25000000000001,41.25000000000001,41.25000000000001,41.25000000000001,41.25000000000001,41.25000000000001
Gambia,wet,2,2035,43.1,43.1,93.10200000000002,93.10200000000002,93.10200000000002,93.10200000000002,93.10200000000002,93.10200000000002,93.10200000000002,1000.0000000000001,904.3040771574724,106.42826198403002,93.10200000000002,93.10200000000002,43.1,43.1,43.1,43.1,43.1,43.1,43.1,43.1,43.1,43.1
Gambia,wet,2,2040,46.35,46.900000000000006,54.52941176470589,54.52941176470589,54.52941176470589,54.52941176470589,54.52941176470589,54.52941176470589,54.52941176470589,200.68278460662998,100.68278460663002,46.35,46.35,46.35,46.35,46.35,46.35,46.35,46.900000000000006,46.35,46.35,46.35,46.35,46.35
Gambia,wet,3,2026,135.82595456506,135.82595456506,174.1,266.6,490.4764178640231,490.4764178640231,331.90495518441963,290.4764178640231,166.6,135.82595456506,125.60000000000001,125.60000000000001,124.0,124.0,125.60000000000001,125.60000000000001,130.0,135.82595456506,125.60000000000001,124.0,124.0,124.0,124.0,125.60000000000001
Gambia,wet,3,2028,113.22707688061998,120.99999999999999,120.99999999999999,120.99999999999999,120.99999999999999,120.99999999999999,120.99999999999999,120.99999999999999,109.7425,101.00000000000001,92.0,92.0,92.0,91.99999999999999,101.00000000000001,101.00000000000001,101.00000000000001,109.7425,101.00000000000001,101.00000000000001,93.281125,101.00000000000001,101.00000000000001,101.00000000000001
Gambia,wet,3,2030,121.0,121.0,124.0,124.0,124.0,124.0,124.0,124.0,109.1575,101.0,100.99999999999999,101.0,101.0,100.99999999999999,101.0,101.0,109.1575,109.1575,109.1575,100.99999999999999,101.00000000000001,100.99999999999999,100.99999999999999,101.0
Gambia,wet,3,2032,46.35000000000001,48.52941176470589,96.36999999999999,96.36999999999999,96.36999999999999,96.36999999999999,96.36999999999999,96.36999999999999,46.900000000000006,46.35000000000001,41.25000000000001,41.25000000000001,41.25000000000001,41.25,41.25000000000001,41.25000000000001,43.1,46.35000000000001,41.25,41.25,41.25,41.25,41.25,41.25000000000001
Gambia,wet,3,2035,51.25,53.949999999999996,102.19300000000003,103.21000000000002,103.21000000000002,103.21000000000002,103.21000000000002,103.21000000000002,93.10200000000002,93.10200000000002,93.10200000000002,93.10200000000002,43.34830110993175,50.998001305802056,50.998001305802056,50.998001305802056,46.35,50.998001305802056,46.35,43.1,43.099999999999994,43.099999999999994,43.099999999999994,46.35
Gambia,wet,3,2040,96.25300000000001,100.68278460663001,100.68278460663001,100.68278460663001,100.68278460663001,100.68278460663001,100.68278460663001,100.68278460663001,97.75000000000001,59.6,51.25,51.25,46.9,51.25,54.689387047713865,59.6,59.6,60.294117647058826,59.6,59.6,59.6,59.6,59.6,87.94200000000001
Gambia,wet,4,2026,124.0,124.0,124.0,125.60000000000001,125.60000000000001,125.60000000000001,135.82595456506,125.60000000000001,124.0,124.0,124.0,124.0,124.0,124.0,124.0,124.0,124.0,124.0,124.0,124.0,124.0,124.0,124.0,124.0
Gambia,wet,4,2028,92.00000000000001,92.0,100.99999999999999,100.99999999999999,100.99999999999999,100.99999999999999,108.23529411764706,100.99999999999999,92.0,92.0,92.0,92.0,92.0,92.0,92.0,92.0,92.0,92.0,92.0,92.0,92.0,92.0,92.0,92.0
Gambia,wet,4,2030,101.00000000000001,101.00000000000001,100.99999999999999,109.1575,101.00000000000001,109.1575,109.1575,100.99999999999999,101.0,101.00000000000001,101.00000000000001,101.00000000000001,101.00000000000001,101.00000000000001,101.00000000000001,101.00000000000001,101.00000000000001,101.00000000000001,101.00000000000001,101.00000000000001,101.00000000000001,101.00000000000001,101.00000000000001,101.00000000000001
Gambia,wet,4,2032,41.25000000000001,41.25000000000001,41.25000000000001,41.25000000000001,41.25000000000001,41.25000000000001,46.35000000000001,41.25000000000001,41.25000000000001,41.25000000000001,41.25000000000001,41.25000000000001,41.25000000000001,41.25000000000001,41.25000000000001,41.25000000000001,41.25000000000001,41.25000000000001,41.25000000000001,41.25000000000001,48.529411764705884,41.25000000000001,41.25000000000001,41.25000000000001
Gambia,wet,4,2035,43.099999999999994,43.099999999999994,46.35,46.35,46.35,46.35,46.9,46.35,43.099999999999994,43.099999999999994,43.1,43.099999999999994,43.099999999999994,43.099999999999994,43.1,43.099999999999994,43.099999999999994,43.099999999999994,43.1,43.099999999999994,50.70588235294118,43.099999999999994,43.099999999999994,43.099999999999994
Gambia,wet,4,2040,46.34999999999999,46.349999999999994,48.76899999999999,54.52941176470588,54.52941176470588,54.52941176470588,54.52941176470588,54.52941176470588,46.34999999999999,46.349999999999994,46.349999999999994,46.349999999999994,46.349999999999994,46.34999999999999,46.349999999999994,46.349999999999994,46.349999999999994,46.34999999999999,46.349999999999994,46.349999999999994,54.52941176470588,46.349999999999994,46.349999999999994,46.35
Guinea,dry,1,2026,135.82595456506002,135.82595456506002,135.82595456506002,135.82595456506002,135.82595456506002,135.82595456506002,135.82595456506002,135.82595456506002,135.82595456506002,135.82595456506002,135.82595456506002,135.82595456506002,135.82595456506002,135.82595456506002,135.82595456506002,135.82595456506002,135.82595456506002,135.82595456506002,135.82595456506002,135.82595456506002,135.82595456506002,135.82595456506002,135.82595456506002,135.82595456506002
Guinea,dry,1,2028,100.99999999999999,100.99999999999999,100.99999999999999,100.99999999999999,100.99999999999999,100.99999999999999,100.99999999999999,100.99999999999999,100.99999999999999,100.99999999999999,100.99999999999999,100.99999999999999,96.243015348527,96.243015348527,100.99999999999999,100.99999999999999,100.99999999999999,100.99999999999999,100.99999999999999,100.99999999999999,100.99999999999999,100.99999999999999,100.99999999999999,100.99999999999999
Guinea,dry,1,2030,101.00000000000001,101.00000000000001,101.00000000000001,101.00000000000001,101.00000000000001,101.00000000000001,101.00000000000001,101.00000000000001,101.00000000000001,101.0,101.00000000000001,101.00000000000001,101.00000000000001,101.00000000000001,101.00000000000001,101.0,101.00000000000001,101.00000000000001,101.00000000000001,101.00000000000001,101.00000000000001,101.00000000000001,101.00000000000001,101.00000000000001
Guinea,dry,1,2032,46.35000000000001,46.34999999999999,46.349999999999994,46.34999999999999,46.35000000000001,46.35000000000001,46.35000000000001,46.349999999999994,46.349999999999994,46.349999999999994,46.34999999999999,46.349999999999994,46.349999999999994,46.349999999999994,46.349999999999994,46.349999999999994,46.349999999999994,46.349999999999994,46.35000000000001,46.349999999999994,46.35000000000001,46.35000000000001,46.349999999999994,46.349999999999994
Guinea,dry,1,2035,89.06382279163533,89.06382279163533,89.06382279163533,89.06382279163533,89.06382279163533,89.06382279163533,89.06382279163533,89.06382279163533,89.06382279163533,89.06382279163533,89.06382279163533,89.0638227916353,75.70424937289003,75.70424937289003,89.06382279163533,89.06382279163533,89.06382279163533,89.06382279163533,89.06382279163533,89.06382279163533,89.06382279163533,89.06382279163533,89.06382279163533,89.06382279163535
Guinea,dry,1,2040,110.11410357494258,110.11410357494258,110.11410357494258,110.11410357494258,110.11410357494258,110.11410357494258,110.11410357494258,110.11410357494258,110.11410357494258,110.11410357494256,51.250000000000014,51.250000000000014,51.250000000000014,51.250000000000014,51.250000000000014,92.73683404892324,110.11410357494258,110.11410357494258,110.11410357494258,110.11410357494258,110.11410357494258,110.11410357494258,110.11410357494258,110.11410357494258
Guinea,dry,2,2026,135.82595456506,135.82595456506,135.82595456506,135.82595456506,135.82595456506,135.82595456506,135.82595456506,135.82595456506002,135.82595456506,135.82595456506,135.82595456506,135.82595456506,135.82595456506,135.82595456506,135.82595456506,135.82595456506,135.82595456506,135.82595456506,135.82595456506,135.82595456506,135.82595456506,135.82595456506,135.82595456506,135.82595456506
Guinea,dry,2,2028,100.99999999999999,100.99999999999999,100.99999999999999,100.99999999999999,100.99999999999999,100.99999999999999,100.99999999999999,100.99999999999999,100.99999999999999,100.99999999999999,100.99999999999999,100.99999999999999,93.76167850058765,93.76167850058765,100.99999999999999,100.99999999999999,100.99999999999999,100.99999999999999,100.99999999999999,100.99999999999999,100.99999999999999,100.99999999999999,100.99999999999999,100.99999999999999
Guinea,dry,2,2030,101.0,101.0,101.0,101.0,101.0,101.0,101.0,101.0,101.0,101.0,101.0,101.0,101.0,101.0,101.0,101.0,101.0,101.0,101.0,101.0,101.0,101.00000000000001,101.0,101.0
Guinea,dry,2,2032,46.349999999999994,46.35000000000001,46.349999999999994,46.349999999999994,46.349999999999994,46.349999999999994,46.349999999999994,46.349999999999994,46.349999999999994,46.35000000000001,46.35000000000001,46.349999999999994,46.35000000000001,46.349999999999994,46.349999999999994,46.349999999999994,46.349999999999994,46.35000000000001,46.35000000000001,46.349999999999994,46.349999999999994,46.349999999999994,46.35000000000001,46.349999999999994
Guinea,dry,2,2035,89.0638227916353,89.0638227916353,89.0638227916353,89.0638227916353,89.0638227916353,89.0638227916353,89.0638227916353,89.0638227916353,89.0638227916353,89.0638227916353,89.0638227916353,89.0638227916353,51.776,77.85245376599997,89.0638227916353,89.06382279163533,89.0638227916353,89.0638227916353,89.0638227916353,89.0638227916353,89.06382279163533,89.0638227916353,89.0638227916353,89.06382279163533
Guinea,dry,2,2040,110.11410357494258,110.11410357494258,110.11410357494258,110.11410357494258,110.11410357494258,110.11410357494258,110.11410357494258,110.11410357494258,110.11410357494258,110.11410357494258,51.25,51.25,1.124821429,1.124821429,51.25,52.500494832905666,110.11410357494258,110.11410357494258,110.11410357494258,110.11410357494258,110.11410357494258,110.11410357494258,110.11410357494258,110.11410357494258
Guinea,dry,3,2026,135.82595456506002,135.82595456506002,135.82595456506,135.82595456506002,135.82595456506,135.82595456506002,135.82595456506,135.82595456506002,135.82595456506002,135.82595456506002,135.82595456506002,135.82595456506002,135.82595456506002,135.82595456506002,135.82595456506,135.82595456506002,135.82595456506002,135.82595456506002,135.82595456506,135.82595456506,135.82595456506002,135.82595456506,135.82595456506002,135.82595456506002
Guinea,dry,3,2028,100.99999999999999,100.99999999999999,100.99999999999999,100.99999999999999,100.99999999999999,100.99999999999999,100.99999999999999,100.99999999999999,100.99999999999999,100.99999999999999,101.00000000000001,98.21332611827182,85.85,85.85,98.21332611827182,100.99999999999999,100.99999999999999,100.99999999999999,100.99999999999999,100.99999999999999,100.99999999999999,100.99999999999999,100.99999999999999,100.99999999999999
Guinea,dry,3,2030,101.0,101.0,101.0,101.00000000000004,101.00000000000004,101.0,101.0,101.0,101.0,101.0,101.00000000000004,101.00000000000004,100.99999999999999,101.00000000000004,101.00000000000004,101.0,101.00000000000004,101.00000000000004,101.0,101.00000000000004,101.00000000000004,101.0,101.0,101.00000000000004
Guinea,dry,3,2032,46.349999999999994,46.35000000000001,46.35000000000001,46.35000000000001,46.349999999999994,46.35000000000001,46.35000000000001,46.349999999999994,46.35000000000001,46.35000000000001,46.349999999999994,46.349999999999994,46.349999999999994,46.349999999999994,46.349999999999994,46.349999999999994,46.349999999999994,46.349999999999994,46.349999999999994,46.35000000000001,46.349999999999994,46.349999999999994,46.35000000000001,46.35000000000001
Guinea,dry,3,2035,89.06382279163533,89.06382279163533,89.06382279163533,89.06382279163533,89.06382279163533,89.06382279163533,89.06382279163533,89.06382279163533,89.06382279163533,89.06382279163533,89.06382279163533,89.06382279163533,53.949999999999996,89.0638227916353,89.06382279163533,89.06382279163533,89.06382279163533,89.06382279163533,89.06382279163533,89.06382279163533,89.06382279163533,89.06382279163533,89.06382279163533,89.06382279163533
Guinea,dry,3,2040,110.11410357494258,110.11410357494258,110.11410357494258,110.11410357494258,110.11410357494258,110.11410357494258,110.11410357494258,110.11410357494258,110.11410357494258,100.68278460663001,60.29411764705884,15.0,1.124821429,1.124821429,59.223679571429486,60.29411764705884,110.11410357494258,110.11410357494258,110.11410357494258,110.11410357494258,110.11410357494258,110.11410357494258,110.11410357494258,110.11410357494258
Guinea,dry,4,2026,135.82595456506,135.82595456506,135.82595456506,135.82595456506,135.82595456506,135.82595456506,135.82595456506,135.82595456506,135.82595456506,135.82595456506,135.82595456506,135.82595456506,135.82595456506,135.82595456506,135.82595456506,135.82595456506,135.82595456506,135.82595456506,135.82595456506,135.82595456506,135.82595456506,135.82595456506,135.82595456506002,135.82595456506
Guinea,dry,4,2028,101.00000000000001,101.00000000000001,101.00000000000001,101.00000000000001,101.00000000000001,101.00000000000001,101.00000000000001,101.00000000000001,101.00000000000001,101.00000000000001,101.00000000000001,101.00000000000001,101.00000000000001,101.00000000000001,101.00000000000001,101.00000000000001,101.00000000000001,101.00000000000001,101.00000000000001,101.00000000000001,101.00000000000001,101.00000000000001,101.00000000000001,101.00000000000001
Guinea,dry,4,2030,101.00000000000001,101.00000000000001,101.0,101.0,101.0,101.00000000000001,101.00000000000001,101.00000000000001,101.00000000000001,101.0,101.00000000000001,101.00000000000001,101.0,101.0,101.00000000000001,101.00000000000001,101.00000000000001,101.00000000000001,101.0,101.0,101.00000000000001,101.0,101.00000000000001,101.0
Guinea,dry,4,2032,46.35000000000001,46.35000000000001,46.35000000000001,46.35000000000001,46.35000000000001,46.35000000000001,46.35000000000001,46.35000000000001,46.35000000000001,46.34999999999999,46.35000000000001,46.35000000000001,46.35000000000001,46.35000000000001,46.35000000000001,46.35000000000001,46.35000000000001,46.35000000000001,46.35000000000001,46.35000000000001,46.35000000000001,46.35000000000001,46.35000000000001,46.35000000000001
Guinea,dry,4,2035,89.06382279163533,89.06382279163533,89.06382279163533,89.06382279163533,89.06382279163533,89.06382279163533,89.06382279163533,89.06382279163533,89.06382279163533,89.06382279163533,89.06382279163533,89.06382279163533,89.06382279163533,89.06382279163533,89.06382279163533,89.06382279163533,89.06382279163533,89.06382279163533,89.06382279163533,89.06382279163533,89.06382279163533,89.06382279163533,89.06382279163533,89.06382279163533
Guinea,dry,4,2040,110.11410357494258,110.11410357494258,110.11410357494258,110.11410357494258,110.11410357494258,110.11410357494258,110.11410357494258,110.11410357494258,110.11410357494258,110.11410357494258,93.59698803870118,51.250000000000014,51.25,51.25,51.250000000000014,93.59698803870118,110.11410357494258,110.11410357494258,110.11410357494258,110.11410357494258,110.11410357494258,110.11410357494258,110.11410357494258,110.11410357494258
Guinea,wet,1,2026,124.0,124.0,124.0,124.0,124.0,124.0,124.0,124.0,124.0,124.0,124.0,124.0,124.0,124.0,124.0,124.0,124.0,124.0,124.0,124.0,124.0,124.0,124.0,124.0
Guinea,wet,1,2028,92.0,92.0,92.0,92.0,92.0,92.0,92.0,92.0,92.0,92.0,92.0,92.0,92.0,92.0,92.0,92.0,92.0,92.0,92.0,92.0,92.0,92.0,92.0,92.0
Guinea,wet,1,2030,101.00000000000001,101.00000000000001,101.00000000000001,101.00000000000001,101.00000000000001,101.00000000000001,101.00000000000001,101.00000000000001,101.00000000000001,101.00000000000001,101.00000000000001,101.00000000000001,101.00000000000001,101.00000000000001,101.00000000000001,101.00000000000001,101.00000000000001,101.00000000000001,101.00000000000001,101.00000000000001,101.00000000000001,101.00000000000001,101.00000000000001,101.00000000000001
Guinea,wet,1,2032,41.25000000000001,41.25000000000001,41.25000000000001,41.25000000000001,41.25000000000001,41.25000000000001,41.25000000000001,41.25000000000001,41.25000000000001,41.25000000000001,41.25000000000001,41.25000000000001,41.25000000000001,41.25000000000001,41.25000000000001,41.25000000000001,41.25000000000001,41.25000000000001,41.25000000000001,41.25000000000001,41.25000000000001,41.25000000000001,41.25000000000001,41.25000000000001
Guinea,wet,1,2035,46.35,46.35,46.35,46.35,46.35,46.35,46.35,46.35,46.35,46.35,46.35,46.35,46.35,46.35,46.35,46.35,46.35,46.35,46.35,46.35,46.35,46.35,46.35,46.35
Guinea,wet,1,2040,60.294117647058826,60.294117647058826,60.294117647058826,60.294117647058826,60.294117647058826,60.294117647058826,60.294117647058826,60.294117647058826,60.294117647058826,60.294117647058826,60.294117647058826,60.294117647058826,60.294117647058826,60.294117647058826,60.294117647058826,60.294117647058826,60.294117647058826,60.294117647058826,60.294117647058826,60.294117647058826,60.294117647058826,60.294117647058826,60.294117647058826,60.294117647058826
Guinea,wet,2,2026,124.0,124.0,124.0,124.0,124.0,124.0,124.0,124.0,124.0,124.0,124.0,124.0,124.0,124.0,124.0,124.0,124.0,124.0,124.0,124.0,124.0,124.0,124.0,124.0
Guinea,wet,2,2028,92.0,92.0,92.0,92.0,92.0,92.0,92.0,92.0,92.0,92.0,92.0,92.0,92.0,92.0,92.0,92.0,92.0,92.0,92.0,92.0,92.0,92.0,92.0,92.0
Guinea,wet,2,2030,101.00000000000001,101.00000000000001,101.00000000000001,101.00000000000001,101.00000000000001,101.00000000000001,101.00000000000001,101.00000000000001,101.00000000000001,101.00000000000001,101.00000000000001,101.00000000000001,101.00000000000001,101.00000000000001,101.00000000000001,101.00000000000001,101.00000000000001,101.00000000000001,101.00000000000001,101.00000000000001,101.00000000000001,101.00000000000001,101.00000000000001,101.00000000000001
Guinea,wet,2,2032,41.25000000000001,41.25000000000001,41.25000000000001,41.25000000000001,41.25000000000001,41.25000000000001,41.25000000000001,41.25000000000001,41.25000000000001,41.25000000000001,41.25000000000001,41.25000000000001,41.25000000000001,41.25000000000001,41.25000000000001,41.25000000000001,41.25000000000001,41.25000000000001,41.25000000000001,41.25000000000001,41.25000000000001,41.25000000000001,41.25000000000001,41.25000000000001
Guinea,wet,2,2035,46.35,46.35,46.35,46.35,46.35,46.35,46.35,46.35,46.35,46.35,46.35,46.35,46.35,46.35,46.35,46.35,46.35,46.35,46.35,46.35,46.35,46.35,46.35,46.35
Guinea,wet,2,2040,60.294117647058826,60.294117647058826,60.294117647058826,60.294117647058826,60.294117647058826,60.294117647058826,60.294117647058826,60.294117647058826,60.294117647058826,60.294117647058826,60.294117647058826,60.294117647058826,60.294117647058826,60.294117647058826,60.294117647058826,60.294117647058826,60.294117647058826,60.294117647058826,60.294117647058826,60.294117647058826,60.294117647058826,60.294117647058826,60.294117647058826,60.294117647058826
Guinea,wet,3,2026,124.0,124.0,124.0,124.0,124.0,124.0,124.0,124.0,124.0,124.0,124.0,124.0,124.0,124.0,124.0,124.0,124.0,124.0,124.0,124.0,124.0,124.0,124.0,124.0
Guinea,wet,3,2028,92.0,92.0,92.0,92.0,92.0,92.0,92.0,92.0,92.0,92.0,69.14,69.14,69.14,69.14,69.14,92.0,92.0,92.0,92.0,92.0,92.0,92.0,92.0,92.0
Guinea,wet,3,2030,101.00000000000001,101.00000000000001,101.00000000000001,101.00000000000001,101.00000000000001,101.00000000000001,101.00000000000001,101.00000000000001,101.00000000000001,101.00000000000001,100.99999999999999,101.00000000000001,101.00000000000001,101.00000000000001,101.0,101.00000000000001,101.00000000000001,101.00000000000001,101.00000000000001,101.00000000000001,101.00000000000001,101.00000000000001,101.00000000000001,101.00000000000001
Guinea,wet,3,2032,41.24999999999999,41.24999999999999,41.25,41.25000000000001,41.24999999999999,41.24999999999999,41.24999999999999,41.24999999999999,41.24999999999999,41.24999999999999,41.25,41.25000000000001,41.25000000000001,41.24999999999999,41.25,41.24999999999999,41.25,41.25,41.25,41.24999999999999,41.24999999999999,41.25,41.24999999999999,41.25000000000001
Guinea,wet,3,2035,46.35,46.35,46.35,46.35,46.35,46.35,46.35,46.35,46.35,46.35,46.35,46.35,43.34830110993175,43.34830110993175,46.35,46.35,46.35,46.35,46.35,46.35,46.35,46.35,46.35,46.35
Guinea,wet,3,2040,60.294117647058826,60.294117647058826,60.294117647058826,60.294117647058826,60.294117647058826,60.294117647058826,60.294117647058826,60.294117647058826,60.294117647058826,,,,,,,,59.6,60.294117647058826,60.294117647058826,60.294117647058826,60.294117647058826,60.294117647058826,60.294117647058826,60.294117647058826
Guinea,wet,4,2026,124.0,124.0,124.0,124.0,124.0,124.0,124.0,124.0,124.0,124.0,124.0,124.0,124.0,124.0,124.0,124.0,124.0,124.0,124.0,124.0,124.0,124.0,124.0,124.0
Guinea,wet,4,2028,92.00000000000001,92.0,92.0,92.0,92.0,92.0,92.0,92.0,92.0,92.0,92.0,92.0,92.0,92.0,92.0,92.0,92.0,92.0,92.0,92.0,92.0,92.0,92.0,92.0
Guinea,wet,4,2030,101.00000000000001,101.00000000000001,101.00000000000001,101.00000000000001,101.00000000000001,101.00000000000001,101.00000000000001,101.00000000000001,101.00000000000001,101.00000000000001,101.00000000000001,101.00000000000001,101.00000000000001,101.00000000000001,101.00000000000001,101.00000000000001,101.00000000000001,101.00000000000001,101.00000000000001,101.00000000000001,101.00000000000001,101.00000000000001,101.00000000000001,101.00000000000001
Guinea,wet,4,2032,41.25000000000001,41.25000000000001,41.25000000000001,41.25000000000001,41.25000000000001,41.25000000000001,41.25000000000001,41.25000000000001,41.25000000000001,41.25000000000001,41.25000000000001,41.25000000000001,41.25000000000001,41.25000000000001,41.25000000000001,41.25000000000001,41.25000000000001,41.25000000000001,41.25000000000001,41.25000000000001,41.25000000000001,41.25000000000001,41.25000000000001,41.25000000000001
Guinea,wet,4,2035,46.35,46.35,46.35,46.35,46.35,46.35,46.35,46.35,46.35,46.35,46.35,46.35,46.35,46.35,46.35,46.35,46.35,46.35,46.35,46.35,46.35,46.35,46.35,46.35
Guinea,wet,4,2040,60.29411764705884,60.29411764705884,60.29411764705884,60.29411764705884,60.29411764705884,60.29411764705884,60.29411764705884,60.29411764705884,60.29411764705884,60.29411764705884,60.29411764705884,60.29411764705884,60.29411764705884,60.29411764705884,60.29411764705884,60.29411764705884,60.29411764705884,60.29411764705884,60.29411764705884,60.29411764705884,60.29411764705884,60.29411764705884,60.29411764705884,60.29411764705884
GuineaBissau,dry,1,2026,135.82595456506002,135.82595456506002,135.82595456506002,135.82595456506002,135.82595456506002,135.82595456506002,135.82595456506002,1000.0,1000.0,135.82595456506002,135.82595456506002,130.0,130.0,130.0,130.0,130.0,131.5,135.82595456506002,135.82595456506002,135.82595456506002,130.0,130.0,130.0,135.82595456506
GuineaBissau,dry,1,2028,100.99999999999999,100.99999999999999,100.99999999999999,113.22707688061999,113.22707688061999,113.22707688061999,113.22707688061999,113.22707688061999,113.22707688061999,100.99999999999999,100.99999999999999,96.243015348527,96.243015348527,96.243015348527,96.243015348527,96.243015348527,100.99999999999999,100.99999999999999,100.99999999999999,100.99999999999999,100.99999999999999,100.99999999999999,100.99999999999999,100.99999999999999
GuineaBissau,dry,1,2030,101.00000000000001,101.00000000000001,113.5,118.82352941176471,118.82352941176471,113.5,118.82352941176471,118.82352941176471,118.82352941176471,101.0,101.00000000000001,101.0,101.0,101.0,101.0,101.0,101.00000000000001,101.00000000000001,101.0,101.00000000000001,101.00000000000001,101.00000000000001,101.00000000000001,101.00000000000001
GuineaBissau,dry,1,2032,46.35000000000001,53.716,53.716,53.949999999999996,53.949999999999996,54.52941176470588,54.52941176470588,54.52941176470588,54.52941176470588,46.349999999999994,46.349999999999994,46.349999999999994,46.349999999999994,46.349999999999994,46.349999999999994,46.349999999999994,46.349999999999994,46.349999999999994,46.349999999999994,46.349999999999994,46.35000000000001,46.35000000000001,46.349999999999994,46.349999999999994
GuineaBissau,dry,1,2035,89.06382279163533,89.06382279163533,89.06382279163533,89.06382279163533,89.06382279163533,89.06382279163533,89.06382279163533,89.06382279163533,89.06382279163533,89.06382279163533,75.70424937289003,75.70424937289003,75.70424937289003,75.70424937289003,75.70424937289003,75.70424937289003,75.70424937289003,89.06382279163533,89.06382279163533,89.06382279163533,89.06382279163533,89.06382279163533,89.06382279163533,89.06382279163535
GuineaBissau,dry,1,2040,110.11410357494258,110.11410357494258,110.11410357494258,110.11410357494258,110.11410357494258,110.11410357494258,110.11410357494258,110.11410357494258,110.11410357494258,51.250000000000014,51.250000000000014,51.250000000000014,51.250000000000014,51.250000000000014,51.250000000000014,51.250000000000014,51.250000000000014,51.250000000000014,110.11410357494258,110.11410357494258,110.11410357494258,110.11410357494258,110.11410357494258,110.11410357494258
GuineaBissau,dry,2,2026,130.0,130.0,135.82595456506,1000.0,1000.0,135.82595456506,135.82595456506,1000.0,1000.0,135.82595456506,135.82595456506,135.82595456506,135.82595456506,135.82595456506,135.82595456506,135.82595456506,135.82595456506,135.82595456506,135.82595456506,130.0,130.0,130.0,130.0,130.0
GuineaBissau,dry,2,2028,100.99999999999999,100.99999999999999,100.99999999999999,583.3365888614463,583.3365888614463,495.8361005322294,495.8361005322294,583.3365888614463,583.3365888614463,100.99999999999999,100.99999999999999,100.99999999999999,100.99999999999999,100.99999999999999,100.99999999999999,100.99999999999999,100.99999999999999,100.99999999999999,100.99999999999999,100.99999999999999,100.99999999999999,100.99999999999999,100.99999999999999,100.99999999999999
GuineaBissau,dry,2,2030,101.0,101.0,101.0,465.04350979686467,465.04350979686467,465.04350979686467,465.04350979686467,465.04350979686467,465.04350979686467,101.0,101.0,101.0,101.0,101.0,101.0,101.0,101.0,101.0,101.0,101.0,101.0,101.0,101.0,101.0
GuineaBissau,dry,2,2032,46.35000000000001,46.35000000000001,46.35000000000001,513.6423934617628,413.6423934617629,413.6423934617629,413.6423934617629,513.6423934617628,413.6423934617629,223.45999999999998,46.35000000000001,46.35000000000001,46.35000000000001,46.35000000000001,46.35000000000001,46.349999999999994,46.35000000000001,46.35000000000001,46.35000000000001,46.349999999999994,46.35000000000001,46.35000000000001,46.35000000000001,46.35000000000001
GuineaBissau,dry,2,2035,89.06382279163533,89.06382279163533,89.06382279163533,509.5778038042578,409.5778038042578,409.5778038042578,409.5778038042578,409.5778038042578,409.5778038042578,174.06382279163532,89.06382279163533,89.06382279163533,89.06382279163533,89.06382279163533,89.06382279163533,89.06382279163533,89.06382279163533,89.0638227916353,104.7809679901592,89.06382279163533,89.06382279163533,89.0638227916353,89.06382279163533,89.06382279163533
GuineaBissau,dry,2,2040,110.11410357494258,110.11410357494258,120.67362637620224,123.46,120.67362637620224,120.67362637620224,120.67362637620224,123.46,120.67362637620224,123.46,102.5725824197719,102.5725824197719,102.5725824197719,102.5725824197719,102.5725824197719,102.5725824197719,102.5725824197719,110.11410357494258,120.67362637620224,110.11410357494258,110.11410357494258,110.11410357494258,110.11410357494258,110.11410357494258
GuineaBissau,dry,3,2026,1000.0,1000.0,1000.0,1000.0,1000.0,1000.0,1000.0,1000.0,236.4,135.82595456506002,135.82595456506002,135.82595456506002,135.82595456506002,135.82595456506002,135.82595456506,135.82595456506002,135.82595456506002,135.82595456506002,135.82595456506,135.82595456506,135.82595456506002,131.5,135.82595456506002,135.82595456506002
GuineaBissau,dry,3,2028,123.46,131.5,131.5,131.5,131.5,131.5,131.5,123.99999999999999,113.5,101.00000000000001,101.00000000000001,98.21332611827182,98.21332611827182,98.21332611827182,98.21332611827182,101.00000000000001,100.99999999999999,100.99999999999999,109.74249999999999,100.99999999999999,100.99999999999999,100.99999999999999,100.99999999999999,113.22707688061998
GuineaBissau,dry,3,2030,131.5,131.5,131.5,131.5,131.5,131.5,131.5,131.5,123.46,109.1575,100.99999999999999,100.99999999999999,100.99999999999999,100.99999999999999,100.99999999999999,100.99999999999999,100.99999999999999,113.5,118.8235294117647,100.99999999999999,100.99999999999999,100.99999999999999,100.99999999999999,113.5
GuineaBissau,dry,3,2032,123.45999999999998,123.45999999999998,123.45999999999998,123.45999999999998,123.45999999999998,123.45999999999998,123.45999999999998,123.45999999999998,123.45999999999998,123.45999999999998,104.94099999999999,104.94099999999999,104.94099999999999,104.94099999999999,104.94099999999999,104.94099999999999,104.94099999999999,104.94099999999999,123.45999999999998,104.94099999999999,104.94099999999999,104.94099999999999,104.94099999999999,104.94099999999999
GuineaBissau,dry,3,2035,128.35683397444,128.35683397444,128.35683397444,128.35683397444,128.35683397444,128.35683397444,128.35683397444,128.35683397444,128.35683397444,104.94099999999999,104.94099999999999,104.94099999999999,104.94099999999999,104.94099999999999,104.94099999999999,104.94099999999999,104.94099999999999,104.94099999999999,123.46000000000002,123.46000000000002,104.94099999999999,104.94099999999999,104.94099999999999,123.46000000000002
GuineaBissau,dry,3,2040,201.6134158902218,201.6134158902218,201.6134158902218,201.6134158902218,201.6134158902218,201.6134158902218,201.6134158902218,201.6134158902218,201.6134158902218,100.68278460663001,60.29411764705884,60.29411764705884,1.124821429,1.124821429,59.223679571429486,60.29411764705884,60.29411764705884,110.11410357494258,201.6134158902218,201.6134158902218,171.37140350668852,171.37140350668852,201.6134158902218,201.6134158902218
GuineaBissau,dry,4,2026,135.82595456506,135.82595456506,135.82595456506,135.82595456506,135.82595456506,135.82595456506,135.82595456506,135.82595456506,135.82595456506,135.82595456506,135.82595456506,135.82595456506,135.82595456506,135.82595456506,135.82595456506,135.82595456506,135.82595456506,135.82595456506,135.82595456506,130.0,130.0,130.0,130.0,130.0
GuineaBissau,dry,4,2028,101.00000000000001,101.00000000000001,101.00000000000001,101.00000000000001,101.00000000000001,101.00000000000001,101.00000000000001,101.00000000000001,101.00000000000001,101.00000000000001,101.00000000000001,101.00000000000001,101.00000000000001,101.00000000000001,101.00000000000001,101.00000000000001,101.00000000000001,101.00000000000001,101.00000000000001,101.00000000000001,101.00000000000001,101.00000000000001,101.00000000000001,101.00000000000001
GuineaBissau,dry,4,2030,101.00000000000001,101.00000000000001,101.00000000000001,101.0,101.0,101.0,118.82352941176472,118.82352941176472,118.82352941176472,101.00000000000001,101.00000000000001,101.00000000000001,101.0,101.0,101.00000000000001,101.00000000000001,101.00000000000001,101.00000000000001,101.0,101.0,101.00000000000001,101.0,101.00000000000001,101.0
GuineaBissau,dry,4,2032,46.35000000000001,46.35000000000001,46.349999999999994,54.5294117647059,54.5294117647059,54.5294117647059,54.5294117647059,54.5294117647059,54.5294117647059,123.45999999999998,46.35000000000001,46.35000000000001,46.35000000000001,46.35000000000001,46.35000000000001,46.35000000000001,46.35000000000001,46.35000000000001,54.5294117647059,46.35000000000001,46.35000000000001,46.35000000000001,46.35000000000001,46.35000000000001
GuineaBissau,dry,4,2035,89.06382279163533,89.06382279163533,104.7809679901592,104.7809679901592,104.7809679901592,104.7809679901592,104.7809679901592,104.7809679901592,104.7809679901592,154.56120242090887,89.06382279163533,89.06382279163533,89.06382279163533,89.06382279163533,89.06382279163533,89.06382279163533,89.06382279163533,89.06382279163533,104.7809679901592,89.06382279163533,89.06382279163533,89.06382279163533,89.06382279163533,89.06382279163533
GuineaBissau,dry,4,2040,110.11410357494258,110.11410357494258,110.11410357494258,110.11410357494258,110.11410357494258,110.11410357494258,110.11410357494258,110.11410357494258,110.11410357494258,123.46,93.59698803870118,93.59698803870118,93.59698803870118,93.59698803870118,93.59698803870118,93.59698803870118,110.11410357494258,110.11410357494258,110.11410357494258,110.11410357494258,110.11410357494258,110.11410357494258,110.11410357494258,110.11410357494258
GuineaBissau,wet,1,2026,124.0,124.0,124.0,124.0,124.0,124.0,124.0,124.0,124.0,124.0,124.0,124.0,124.0,124.0,124.0,124.0,124.0,124.0,124.0,124.0,124.0,124.0,124.0,124.0
GuineaBissau,wet,1,2028,92.0,92.0,92.0,92.0,92.0,92.0,100.0,100.0,92.0,92.0,92.0,92.0,92.0,92.0,84.99999999999999,92.0,92.0,92.0,92.0,92.0,92.0,92.0,92.0,92.0
GuineaBissau,wet,1,2030,101.00000000000001,101.00000000000001,101.00000000000001,101.00000000000001,101.00000000000001,101.0,112.55677118659003,101.00000000000001,101.00000000000001,101.00000000000001,101.00000000000001,101.00000000000001,101.00000000000001,101.00000000000001,95.67325550860153,101.00000000000001,101.00000000000001,101.00000000000001,101.00000000000001,101.00000000000001,101.00000000000001,101.00000000000001,101.00000000000001,101.00000000000001
GuineaBissau,wet,1,2032,41.25000000000001,41.25000000000001,41.25000000000001,41.25000000000001,41.25000000000001,46.349999999999994,46.349999999999994,46.349999999999994,41.25000000000001,41.25000000000001,41.25000000000001,41.25000000000001,39.3975,39.3975,39.3975,39.3975,41.25000000000001,41.25000000000001,41.25000000000001,41.25000000000001,41.25000000000001,41.25000000000001,41.25000000000001,41.25000000000001
GuineaBissau,wet,1,2035,46.35,46.35,46.35,46.35,46.35,46.35,46.35,46.35,46.35,46.35,43.1,39.3975,39.3975,39.3975,39.3975,39.3975,39.3975,46.35,46.35,46.35,46.35,46.35,46.35,46.35
GuineaBissau,wet,1,2040,54.52941176470589,54.52941176470589,54.52941176470589,54.52941176470589,54.52941176470589,54.52941176470589,54.52941176470589,54.52941176470589,54.52941176470589,46.35,46.35,46.35,46.35,46.35,46.35,46.35,46.35,46.35,54.52941176470589,54.52941176470589,54.52941176470589,54.52941176470589,54.52941176470589,54.52941176470589
GuineaBissau,wet,2,2026,124.0,124.0,124.0,124.0,124.0,124.0,124.0,135.82595456506,124.0,124.0,124.0,124.0,124.0,124.0,124.0,124.0,124.0,124.0,124.0,124.0,124.0,124.0,124.0,124.0
GuineaBissau,wet,2,2028,92.0,92.0,92.0,92.0,100.99999999999999,108.23529411764706,108.23529411764706,108.23529411764706,92.0,92.0,92.0,92.0,92.0,92.0,92.0,92.0,92.0,92.0,100.99999999999999,92.0,92.0,92.0,92.0,92.0
GuineaBissau,wet,2,2030,101.00000000000001,101.00000000000001,101.00000000000001,101.00000000000001,101.0,109.15750000000001,112.55677118659003,112.55677118659003,101.0,101.0,101.00000000000001,101.00000000000001,101.00000000000001,101.00000000000001,101.00000000000001,101.00000000000001,101.00000000000001,101.00000000000001,101.0,101.00000000000001,101.00000000000001,101.00000000000001,101.00000000000001,101.00000000000001
GuineaBissau,wet,2,2032,41.25000000000001,41.25000000000001,41.25000000000001,41.25000000000001,43.1,46.349999999999994,46.900000000000006,48.52941176470589,41.25000000000001,41.25000000000001,41.25000000000001,41.25000000000001,41.25000000000001,41.25000000000001,41.25000000000001,41.25000000000001,41.25000000000001,41.25000000000001,41.25000000000001,41.25000000000001,41.25000000000001,41.25000000000001,41.25000000000001,41.25000000000001
GuineaBissau,wet,2,2035,46.35,46.35,46.35,46.35,50.70588235294118,50.70588235294118,50.70588235294118,50.70588235294118,46.35,46.35,46.35,43.1,43.1,43.1,43.1,43.1,46.35,46.35,50.70588235294118,50.70588235294118,46.35,46.35,46.35,46.35
GuineaBissau,wet,2,2040,60.294117647058826,60.294117647058826,60.294117647058826,60.294117647058826,60.294117647058826,60.294117647058826,60.294117647058826,60.294117647058826,60.294117647058826,60.294117647058826,51.25,51.25,51.25,51.25,51.25,51.25,51.25,60.294117647058826,60.294117647058826,60.294117647058826,60.294117647058826,60.294117647058826,60.294117647058826,60.294117647058826
GuineaBissau,wet,3,2026,124.0,124.0,174.1,266.6,490.4764178640231,490.4764178640231,331.90495518441963,290.4764178640231,166.6,135.82595456506,125.60000000000001,125.60000000000001,124.0,124.0,125.60000000000001,124.0,124.0,124.0,124.0,124.0,124.0,124.0,124.0,124.0
GuineaBissau,wet,3,2028,113.22707688061998,120.99999999999999,120.99999999999999,120.99999999999999,120.99999999999999,120.99999999999999,120.99999999999999,120.99999999999999,109.7425,92.0,69.14,69.14,69.14,69.14,69.14,92.0,92.0,92.0,101.00000000000001,92.0,92.0,92.0,92.0,92.0
GuineaBissau,wet,3,2030,121.0,121.0,123.45999999999998,123.45999999999998,123.45999999999998,123.45999999999998,123.45999999999998,123.45999999999998,123.45999999999998,101.0,100.99999999999999,100.99999999999999,100.99999999999999,100.99999999999999,100.99999999999999,100.99999999999999,100.99999999999999,109.1575,109.1575,100.99999999999999,100.99999999999999,100.99999999999999,100.99999999999999,101.00000000000001
GuineaBissau,wet,3,2032,46.35000000000001,48.52941176470589,48.52941176470589,48.52941176470589,48.52941176470589,48.52941176470589,48.52941176470589,48.52941176470589,48.52941176470589,46.35000000000001,41.25000000000001,41.25000000000001,41.25000000000001,41.25000000000001,41.25000000000001,41.25000000000001,41.25000000000001,46.35000000000001,48.52941176470589,41.25000000000001,41.25000000000001,41.25000000000001,41.25000000000001,41.25000000000001
GuineaBissau,wet,3,2035,54.529411764705884,54.529411764705884,54.529411764705884,54.529411764705884,54.529411764705884,54.529411764705884,54.529411764705884,54.529411764705884,54.529411764705884,46.900000000000006,46.35,46.35,46.35,46.35,46.35,46.35,46.35,46.35,54.529411764705884,46.35,46.35,46.35,46.35,46.35
GuineaBissau,wet,3,2040,60.294117647058826,60.294117647058826,60.294117647058826,60.294117647058826,60.294117647058826,60.294117647058826,60.294117647058826,60.294117647058826,60.294117647058826,,,,,,,,,60.294117647058826,60.294117647058826,60.294117647058826,60.294117647058826,60.294117647058826,60.294117647058826,60.294117647058826
GuineaBissau,wet,4,2026,124.0,124.0,124.0,125.60000000000001,125.60000000000001,125.60000000000001,135.82595456506,125.60000000000001,124.0,124.0,124.0,124.0,124.0,124.0,124.0,124.0,124.0,124.0,124.0,124.0,124.0,124.0,124.0,124.0
GuineaBissau,wet,4,2028,92.00000000000001,92.0,100.99999999999999,100.99999999999999,100.99999999999999,100.99999999999999,108.23529411764706,108.23529411764706,92.0,92.0,92.0,92.0,92.0,92.0,92.0,92.0,92.0,92.0,92.0,92.0,92.0,92.0,92.0,92.0
GuineaBissau,wet,4,2030,101.00000000000001,101.00000000000001,100.99999999999999,118.82352941176472,118.82352941176472,118.82352941176472,118.82352941176472,118.82352941176472,101.0,101.00000000000001,101.00000000000001,101.00000000000001,101.00000000000001,101.00000000000001,101.00000000000001,101.00000000000001,101.00000000000001,101.00000000000001,101.00000000000001,101.00000000000001,101.00000000000001,101.00000000000001,101.00000000000001,101.00000000000001
GuineaBissau,wet,4,2032,41.25000000000001,41.25000000000001,48.529411764705884,48.529411764705884,48.529411764705884,48.529411764705884,48.529411764705884,48.529411764705884,41.25000000000001,41.25000000000001,41.25000000000001,41.25000000000001,41.25000000000001,41.25000000000001,41.25000000000001,41.25000000000001,41.25000000000001,41.25000000000001,48.529411764705884,41.25000000000001,41.25000000000001,41.25000000000001,41.25000000000001,41.25000000000001
GuineaBissau,wet,4,2035,46.35,54.52941176470589,54.52941176470589,54.52941176470589,54.52941176470589,54.52941176470589,54.52941176470589,54.52941176470589,54.52941176470589,46.35,46.35,46.35,46.35,46.35,46.35,46.35,46.35,46.35,54.52941176470589,46.35,46.35,46.35,46.35,46.35
GuineaBissau,wet,4,2040,70.93425605536333,70.93425605536333,70.93425605536333,70.93425605536333,70.93425605536333,70.93425605536333,70.93425605536333,70.93425605536333,70.93425605536333,60.29411764705884,60.29411764705884,60.29411764705884,60.29411764705884,60.29411764705884,60.29411764705884,60.29411764705884,60.29411764705884,70.93425605536333,70.93425605536333,70.93425605536333,60.29411764705884,60.29411764705884,60.29411764705884,60.29411764705884
Mali,dry,1,2026,135.82595456506,135.82595456506,135.82595456506002,135.82595456506,135.82595456506,135.82595456506,135.82595456506,135.82595456506,135.82595456506,135.82595456506,135.82595456506,135.82595456506,135.82595456506,135.82595456506,135.82595456506,135.82595456506,135.82595456506,135.82595456506,135.82595456506002,135.82595456506,135.82595456506,135.82595456506,135.82595456506,135.82595456506
Mali,dry,1,2028,100.99999999999999,109.7425,109.7425,109.7425,109.7425,109.7425,109.7425,109.7425,93.76167850058764,93.76167850058764,56.09207580077761,56.09207580077761,56.09207580077761,56.09207580077761,56.09207580077761,93.76167850058764,93.76167850058764,93.76167850058764,100.99999999999999,100.99999999999999,93.76167850058764,100.99999999999999,100.99999999999999,100.99999999999999
Mali,dry,1,2030,101.00000000000001,109.15750000000001,109.15750000000001,109.15750000000001,109.15750000000001,109.15750000000001,109.15750000000001,109.15750000000001,73.45376912827615,73.45376912827615,73.45376912827615,48.03046494366615,73.45376912827615,73.45376912827615,73.45376912827612,73.45376912827615,73.45376912827612,73.45376912827615,101.00000000000001,73.45376912827615,73.45376912827612,73.45376912827615,101.0,101.0
Mali,dry,1,2032,46.89999999999999,53.716,53.716,53.949999999999996,53.949999999999996,53.716,53.949999999999996,53.716,46.349999999999994,46.349999999999994,46.349999999999994,0.5,29.85138715793566,46.349999999999994,46.349999999999994,46.349999999999994,46.349999999999994,46.349999999999994,46.349999999999994,46.349999999999994,39.3975,46.349999999999994,53.716,53.716
Mali,dry,1,2035,53.949999999999996,89.06382279163533,89.06382279163533,89.06382279163533,89.06382279163533,89.06382279163533,89.06382279163533,89.06382279163533,51.77599999999999,46.900000000000006,43.56249999999999,39.865,43.56249999999999,46.900000000000006,46.900000000000006,46.900000000000006,46.900000000000006,46.900000000000006,51.24999999999999,46.900000000000006,0.5,46.900000000000006,46.900000000000006,51.77599999999999
Mali,dry,1,2040,57.37529411764706,57.37529411764706,57.37529411764706,57.37529411764706,57.37529411764706,57.37529411764706,57.37529411764706,57.37529411764706,48.76899999999999,0.5,0.425,0.425,0.425,0.5,0.5,0.5,0.5,0.5,0.5882352941176471,0.5,0.5,0.5,51.250000000000014,57.37529411764706
Mali,dry,2,2026,135.82595456506,135.82595456506,135.82595456506,135.82595456506,135.82595456506,135.82595456506,135.82595456506,135.82595456506002,135.82595456506,135.82595456506,135.82595456506,135.82595456506,135.82595456506,135.82595456506,135.82595456506,135.82595456506,135.82595456506,135.82595456506,135.82595456506,135.82595456506,135.82595456506,135.82595456506,135.82595456506,135.82595456506
Mali,dry,2,2028,100.99999999999999,109.7425,109.7425,109.7425,109.7425,109.7425,109.7425,109.74249999999999,100.99999999999999,101.00000000000001,93.76167850058765,93.76167850058765,93.76167850058765,93.76167850058765,93.76167850058765,100.99999999999999,101.00000000000001,100.99999999999999,101.00000000000001,100.99999999999999,100.99999999999999,100.99999999999999,101.00000000000001,100.99999999999999
Mali,dry,2,2030,101.0,109.1575,109.1575,109.1575,109.1575,109.1575,109.1575,109.1575,109.1575,101.0,73.45376912827614,73.45376912827615,73.45376912827614,101.0,101.0,101.0,101.0,101.0,101.0,101.0,101.0,101.00000000000001,101.0,101.0
Mali,dry,2,2032,72.8451811745106,106.71999999999998,106.71999999999998,106.71999999999998,106.71999999999998,106.71999999999998,106.71999999999998,106.71999999999998,72.8451811745106,53.716,46.35000000000001,46.349999999999994,46.35000000000001,53.716,53.716,53.95000000000001,72.84518117451059,77.57736652483324,72.8451811745106,46.349999999999994,46.349999999999994,53.716,53.716,53.95000000000001
Mali,dry,2,2035,95.97817851192718,103.21,103.21,103.21,103.21,128.35683397444,128.35683397444,110.26266791030001,95.97817851192718,51.776,51.776,51.776,51.776,60.91294117647059,60.91294117647059,60.91294117647059,89.0638227916353,110.26266791030001,95.97817851192718,89.0638227916353,46.900000000000006,51.776,51.776,89.0638227916353
Mali,dry,2,2040,97.75,99.23391803660392,99.23391803660392,99.23391803660392,99.23391803660392,99.23391803660392,99.23391803660392,99.23391803660392,97.75,60.294117647058826,51.25,51.25,51.25,60.294117647058826,60.294117647058826,60.294117647058826,60.294117647058826,91.57488770928923,91.57488770928923,77.83865455289585,77.83865455289585,77.83865455289585,77.83865455289585,97.75
Mali,dry,3,2026,135.82595456506,135.82595456506,174.1,174.1,274.09999999999997,1000.0,274.09999999999997,1000.0,236.4,135.82595456506002,135.82595456506002,135.82595456506002,135.82595456506002,135.82595456506002,135.82595456506,135.82595456506002,135.82595456506002,135.82595456506002,135.82595456506,135.82595456506,135.82595456506,135.82595456506,135.82595456506,135.82595456506
Mali,dry,3,2028,123.46,131.5,135.15564887103,135.15564887103,135.15564887103,131.5,123.99999999999999,123.99999999999999,113.5,109.74249999999999,100.99999999999999,100.99999999999999,100.99999999999999,100.99999999999999,100.99999999999999,101.00000000000001,109.74249999999999,109.74249999999999,109.74249999999999,100.99999999999999,100.99999999999999,100.99999999999999,109.74249999999999,113.22707688061998
Mali,dry,3,2030,124.0,134.485343177,134.485343177,134.485343177,134.485343177,134.485343177,131.5,131.5,120.99999999999999,109.1575,101.0,101.0,100.99999999999999,101.0,101.00000000000004,109.1575,109.1575,113.5,109.1575,101.0,100.99999999999999,100.99999999999999,109.1575,113.5
Mali,dry,3,2032,106.71999999999998,106.71999999999998,123.45999999999998,123.45999999999998,123.45999999999998,110.06706432304998,106.71999999999998,106.71999999999998,106.71999999999998,72.84518117451059,53.715999999999994,53.715999999999994,53.715999999999994,72.8451811745106,72.8451811745106,106.71999999999998,106.71999999999998,106.71999999999998,106.71999999999998,72.84518117451059,53.95000000000002,72.84518117451059,72.84518117451059,106.71999999999998
Mali,dry,3,2035,103.21,128.35683397444,128.35683397444,128.35683397444,128.35683397444,128.35683397444,128.35683397444,110.26266791030001,103.21,95.97817851192718,89.06382279163533,89.06382279163533,89.0638227916353,95.97817851192718,103.21,103.21,103.21,110.26266791030001,103.21,89.0638227916353,89.0638227916353,89.0638227916353,95.97817851192718,103.21
Mali,dry,3,2040,122.61135659704,122.61135659704,122.61135659704,122.61135659704,122.61135659704,122.61135659704,122.61135659704,122.61135659704,110.11410357494258,100.68278460663001,60.29411764705884,60.29411764705884,60.29411764705884,60.29411764705884,77.83865455289586,77.83865455289586,115.00000000000003,115.00000000000003,115.00000000000003,97.75000000000001,97.75000000000001,97.75000000000001,97.75000000000001,122.61135659704
Mali,dry,4,2026,135.82595456506,135.82595456506,135.82595456505996,135.82595456506,135.82595456506,135.82595456506,135.82595456506,135.82595456506,135.82595456506,135.82595456505996,135.82595456506,135.82595456505996,135.82595456506,135.82595456506,135.82595456506,135.82595456506,135.82595456506,135.82595456506,135.82595456506,135.82595456505996,135.82595456505996,135.82595456506,135.82595456506,135.82595456506
Mali,dry,4,2028,101.00000000000001,109.7425,109.7425,109.7425,109.7425,109.7425,109.7425,109.7425,101.00000000000001,101.00000000000001,93.76167850058766,93.76167850058766,56.09207580077761,93.76167850058766,56.09207580077761,93.76167850058766,101.00000000000001,101.00000000000001,101.00000000000001,101.00000000000001,101.00000000000001,101.00000000000001,101.00000000000001,101.00000000000001
Mali,dry,4,2030,101.0,109.1575,109.1575,109.1575,109.1575,109.1575,109.1575,109.1575,109.1575,101.00000000000001,73.45376912827614,73.45376912827614,73.45376912827614,73.45376912827614,73.45376912827614,73.45376912827614,101.00000000000001,101.00000000000001,101.0,101.00000000000001,101.0,101.00000000000001,101.00000000000001,101.0
Mali,dry,4,2032,72.84518117451059,106.72000000000001,106.72000000000001,106.72000000000001,106.72000000000001,106.72000000000001,106.72000000000001,106.72000000000001,106.72000000000001,53.95000000000001,53.716,46.349999999999994,46.35000000000001,46.35000000000001,46.349999999999994,46.35000000000001,53.716,53.95000000000001,54.52941176470588,46.349999999999994,46.35000000000001,53.716,53.95000000000001,72.84518117451059
Mali,dry,4,2035,95.97817851192718,103.21000000000002,103.21000000000002,103.21000000000002,103.21000000000002,110.26266791030001,110.26266791030001,128.35683397444,103.21000000000002,95.97817851192718,51.776,46.900000000000006,46.900000000000006,51.776,46.900000000000006,46.900000000000006,89.06382279163533,89.06382279163533,89.06382279163533,46.900000000000006,46.900000000000006,51.776,95.97817851192718,95.97817851192718
Mali,dry,4,2040,97.75000000000001,113.72834321981543,113.72834321981543,113.72834321981543,113.72834321981543,113.72834321981543,113.72834321981543,113.72834321981543,113.72834321981543,80.40217849392391,51.250000000000014,51.250000000000014,51.250000000000014,51.250000000000014,51.250000000000014,51.250000000000014,51.250000000000014,60.294117647058854,60.294117647058854,51.250000000000014,51.250000000000014,51.250000000000014,97.75000000000001,113.72834321981543
Mali,wet,1,2026,124.0,130.0,131.5,135.82595456506,130.0,132.9044892459965,135.82595456506,135.82595456506,130.0,124.0,124.0,124.0,124.0,124.0,124.0,124.0,124.0,124.0,124.0,124.0,124.0,124.0,124.0,124.0
Mali,wet,1,2028,92.0,100.99999999999999,100.99999999999999,108.23529411764706,100.99999999999999,100.99999999999999,108.23529411764706,100.99999999999999,92.00000000000001,92.0,92.0,92.0,92.0,92.0,92.0,92.0,92.0,92.0,92.0,92.0,92.0,92.0,92.0,92.0
Mali,wet,1,2030,101.0,101.0,101.00000000000001,101.0,101.0,101.0,101.0,101.0,101.0,101.0,101.00000000000001,101.00000000000001,101.00000000000001,101.00000000000001,101.00000000000001,101.00000000000001,101.00000000000001,101.0,101.00000000000001,101.00000000000001,101.00000000000001,101.0,101.00000000000001,101.00000000000001
Mali,wet,1,2032,41.25000000000001,46.349999999999994,46.349999999999994,46.900000000000006,46.349999999999994,46.349999999999994,46.900000000000006,46.349999999999994,41.25000000000001,41.25000000000001,41.25000000000001,41.25000000000001,41.25000000000001,41.25000000000001,41.25000000000001,41.25000000000001,41.25000000000001,41.25000000000001,41.25000000000001,41.25000000000001,41.25000000000001,0.5,41.25000000000001,41.25000000000001
Mali,wet,1,2035,46.35,46.35,46.35,46.35,46.35,46.35,46.35,46.35,46.35,43.1,43.1,43.1,43.1,43.1,43.1,43.1,43.1,43.1,50.70588235294118,46.35,43.1,,,39.3975
Mali,wet,1,2040,0.5,0.5,0.5,0.5,0.5,0.5,0.5,0.5,,39.3975,39.3975,39.3975,39.3975,44.093229228969584,46.35,46.35,46.35,46.35,46.35,46.35,46.35,0.425,0.425,0.425
Mali,wet,2,2026,135.82595456506,135.82595456506,135.82595456506,135.82595456506,135.82595456506,135.82595456506,135.82595456506,135.82595456506,135.82595456506,135.82595456506,135.82595456506,135.82595456506,135.82595456506,135.82595456506,135.82595456506,135.82595456506,135.82595456506,135.82595456506,135.82595456506,135.82595456506,135.82595456506,135.82595456506,135.82595456506,135.82595456506
Mali,wet,2,2028,92.0,92.0,100.99999999999999,100.99999999999999,100.99999999999999,108.23529411764706,108.23529411764706,108.23529411764706,92.0,92.0,92.0,92.0,92.0,92.0,92.0,92.0,92.0,92.0,100.99999999999999,92.0,92.0,92.0,92.0,92.0
Mali,wet,2,2030,101.00000000000001,101.00000000000001,101.0,101.00000000000001,101.0,109.15750000000001,112.55677118659003,109.15750000000001,101.0,134.485343177,101.0,134.485343177,101.0,101.0,101.0,101.0,101.0,101.0,134.485343177,101.00000000000001,101.0,101.0,101.00000000000001,109.15750000000001
Mali,wet,2,2032,53.716,53.716,53.716,94.2468697651735,94.2468697651735,94.2468697651735,104.60040816326529,98.71,94.2468697651735,131.99563631345998,94.2468697651735,131.99563631345998,94.2468697651735,94.2468697651735,94.2468697651735,94.2468697651735,98.71,131.99563631345998,131.99563631345998,131.99563631345998,94.2468697651735,94.2468697651776,94.2468697651735,106.71999999999998
Mali,wet,2,2035,104.3452323392366,104.34523233923665,104.34523233923665,104.3452323392366,104.3452323392366,104.3452323392366,128.35683397444,128.35683397444,104.34523233923659,128.35683397444,104.34523233923657,128.35683397444,104.34523233923659,104.3452323392366,104.3452323392366,104.3452323392366,128.35683397444,128.35683397444,128.35683397444,128.35683397444,104.34523233923659,104.3452323392366,104.34523233923659,104.3452323392366
Mali,wet,2,2040,104.219653107484,104.219653107484,104.219653107484,104.219653107484,104.219653107484,104.21965310748399,122.61135659704,122.61135659704,104.219653107484,122.61135659704,104.219653107484,122.61135659704,104.219653107484,122.61135659704,122.61135659704,122.61135659704,122.61135659704,122.61135659704,122.61135659704,122.61135659704,122.61135659704,122.61135659704,122.61135659704,122.61135659704
Mali,wet,3,2026,135.82595456506,135.82595456506,174.1,266.6,490.4764178640231,490.4764178640231,331.90495518441963,290.4764178640231,166.6,135.82595456506,135.82595456506,135.82595456506,135.82595456506,135.82595456506,135.82595456506,135.82595456506,135.82595456506,135.82595456506,135.82595456506,124.0,124.0,124.0,124.0,135.82595456506
Mali,wet,3,2028,113.22707688061998,120.99999999999999,120.99999999999999,120.99999999999999,120.99999999999999,120.99999999999999,120.99999999999999,120.99999999999999,109.7425,101.00000000000001,92.0,91.99999999999999,92.0,91.99999999999999,101.00000000000001,101.00000000000001,101.00000000000001,109.7425,109.7425,101.00000000000001,93.281125,101.00000000000001,109.7425,109.7425
Mali,wet,3,2030,121.0,134.485343177,124.0,134.485343177,134.485343177,124.0,124.0,124.0,109.1575,101.00000000000001,100.99999999999999,101.00000000000001,101.0,101.00000000000001,101.0,101.0,109.1575,109.1575,109.1575,100.99999999999999,101.00000000000001,101.00000000000001,109.1575,109.1575
Mali,wet,3,2032,106.72000000000001,131.99563631345998,131.99563631345998,131.99563631345998,131.99563631345998,106.72000000000001,106.72000000000001,106.72000000000001,106.72000000000001,94.24686976517351,94.2468697651735,94.2468697651735,53.716,94.2468697651735,106.72000000000001,106.72000000000001,106.72000000000001,106.72000000000001,106.72000000000001,94.2468697651735,94.2468697651735,94.2468697651735,106.72000000000001,106.72000000000001
Mali,wet,3,2035,104.3452323392366,128.35683397444,128.35683397444,128.35683397444,128.35683397444,109.10330887827399,128.35683397444,116.4706,104.34523233923659,103.21000000000002,103.21000000000002,103.21000000000002,103.21000000000002,103.21000000000002,104.34523233923657,104.3452323392366,104.34523233923657,104.34523233923657,104.3452323392366,103.21000000000002,103.21000000000002,103.21000000000002,103.21000000000002,104.3452323392366
Mali,wet,3,2040,122.61135659704,122.61135659704,122.61135659704,122.61135659704,122.61135659704,122.61135659704,122.61135659704,122.61135659704,97.75000000000001,104.219653107484,51.25,15.0,15.0,51.25,104.219653107484,104.21965310748399,122.61135659703999,122.61135659704,122.61135659704,122.61135659704,122.61135659704,122.61135659704,122.61135659704,122.61135659704
Mali,wet,4,2026,135.82595456506,135.82595456506,135.82595456506,135.82595456506,135.82595456506,135.82595456506,135.82595456506,135.82595456506,135.82595456506,135.82595456506,135.82595456506,135.82595456506,135.82595456506,135.82595456506,135.82595456506,135.82595456506,135.82595456506,135.82595456506,135.82595456506,135.82595456506,124.0,124.0,124.0,124.0
Mali,wet,4,2028,92.00000000000001,92.0,100.99999999999999,109.7425,109.7425,109.7425,108.23529411764706,100.99999999999999,92.0,92.0,92.00000000000001,92.0,69.14,92.00000000000001,92.00000000000001,92.00000000000001,92.0,92.0,92.0,92.0,92.00000000000001,92.0,92.00000000000001,92.0
Mali,wet,4,2030,101.0,101.00000000000001,100.99999999999999,109.1575,101.00000000000001,109.1575,109.1575,100.99999999999999,101.0,101.00000000000001,101.00000000000001,101.00000000000001,101.00000000000001,101.00000000000001,101.00000000000001,101.00000000000001,101.00000000000001,101.0,100.99999999999999,101.0,101.00000000000001,101.00000000000001,101.00000000000001,101.00000000000001
Mali,wet,4,2032,94.2468697651735,94.2468697651735,94.2468697651735,98.71,98.71,104.60040816326529,104.60040816326529,104.60040816326529,98.70999999999998,94.2468697651735,41.25000000000001,41.25000000000001,41.25000000000001,41.25000000000001,41.25000000000001,41.25000000000001,94.2468697651735,98.71,94.2468697651735,94.2468697651735,41.25000000000001,41.25000000000001,41.25000000000001,41.25000000000001
Mali,wet,4,2035,104.3452323392366,104.34523233923801,104.34523233923801,128.35683397444,128.35683397444,128.35683397444,128.35683397444,128.35683397444,128.35683397444,104.3452323392366,43.099999999999994,43.099999999999994,43.099999999999994,46.35,46.35,43.099999999999994,104.3452323392366,128.35683397444,110.26266791029998,104.3452323392366,46.35,46.35,46.35,46.35
Mali,wet,4,2040,122.61135659704,122.61135659704,122.61135659704,122.61135659704,122.61135659704,122.61135659704,122.61135659704,122.61135659704,104.21965310748399,46.349999999999994,46.349999999999994,46.349999999999994,46.349999999999994,46.349999999999994,46.349999999999994,46.349999999999994,104.21965310748399,122.61135659704,122.61135659704,122.61135659704,104.219653107484,104.21965310748399,104.21965310748399,104.21965310748399
Mauritania_grid,dry,1,2026,110.42500000000001,110.42500000000001,110.42500000000001,110.42500000000001,110.42500000000001,110.42500000000001,110.42500000000001,110.42500000000001,110.42500000000001,110.42500000000001,110.42500000000001,110.42500000000001,110.42500000000001,110.42500000000001,110.42500000000001,110.42500000000001,110.42500000000001,110.42500000000001,110.42500000000001,0.5,0.5,110.42500000000001,110.42500000000001,110.42500000000001
Mauritania_grid,dry,1,2028,100.99999999999999,109.7425,109.7425,109.7425,109.7425,109.7425,109.7425,109.7425,93.76167850058764,93.76167850058764,56.09207580077761,56.09207580077761,56.09207580077761,56.09207580077761,56.09207580077761,93.76167850058764,93.76167850058764,93.76167850058764,100.99999999999999,100.99999999999999,93.76167850058764,100.99999999999999,100.99999999999999,100.99999999999999
Mauritania_grid,dry,1,2030,101.00000000000001,109.15750000000001,109.15750000000001,109.15750000000001,109.15750000000001,109.15750000000001,109.15750000000001,109.15750000000001,73.45376912827615,73.45376912827615,73.45376912827615,48.03046494366615,73.45376912827615,73.45376912827615,73.45376912827612,73.45376912827615,73.45376912827612,73.45376912827615,101.00000000000001,73.45376912827615,73.45376912827612,73.45376912827615,101.0,101.0
Mauritania_grid,dry,1,2032,46.89999999999999,53.716,53.716,53.949999999999996,53.949999999999996,53.716,53.949999999999996,53.716,46.349999999999994,46.349999999999994,46.349999999999994,0.5,29.85138715793566,46.349999999999994,46.349999999999994,46.349999999999994,46.349999999999994,46.349999999999994,46.349999999999994,39.3975,39.3975,46.349999999999994,53.716,53.716
Mauritania_grid,dry,1,2035,53.949999999999996,89.06382279163533,89.06382279163533,89.06382279163533,89.06382279163533,89.06382279163533,89.06382279163533,89.06382279163533,51.77599999999999,46.900000000000006,43.56249999999999,39.865,43.56249999999999,46.900000000000006,46.900000000000006,46.900000000000006,46.900000000000006,46.900000000000006,0.5,0.5,0.5,0.5,46.900000000000006,51.77599999999999
Mauritania_grid,dry,1,2040,57.37529411764706,57.37529411764706,57.37529411764706,57.37529411764706,57.37529411764706,57.37529411764706,57.37529411764706,57.37529411764706,48.76899999999999,0.5,0.425,0.425,0.425,0.5,0.5,0.5,0.5,0.5,,,,,48.76899999999999,57.37529411764706
Mauritania_grid,dry,2,2026,110.42500000000001,110.42500000000001,110.42500000000001,110.42500000000001,110.42500000000001,110.42500000000001,110.42500000000001,110.42500000000001,110.42500000000001,110.42500000000001,110.42500000000001,110.42500000000001,110.42500000000001,110.42500000000001,110.42500000000001,110.42500000000001,110.42500000000001,110.42500000000001,110.42500000000001,110.42500000000001,110.42500000000001,110.42500000000001,110.42500000000001,110.42500000000001
Mauritania_grid,dry,2,2028,100.99999999999999,109.7425,109.7425,109.7425,109.7425,109.7425,109.7425,109.7425,100.99999999999999,101.00000000000001,93.76167850058765,93.76167850058765,93.76167850058765,93.76167850058765,93.76167850058765,100.99999999999999,101.00000000000001,100.99999999999999,101.00000000000001,100.99999999999999,100.99999999999999,100.99999999999999,101.00000000000001,100.99999999999999
Mauritania_grid,dry,2,2030,101.0,109.1575,109.1575,109.1575,109.1575,109.1575,109.1575,109.1575,109.1575,101.0,73.45376912827614,73.45376912827615,73.45376912827614,101.0,101.0,101.0,101.0,101.0,101.0,101.0,101.0,101.00000000000001,101.0,101.0
Mauritania_grid,dry,2,2032,72.8451811745106,106.71999999999998,106.71999999999998,106.71999999999998,106.71999999999998,106.71999999999998,106.71999999999998,106.71999999999998,72.8451811745106,53.716,46.35000000000001,46.349999999999994,46.35000000000001,53.716,53.716,53.95000000000001,72.84518117451059,53.716,53.716,46.35000000000001,46.349999999999994,53.716,53.716,53.95000000000001
Mauritania_grid,dry,2,2035,95.97817851192718,103.21,103.21,103.21,103.21,103.21,103.21,103.21,95.97817851192718,51.776,51.776,51.776,51.776,60.91294117647059,60.91294117647059,60.91294117647059,60.91294117647059,51.776,46.900000000000006,46.900000000000006,46.900000000000006,51.776,51.776,89.0638227916353
Mauritania_grid,dry,2,2040,97.75,97.75,97.75,97.75,97.75,97.75,97.75,97.75,97.75,60.294117647058826,51.25,51.25,51.25,60.294117647058826,60.294117647058826,60.294117647058826,60.294117647058826,51.250000000000014,51.25,51.25,51.25,51.25,77.83865455289585,97.75
Mauritania_grid,dry,3,2026,110.42500000000001,110.42500000000001,110.42500000000001,110.42500000000001,110.42500000000001,110.42500000000001,110.42500000000001,110.42500000000001,110.42500000000001,110.42500000000001,110.42500000000001,110.42500000000001,110.42500000000001,110.42500000000001,110.42500000000001,110.42500000000001,110.42500000000001,110.42500000000001,110.42500000000001,110.42500000000001,110.42500000000001,110.42500000000001,110.42500000000001,110.42500000000001
Mauritania_grid,dry,3,2028,123.46,131.5,135.15564887103,135.15564887103,135.15564887103,131.5,123.99999999999999,123.99999999999999,109.74249999999999,109.74249999999999,100.99999999999999,100.99999999999999,100.99999999999999,100.99999999999999,100.99999999999999,101.00000000000001,109.74249999999999,109.74249999999999,109.74249999999999,100.99999999999999,100.99999999999999,100.99999999999999,109.74249999999999,113.22707688061998
Mauritania_grid,dry,3,2030,124.0,134.485343177,134.485343177,134.485343177,134.485343177,134.485343177,131.5,131.5,109.1575,109.1575,101.0,101.0,100.99999999999999,101.0,101.00000000000004,109.1575,109.1575,113.5,109.1575,101.0,100.99999999999999,100.99999999999999,109.1575,113.5
Mauritania_grid,dry,3,2032,106.71999999999998,106.71999999999998,123.45999999999998,123.45999999999998,123.45999999999998,110.06706432304998,106.71999999999998,106.71999999999998,106.71999999999998,72.84518117451059,53.715999999999994,53.715999999999994,53.715999999999994,72.8451811745106,72.8451811745106,106.71999999999998,106.71999999999998,106.71999999999998,106.71999999999998,72.84518117451059,53.95000000000002,72.84518117451059,72.84518117451059,106.71999999999998
Mauritania_grid,dry,3,2035,103.21,128.35683397444,128.35683397444,128.35683397444,128.35683397444,128.35683397444,103.21,103.21,103.21,95.97817851192718,89.06382279163533,89.06382279163533,89.0638227916353,95.97817851192718,103.21,103.21,103.21,110.26266791030001,103.21,89.0638227916353,89.0638227916353,89.0638227916353,95.97817851192718,103.21
Mauritania_grid,dry,3,2040,122.61135659704,122.61135659704,122.61135659704,122.61135659704,122.61135659704,122.61135659704,122.61135659704,122.61135659704,100.0,100.68278460663001,97.75000000000001,97.75000000000001,97.75000000000001,97.75000000000001,97.75000000000001,115.00000000000003,115.00000000000003,115.00000000000003,115.00000000000003,97.75000000000001,97.75000000000001,97.75000000000001,97.75000000000001,122.61135659704
Mauritania_grid,dry,4,2026,110.42500000000001,110.42500000000001,110.42500000000001,110.42500000000001,110.42500000000001,110.42500000000001,110.42500000000001,110.42500000000001,110.42500000000001,110.42500000000001,110.42500000000001,110.42500000000001,110.42500000000001,110.42500000000001,110.42500000000001,110.42500000000001,110.42500000000001,110.42500000000001,110.42500000000001,110.42500000000001,110.42500000000001,110.42500000000001,110.42500000000001,110.42500000000001
Mauritania_grid,dry,4,2028,101.00000000000001,109.7425,109.7425,109.7425,109.7425,109.7425,109.7425,109.7425,101.00000000000001,101.00000000000001,93.76167850058766,93.76167850058766,56.09207580077761,93.76167850058766,56.09207580077761,93.76167850058766,101.00000000000001,101.00000000000001,101.00000000000001,101.00000000000001,101.00000000000001,101.00000000000001,101.00000000000001,101.00000000000001
Mauritania_grid,dry,4,2030,101.0,109.1575,109.1575,109.1575,109.1575,109.1575,109.1575,109.1575,109.1575,101.00000000000001,73.45376912827614,73.45376912827614,73.45376912827614,73.45376912827614,73.45376912827614,73.45376912827614,101.00000000000001,101.00000000000001,101.0,101.00000000000001,101.0,101.00000000000001,101.00000000000001,101.0
Mauritania_grid,dry,4,2032,72.84518117451059,106.72000000000001,106.72000000000001,106.72000000000001,106.72000000000001,106.72000000000001,106.72000000000001,106.72000000000001,106.72000000000001,53.95000000000001,53.716,46.349999999999994,46.35000000000001,46.35000000000001,46.349999999999994,46.35000000000001,53.716,53.716,53.716,46.349999999999994,46.35000000000001,53.716,53.95000000000001,72.84518117451059
Mauritania_grid,dry,4,2035,95.97817851192718,103.21000000000002,103.21000000000002,103.21000000000002,103.21000000000002,103.21000000000002,103.21000000000002,103.21000000000002,103.21000000000002,95.97817851192718,51.776,46.900000000000006,46.900000000000006,51.776,46.900000000000006,46.900000000000006,51.776,51.776,46.900000000000006,46.900000000000006,46.900000000000006,51.776,95.97817851192718,103.21000000000002
Mauritania_grid,dry,4,2040,97.75000000000001,113.72834321981543,113.72834321981543,113.72834321981543,113.72834321981543,113.72834321981543,113.72834321981543,113.72834321981543,113.72834321981543,97.75000000000001,97.75000000000001,51.250000000000014,51.250000000000014,51.250000000000014,51.250000000000014,51.250000000000014,51.250000000000014,51.250000000000014,51.250000000000014,51.250000000000014,51.250000000000014,51.250000000000014,97.75000000000001,113.72834321981543
Mauritania_grid,wet,1,2026,110.42500000000001,110.42500000000001,110.42500000000001,110.42500000000001,110.42500000000001,110.42500000000001,110.42500000000001,110.42500000000001,110.42500000000001,110.42500000000001,110.42500000000001,110.42500000000001,110.42500000000001,110.42500000000001,110.42500000000001,110.42500000000001,110.42500000000001,110.42500000000001,110.42500000000001,,,0.5,110.42500000000001,110.42500000000001
Mauritania_grid,wet,1,2028,92.0,100.99999999999999,100.99999999999999,108.23529411764706,100.99999999999999,100.99999999999999,108.23529411764706,100.99999999999999,92.00000000000001,92.0,92.0,92.0,92.0,92.0,92.0,92.0,92.0,92.0,92.0,92.0,92.0,92.0,92.0,92.0
Mauritania_grid,wet,1,2030,101.0,101.0,101.00000000000001,101.0,101.0,101.0,101.0,101.0,89.40838517563999,89.40838517563999,89.40838517563999,89.40838517563999,89.40838517563999,89.40838517563999,101.00000000000001,101.00000000000001,101.00000000000001,101.0,89.40838517563999,89.40838517563999,89.40838517563999,89.40838517563999,101.00000000000001,101.00000000000001
Mauritania_grid,wet,1,2032,41.25000000000001,46.349999999999994,46.349999999999994,46.900000000000006,46.349999999999994,46.349999999999994,46.900000000000006,46.349999999999994,41.25000000000001,41.25000000000001,,,0.5,41.25000000000001,41.25000000000001,41.25000000000001,41.25000000000001,41.25000000000001,41.25000000000001,,,0.5,41.25000000000001,41.25000000000001
Mauritania_grid,wet,1,2035,46.35,46.35,46.35,46.35,46.35,46.35,46.35,46.35,0.5,,,,,43.1,43.1,43.1,43.1,43.1,,,,,,39.3975
Mauritania_grid,wet,1,2040,0.5,0.5,0.5,0.5,0.5,0.5,0.5,0.5,,37.47924484462414,37.47924484462414,37.47924484462414,37.47924484462414,44.093229228969584,44.093229228969584,44.093229228969584,44.093229228969584,44.09322922896946,,,,,,0.425
Mauritania_grid,wet,2,2026,110.42500000000001,110.42500000000001,110.42500000000001,110.42500000000001,110.42500000000001,110.42500000000001,110.42500000000001,110.42500000000001,110.42500000000001,110.42500000000001,110.42500000000001,110.42500000000001,110.42500000000001,110.42500000000001,110.42500000000001,110.42500000000001,110.42500000000001,110.42500000000001,110.42500000000001,0.5,0.5,110.42500000000001,110.42500000000001,110.42500000000001
Mauritania_grid,wet,2,2028,92.0,92.0,100.99999999999999,100.99999999999999,100.99999999999999,108.23529411764706,108.23529411764706,108.23529411764706,92.0,92.0,92.0,92.0,92.0,92.0,92.0,92.0,92.0,92.0,100.99999999999999,92.0,92.0,92.0,92.0,92.0
Mauritania_grid,wet,2,2030,101.00000000000001,101.00000000000001,101.0,101.00000000000001,101.0,109.15750000000001,109.15750000000001,109.15750000000001,101.0,89.40838517563999,89.40838517563999,89.40838517563999,101.00000000000001,101.00000000000001,101.00000000000001,101.00000000000001,101.00000000000001,101.0,101.0,89.40838517563999,101.00000000000001,101.00000000000001,101.00000000000001,109.15750000000001
Mauritania_grid,wet,2,2032,53.716,53.716,53.716,53.716,53.716,53.716,53.716,53.716,41.25000000000001,41.25000000000001,41.25000000000001,46.349999999999994,53.716,53.716,53.716,53.716,53.716,53.716,53.716,41.25000000000001,41.25000000000001,53.716,94.2468697651735,106.71999999999998
Mauritania_grid,wet,2,2035,46.35,51.776,51.776,51.776,51.776,50.70588235294118,50.70588235294118,46.900000000000006,43.1,44.0096,44.0096,46.35,51.776,51.776,51.776,51.776,51.776,51.776,51.776,44.0096,44.0096,51.776,103.21000000000002,103.21000000000002
Mauritania_grid,wet,2,2040,48.76899999999999,46.900000000000006,48.76899999999999,51.25,48.76899999999999,48.76899999999999,48.76899999999999,48.76899999999999,,48.76899999999999,48.76899999999999,48.76899999999999,57.375294117647044,57.375294117647044,57.375294117647044,57.375294117647044,57.375294117647044,57.375294117647044,48.76899999999999,48.76899999999999,48.76899999999999,48.76899999999999,97.75000000000003,97.75000000000003
Mauritania_grid,wet,3,2026,110.42500000000001,110.42500000000001,110.42500000000001,110.42500000000001,110.42500000000001,110.42500000000001,110.42500000000001,110.42500000000001,110.42500000000001,110.42500000000001,110.42500000000001,110.42500000000001,110.42500000000001,110.42500000000001,110.42500000000001,110.42500000000001,110.42500000000001,110.42500000000001,110.42500000000001,110.42500000000001,110.42500000000001,110.42500000000001,110.42500000000001,110.42500000000001
Mauritania_grid,wet,3,2028,113.22707688061998,120.99999999999999,120.99999999999999,120.99999999999999,120.99999999999999,120.99999999999999,120.99999999999999,120.99999999999999,109.7425,101.00000000000001,92.0,91.99999999999999,92.0,91.99999999999999,101.00000000000001,101.00000000000001,101.00000000000001,109.7425,109.7425,101.00000000000001,93.281125,101.00000000000001,109.7425,109.7425
Mauritania_grid,wet,3,2030,121.0,134.485343177,124.0,134.485343177,134.485343177,124.0,124.0,124.0,109.1575,101.00000000000001,100.99999999999999,101.00000000000001,101.0,101.00000000000001,101.0,101.0,109.1575,109.1575,109.1575,100.99999999999999,101.00000000000001,101.00000000000001,109.1575,109.1575
Mauritania_grid,wet,3,2032,106.72000000000001,131.99563631345998,131.99563631345998,131.99563631345998,131.99563631345998,106.72000000000001,106.72000000000001,106.72000000000001,106.72000000000001,94.24686976517351,94.2468697651735,94.2468697651735,53.716,94.2468697651735,106.72000000000001,106.72000000000001,106.72000000000001,106.72000000000001,106.72000000000001,94.2468697651735,94.2468697651735,94.2468697651735,106.72000000000001,106.72000000000001
Mauritania_grid,wet,3,2035,104.3452323392366,128.35683397444,128.35683397444,128.35683397444,128.35683397444,103.21000000000002,103.21000000000002,103.21000000000002,103.21000000000002,103.21000000000002,103.21000000000002,103.21000000000002,103.21000000000002,103.21000000000002,104.34523233923657,104.3452323392366,104.34523233923657,104.34523233923657,104.3452323392366,103.21000000000002,103.21000000000002,103.21000000000002,103.21000000000002,104.3452323392366
Mauritania_grid,wet,3,2040,144.24865482004708,144.24865482004708,144.24865482004708,144.24865482004708,122.61135659704,122.61135659704,122.61135659704,122.61135659704,97.75000000000001,122.61135659704,122.61135659704,122.61135659704,122.61135659704,122.61135659704,144.24865482004708,144.24865482004708,144.24865482004708,144.24865482004708,122.61135659704,122.61135659704,122.61135659704,122.61135659704,122.61135659704,122.61135659704
Mauritania_grid,wet,4,2026,110.425,110.425,110.425,110.425,110.425,110.425,110.425,110.425,110.425,110.425,110.425,110.425,110.425,110.425,110.425,110.425,110.425,110.425,,,,,110.425,110.425
Mauritania_grid,wet,4,2028,92.00000000000001,92.0,100.99999999999999,109.7425,109.7425,109.7425,108.23529411764706,100.99999999999999,92.0,92.0,92.00000000000001,92.0,69.14,92.00000000000001,92.00000000000001,92.00000000000001,92.0,92.0,92.0,92.00000000000001,92.00000000000001,92.0,92.00000000000001,92.0
Mauritania_grid,wet,4,2030,101.0,101.00000000000001,100.99999999999999,109.1575,101.00000000000001,109.1575,109.1575,100.99999999999999,101.00000000000001,89.40838517564,89.40838517564,89.40838517564,89.40838517564,89.40838517564,89.40838517564,89.40838517564,89.40838517564,89.40838517564,89.40838517564,89.40838517564,89.40838517564,89.40838517564,101.00000000000001,101.00000000000001
Mauritania_grid,wet,4,2032,53.716,94.2468697651735,94.2468697651735,98.71,98.71,53.716,53.716,53.716,41.25000000000001,41.25000000000001,,,0.5,41.25000000000001,41.25000000000001,41.25000000000001,41.25000000000001,41.25000000000001,,,,,41.25000000000001,41.25000000000001
Mauritania_grid,wet,4,2035,51.776,51.776,51.776,51.776,51.776,51.776,51.776,46.35,43.099999999999994,,,,,,,,,,,,,,0.5,43.099999999999994
Mauritania_grid,wet,4,2040,48.76899999999999,48.76899999999999,48.76899999999999,48.76899999999999,48.76899999999999,48.76899999999999,48.76899999999999,48.76899999999999,,,,,,,,,,,,,,,,46.35
