c,z,y,uni,value
AFG,NEPS_AFG,2026,Demand: GWh,6995.100000000003
AFG,NEPS_AFG,2026,Exports exchange: GWh,3772.0756171771022
AFG,NEPS_AFG,2026,Imports exchange: GWh,2876.98057738807
AFG,NEPS_AFG,2026,Net interchange Ratio: GWh,-0.1279602921743838
AFG,NEPS_AFG,2026,Net interchange: GWh,-895.0950397890324
AFG,NEPS_AFG,2026,Total Demand: GWh,6995.100000000003
AFG,NEPS_AFG,2026,Total production: GWh,7890.420934622481
AFG,NEPS_AFG,2027,Demand: GWh,7411.600000000006
AFG,NEPS_AFG,2027,Exports exchange: GWh,4144.613119275827
AFG,NEPS_AFG,2027,Imports exchange: GWh,3550.847213606992
AFG,NEPS_AFG,2027,Net interchange Ratio: GWh,-0.0801130532771377
AFG,NEPS_AFG,2027,Net interchange: GWh,-593.7659056688344
AFG,NEPS_AFG,2027,Total Demand: GWh,7411.600000000006
AFG,NEPS_AFG,2027,Total production: GWh,8005.442477968056
AFG,NEPS_AFG,2028,Demand: GWh,7939.999999999998
AFG,NEPS_AFG,2028,Exports exchange: GWh,4335.107568650091
AFG,NEPS_AFG,2028,Imports exchange: GWh,3257.955708565124
AFG,NEPS_AFG,2028,Net interchange Ratio: GWh,-0.1356614433356382
AFG,NEPS_AFG,2028,Net interchange: GWh,-1077.1518600849672
AFG,NEPS_AFG,2028,Total Demand: GWh,7939.999999999998
AFG,NEPS_AFG,2028,Total production: GWh,9021.89675031354
AFG,NEPS_AFG,2029,Demand: GWh,8384.6
AFG,NEPS_AFG,2029,Exports exchange: GWh,3747.806245919253
AFG,NEPS_AFG,2029,Imports exchange: GWh,1850.9763520147333
AFG,NEPS_AFG,2029,Net interchange Ratio: GWh,-0.2262278336360135
AFG,NEPS_AFG,2029,Net interchange: GWh,-1896.8298939045192
AFG,NEPS_AFG,2029,Total Demand: GWh,8384.6
AFG,NEPS_AFG,2029,Total production: GWh,10283.256365802088
AFG,NEPS_AFG,2030,Demand: GWh,8720.100000000011
AFG,NEPS_AFG,2030,Exports exchange: GWh,4660.815681557199
AFG,NEPS_AFG,2030,Imports exchange: GWh,1368.757048979819
AFG,NEPS_AFG,2030,Net interchange Ratio: GWh,-0.3775253302803151
AFG,NEPS_AFG,2030,Net interchange: GWh,-3292.05863257738
AFG,NEPS_AFG,2030,Total Demand: GWh,8720.100000000011
AFG,NEPS_AFG,2030,Total production: GWh,12014.933055349336
AFG,NEPS_AFG,2031,Demand: GWh,9202.3
AFG,NEPS_AFG,2031,Exports exchange: GWh,6163.456625692301
AFG,NEPS_AFG,2031,Imports exchange: GWh,2780.7557159795847
AFG,NEPS_AFG,2031,Net interchange Ratio: GWh,-0.3675929832447014
AFG,NEPS_AFG,2031,Net interchange: GWh,-3382.700909712716
AFG,NEPS_AFG,2031,Total Demand: GWh,9202.3
AFG,NEPS_AFG,2031,Total production: GWh,12585.000909712722
AFG,NEPS_AFG,2032,Demand: GWh,9711.299999999996
AFG,NEPS_AFG,2032,Exports exchange: GWh,6245.552272739632
AFG,NEPS_AFG,2032,Imports exchange: GWh,2520.2427308326746
AFG,NEPS_AFG,2032,Net interchange Ratio: GWh,-0.3836056492855702
AFG,NEPS_AFG,2032,Net interchange: GWh,-3725.309541906957
AFG,NEPS_AFG,2032,Total Demand: GWh,9711.299999999996
AFG,NEPS_AFG,2032,Total production: GWh,13436.60954190696
AFG,NEPS_AFG,2033,Demand: GWh,10248.299999999972
AFG,NEPS_AFG,2033,Exports exchange: GWh,6323.935476962075
AFG,NEPS_AFG,2033,Imports exchange: GWh,2162.7497468929805
AFG,NEPS_AFG,2033,Net interchange Ratio: GWh,-0.4060366821881781
AFG,NEPS_AFG,2033,Net interchange: GWh,-4161.185730069095
AFG,NEPS_AFG,2033,Total Demand: GWh,10248.299999999972
AFG,NEPS_AFG,2033,Total production: GWh,14409.48573006909
AFG,NEPS_AFG,2034,Demand: GWh,10815.10000000001
AFG,NEPS_AFG,2034,Exports exchange: GWh,6725.946799934039
AFG,NEPS_AFG,2034,Imports exchange: GWh,1976.1013430896944
AFG,NEPS_AFG,2034,Net interchange Ratio: GWh,-0.439186457531076
AFG,NEPS_AFG,2034,Net interchange: GWh,-4749.845456844344
AFG,NEPS_AFG,2034,Total Demand: GWh,10815.10000000001
AFG,NEPS_AFG,2034,Total production: GWh,15564.945456844343
AFG,NEPS_AFG,2035,Demand: GWh,11413.299999999985
AFG,NEPS_AFG,2035,Exports exchange: GWh,6916.848878398616
AFG,NEPS_AFG,2035,Imports exchange: GWh,2066.3532276685914
AFG,NEPS_AFG,2035,Net interchange Ratio: GWh,-0.4249862573252286
AFG,NEPS_AFG,2035,Net interchange: GWh,-4850.495650730025
AFG,NEPS_AFG,2035,Total Demand: GWh,11413.299999999985
AFG,NEPS_AFG,2035,Total production: GWh,16263.79565073002
AFG,NEPS_AFG,2040,Demand: GWh,14938.299999999996
AFG,NEPS_AFG,2040,Exports exchange: GWh,6660.345633825857
AFG,NEPS_AFG,2040,Imports exchange: GWh,2475.281854492672
AFG,NEPS_AFG,2040,Net interchange Ratio: GWh,-0.2801566295584628
AFG,NEPS_AFG,2040,Net interchange: GWh,-4185.063779333184
AFG,NEPS_AFG,2040,Total Demand: GWh,14938.299999999996
AFG,NEPS_AFG,2040,Total production: GWh,19123.36377933319
AFG,NEPS_AFG,2045,Demand: GWh,19552.09999999997
AFG,NEPS_AFG,2045,Exports exchange: GWh,5710.932611204904
AFG,NEPS_AFG,2045,Imports exchange: GWh,2513.724590488436
AFG,NEPS_AFG,2045,Net interchange Ratio: GWh,-0.1635224871352169
AFG,NEPS_AFG,2045,Net interchange: GWh,-3197.2080207164686
AFG,NEPS_AFG,2045,Total Demand: GWh,19552.09999999997
AFG,NEPS_AFG,2045,Total production: GWh,22749.30258144405
AFG,NEPS_AFG,2045,Unmet demand: GWh,0.0054392724053923
AFG,NEPS_AFG,2050,Demand: GWh,25590.799999999992
AFG,NEPS_AFG,2050,Exports exchange: GWh,5915.20035858816
AFG,NEPS_AFG,2050,Imports exchange: GWh,2672.207893753166
AFG,NEPS_AFG,2050,Net interchange Ratio: GWh,-0.1267249349311078
AFG,NEPS_AFG,2050,Net interchange: GWh,-3242.9924648349943
AFG,NEPS_AFG,2050,Total Demand: GWh,25590.799999999992
AFG,NEPS_AFG,2050,Total production: GWh,28815.69502959231
AFG,NEPS_AFG,2050,Unmet demand: GWh,18.09743524267452
AFG,NEPS_HERAT,2026,Demand: GWh,1839.1
AFG,NEPS_HERAT,2026,Imports exchange: GWh,8.759999999999976e-09
AFG,NEPS_HERAT,2026,Net interchange Ratio: GWh,4.763199391006458e-12
AFG,NEPS_HERAT,2026,Net interchange: GWh,8.759999999999976e-09
AFG,NEPS_HERAT,2026,Total Demand: GWh,1839.1
AFG,NEPS_HERAT,2026,Total production: GWh,1837.888114259616
AFG,NEPS_HERAT,2026,Unmet demand: GWh,1.2118857316646503
AFG,NEPS_HERAT,2027,Demand: GWh,1949.9000000000035
AFG,NEPS_HERAT,2027,Exports exchange: GWh,7.918999999999991e-09
AFG,NEPS_HERAT,2027,Imports exchange: GWh,8.409999999999992e-10
AFG,NEPS_HERAT,2027,Net interchange Ratio: GWh,-3.6299297399866563e-12
AFG,NEPS_HERAT,2027,Net interchange: GWh,-7.0779999999999915e-09
AFG,NEPS_HERAT,2027,Total Demand: GWh,1949.9000000000035
AFG,NEPS_HERAT,2027,Total production: GWh,1948.591095985288
AFG,NEPS_HERAT,2027,Unmet demand: GWh,1.3089040217980432
AFG,NEPS_HERAT,2028,Demand: GWh,2067.0
AFG,NEPS_HERAT,2028,Exports exchange: GWh,7.53999999999999e-09
AFG,NEPS_HERAT,2028,Imports exchange: GWh,8.409999999999992e-10
AFG,NEPS_HERAT,2028,Net interchange Ratio: GWh,-3.240928882438312e-12
AFG,NEPS_HERAT,2028,Net interchange: GWh,-6.698999999999991e-09
AFG,NEPS_HERAT,2028,Total Demand: GWh,2067.0
AFG,NEPS_HERAT,2028,Total production: GWh,2065.5819632299995
AFG,NEPS_HERAT,2028,Unmet demand: GWh,1.4180367767087725
AFG,NEPS_HERAT,2029,Demand: GWh,2190.5999999999945
AFG,NEPS_HERAT,2029,Exports exchange: GWh,5.591000000000001e-09
AFG,NEPS_HERAT,2029,Imports exchange: GWh,2.981999999999997e-09
AFG,NEPS_HERAT,2029,Net interchange Ratio: GWh,-1.1909979001186934e-12
AFG,NEPS_HERAT,2029,Net interchange: GWh,-2.6090000000000033e-09
AFG,NEPS_HERAT,2029,Total Demand: GWh,2190.5999999999945
AFG,NEPS_HERAT,2029,Total production: GWh,2189.185475107075
AFG,NEPS_HERAT,2029,Unmet demand: GWh,1.4145248955461016
AFG,NEPS_HERAT,2030,Demand: GWh,2321.2000000000044
AFG,NEPS_HERAT,2030,Exports exchange: GWh,80.676531420688
AFG,NEPS_HERAT,2030,Imports exchange: GWh,547.9841490007196
AFG,NEPS_HERAT,2030,Net interchange Ratio: GWh,0.2013215653886053
AFG,NEPS_HERAT,2030,Net interchange: GWh,467.30761758003166
AFG,NEPS_HERAT,2030,Total Demand: GWh,2321.2000000000044
AFG,NEPS_HERAT,2030,Total production: GWh,1856.6323031649724
AFG,NEPS_HERAT,2031,Demand: GWh,2461.2000000000094
AFG,NEPS_HERAT,2031,Exports exchange: GWh,380.6945857305407
AFG,NEPS_HERAT,2031,Imports exchange: GWh,1060.4214314505496
AFG,NEPS_HERAT,2031,Net interchange Ratio: GWh,0.2761770054119967
AFG,NEPS_HERAT,2031,Net interchange: GWh,679.7268457200089
AFG,NEPS_HERAT,2031,Total Demand: GWh,2461.2000000000094
AFG,NEPS_HERAT,2031,Total production: GWh,1781.4731542799946
AFG,NEPS_HERAT,2032,Demand: GWh,2609.700000000004
AFG,NEPS_HERAT,2032,Exports exchange: GWh,415.94376246729536
AFG,NEPS_HERAT,2032,Imports exchange: GWh,1132.644173455566
AFG,NEPS_HERAT,2032,Net interchange Ratio: GWh,0.2746294252167949
AFG,NEPS_HERAT,2032,Net interchange: GWh,716.7004109882707
AFG,NEPS_HERAT,2032,Total Demand: GWh,2609.700000000004
AFG,NEPS_HERAT,2032,Total production: GWh,1892.999589011731
AFG,NEPS_HERAT,2033,Demand: GWh,2767.1000000000013
AFG,NEPS_HERAT,2033,Exports exchange: GWh,389.5468986658664
AFG,NEPS_HERAT,2033,Imports exchange: GWh,1175.098640588349
AFG,NEPS_HERAT,2033,Net interchange Ratio: GWh,0.2838898998671831
AFG,NEPS_HERAT,2033,Net interchange: GWh,785.5517419224827
AFG,NEPS_HERAT,2033,Total Demand: GWh,2767.1000000000013
AFG,NEPS_HERAT,2033,Total production: GWh,1981.54825807752
AFG,NEPS_HERAT,2034,Demand: GWh,2934.000000000005
AFG,NEPS_HERAT,2034,Exports exchange: GWh,383.3148975547613
AFG,NEPS_HERAT,2034,Imports exchange: GWh,1231.7630601125009
AFG,NEPS_HERAT,2034,Net interchange Ratio: GWh,0.2891779695152481
AFG,NEPS_HERAT,2034,Net interchange: GWh,848.4481625577396
AFG,NEPS_HERAT,2034,Total Demand: GWh,2934.000000000005
AFG,NEPS_HERAT,2034,Total production: GWh,2085.5518374422663
AFG,NEPS_HERAT,2035,Demand: GWh,3111.1000000000017
AFG,NEPS_HERAT,2035,Exports exchange: GWh,422.2712631607528
AFG,NEPS_HERAT,2035,Imports exchange: GWh,1156.0054826254006
AFG,NEPS_HERAT,2035,Net interchange Ratio: GWh,0.2358439842707233
AFG,NEPS_HERAT,2035,Net interchange: GWh,733.7342194646478
AFG,NEPS_HERAT,2035,Total Demand: GWh,3111.1000000000017
AFG,NEPS_HERAT,2035,Total production: GWh,2377.3657805353537
AFG,NEPS_HERAT,2040,Demand: GWh,4169.800000000002
AFG,NEPS_HERAT,2040,Exports exchange: GWh,485.20889339847776
AFG,NEPS_HERAT,2040,Imports exchange: GWh,1261.8422748603914
AFG,NEPS_HERAT,2040,Net interchange Ratio: GWh,0.1862519500843957
AFG,NEPS_HERAT,2040,Net interchange: GWh,776.6333814619136
AFG,NEPS_HERAT,2040,Total Demand: GWh,4169.800000000002
AFG,NEPS_HERAT,2040,Total production: GWh,3393.166618538081
AFG,NEPS_HERAT,2045,Demand: GWh,5588.8
AFG,NEPS_HERAT,2045,Exports exchange: GWh,507.6143530348226
AFG,NEPS_HERAT,2045,Imports exchange: GWh,1523.6737652059671
AFG,NEPS_HERAT,2045,Net interchange Ratio: GWh,0.1818027863174821
AFG,NEPS_HERAT,2045,Net interchange: GWh,1016.0594121711443
AFG,NEPS_HERAT,2045,Total Demand: GWh,5588.8
AFG,NEPS_HERAT,2045,Total production: GWh,4572.740587828854
AFG,NEPS_HERAT,2050,Demand: GWh,7490.600000000012
AFG,NEPS_HERAT,2050,Exports exchange: GWh,424.3915165984284
AFG,NEPS_HERAT,2050,Imports exchange: GWh,1978.9961978573976
AFG,NEPS_HERAT,2050,Net interchange Ratio: GWh,0.2075407418977073
AFG,NEPS_HERAT,2050,Net interchange: GWh,1554.604681258969
AFG,NEPS_HERAT,2050,Total Demand: GWh,7490.600000000012
AFG,NEPS_HERAT,2050,Total production: GWh,5933.788292800917
AFG,NEPS_HERAT,2050,Unmet demand: GWh,2.207025940114142
AFG,NEPS_TAJ,2026,Demand: GWh,1907.7
AFG,NEPS_TAJ,2026,Exports exchange: GWh,2256.4731313461093
AFG,NEPS_TAJ,2026,Imports exchange: GWh,2650.5895887822817
AFG,NEPS_TAJ,2026,Net interchange Ratio: GWh,0.206592471267061
AFG,NEPS_TAJ,2026,Net interchange: GWh,394.1164574361724
AFG,NEPS_TAJ,2026,Total Demand: GWh,1907.7
AFG,NEPS_TAJ,2026,Total production: GWh,1518.5985442114204
AFG,NEPS_TAJ,2027,Demand: GWh,2021.4
AFG,NEPS_TAJ,2027,Exports exchange: GWh,2172.089808970645
AFG,NEPS_TAJ,2027,Imports exchange: GWh,1563.5666777747708
AFG,NEPS_TAJ,2027,Net interchange Ratio: GWh,-0.3010404329652095
AFG,NEPS_TAJ,2027,Net interchange: GWh,-608.5231311958744
AFG,NEPS_TAJ,2027,Total Demand: GWh,2021.4
AFG,NEPS_TAJ,2027,Total production: GWh,2636.3442914752063
AFG,NEPS_TAJ,2028,Demand: GWh,2165.499999999998
AFG,NEPS_TAJ,2028,Exports exchange: GWh,1756.6042094700747
AFG,NEPS_TAJ,2028,Imports exchange: GWh,2042.573791459819
AFG,NEPS_TAJ,2028,Net interchange Ratio: GWh,0.1320570685706509
AFG,NEPS_TAJ,2028,Net interchange: GWh,285.96958198974426
AFG,NEPS_TAJ,2028,Total Demand: GWh,2165.499999999998
AFG,NEPS_TAJ,2028,Total production: GWh,1887.327738493365
AFG,NEPS_TAJ,2029,Demand: GWh,2286.699999999996
AFG,NEPS_TAJ,2029,Exports exchange: GWh,1482.1819403471814
AFG,NEPS_TAJ,2029,Imports exchange: GWh,2047.8947056283016
AFG,NEPS_TAJ,2029,Net interchange Ratio: GWh,0.2473926467315877
AFG,NEPS_TAJ,2029,Net interchange: GWh,565.7127652811205
AFG,NEPS_TAJ,2029,Total Demand: GWh,2286.699999999996
AFG,NEPS_TAJ,2029,Total production: GWh,1730.809954802227
AFG,NEPS_TAJ,2030,Demand: GWh,2378.1999999999985
AFG,NEPS_TAJ,2030,Exports exchange: GWh,1809.6648219484564
AFG,NEPS_TAJ,2030,Imports exchange: GWh,1169.4643324750648
AFG,NEPS_TAJ,2030,Net interchange Ratio: GWh,-0.2691953954559717
AFG,NEPS_TAJ,2030,Net interchange: GWh,-640.2004894733916
AFG,NEPS_TAJ,2030,Total Demand: GWh,2378.1999999999985
AFG,NEPS_TAJ,2030,Total production: GWh,3023.448895354836
AFG,NEPS_TAJ,2031,Demand: GWh,2509.6999999999944
AFG,NEPS_TAJ,2031,Exports exchange: GWh,2453.8310310695447
AFG,NEPS_TAJ,2031,Imports exchange: GWh,1935.6965465513103
AFG,NEPS_TAJ,2031,Net interchange Ratio: GWh,-0.2064527571097084
AFG,NEPS_TAJ,2031,Net interchange: GWh,-518.1344845182341
AFG,NEPS_TAJ,2031,Total Demand: GWh,2509.6999999999944
AFG,NEPS_TAJ,2031,Total production: GWh,3027.834484518225
AFG,NEPS_TAJ,2032,Demand: GWh,2648.4999999999995
AFG,NEPS_TAJ,2032,Exports exchange: GWh,2381.2579604223824
AFG,NEPS_TAJ,2032,Imports exchange: GWh,2205.385543930619
AFG,NEPS_TAJ,2032,Net interchange Ratio: GWh,-0.0664045370933598
AFG,NEPS_TAJ,2032,Net interchange: GWh,-175.8724164917635
AFG,NEPS_TAJ,2032,Total Demand: GWh,2648.4999999999995
AFG,NEPS_TAJ,2032,Total production: GWh,2824.3724164917585
AFG,NEPS_TAJ,2033,Demand: GWh,2795.000000000001
AFG,NEPS_TAJ,2033,Exports exchange: GWh,2370.3750651303785
AFG,NEPS_TAJ,2033,Imports exchange: GWh,2201.948880829476
AFG,NEPS_TAJ,2033,Net interchange Ratio: GWh,-0.0602598154922728
AFG,NEPS_TAJ,2033,Net interchange: GWh,-168.4261843009026
AFG,NEPS_TAJ,2033,Total Demand: GWh,2795.000000000001
AFG,NEPS_TAJ,2033,Total production: GWh,2963.4261843009026
AFG,NEPS_TAJ,2034,Demand: GWh,2949.5999999999945
AFG,NEPS_TAJ,2034,Exports exchange: GWh,2551.803837768917
AFG,NEPS_TAJ,2034,Imports exchange: GWh,2314.8558922651914
AFG,NEPS_TAJ,2034,Net interchange Ratio: GWh,-0.0803322299646481
AFG,NEPS_TAJ,2034,Net interchange: GWh,-236.9479455037258
AFG,NEPS_TAJ,2034,Total Demand: GWh,2949.5999999999945
AFG,NEPS_TAJ,2034,Total production: GWh,3186.5479455037234
AFG,NEPS_TAJ,2035,Demand: GWh,3112.6999999999966
AFG,NEPS_TAJ,2035,Exports exchange: GWh,3353.78626746334
AFG,NEPS_TAJ,2035,Imports exchange: GWh,2009.976373599088
AFG,NEPS_TAJ,2035,Net interchange Ratio: GWh,-0.4317184096971289
AFG,NEPS_TAJ,2035,Net interchange: GWh,-1343.8098938642515
AFG,NEPS_TAJ,2035,Total Demand: GWh,3112.6999999999966
AFG,NEPS_TAJ,2035,Total production: GWh,4456.509893864257
AFG,NEPS_TAJ,2040,Demand: GWh,4074.0999999999976
AFG,NEPS_TAJ,2040,Exports exchange: GWh,3060.9976900228567
AFG,NEPS_TAJ,2040,Imports exchange: GWh,2489.0529831890804
AFG,NEPS_TAJ,2040,Net interchange Ratio: GWh,-0.1403855346785245
AFG,NEPS_TAJ,2040,Net interchange: GWh,-571.9447068337763
AFG,NEPS_TAJ,2040,Total Demand: GWh,4074.0999999999976
AFG,NEPS_TAJ,2040,Total production: GWh,4646.044706833775
AFG,NEPS_TAJ,2045,Demand: GWh,5332.400000000017
AFG,NEPS_TAJ,2045,Exports exchange: GWh,2136.1398879042567
AFG,NEPS_TAJ,2045,Imports exchange: GWh,2649.1848958538176
AFG,NEPS_TAJ,2045,Net interchange Ratio: GWh,0.0962127762263819
AFG,NEPS_TAJ,2045,Net interchange: GWh,513.0450079495608
AFG,NEPS_TAJ,2045,Total Demand: GWh,5332.400000000017
AFG,NEPS_TAJ,2045,Total production: GWh,4819.354992050449
AFG,NEPS_TAJ,2050,Demand: GWh,6979.299999999994
AFG,NEPS_TAJ,2050,Exports exchange: GWh,1936.078760018039
AFG,NEPS_TAJ,2050,Imports exchange: GWh,3336.2951763585343
AFG,NEPS_TAJ,2050,Net interchange Ratio: GWh,0.2006241910134965
AFG,NEPS_TAJ,2050,Net interchange: GWh,1400.2164163404952
AFG,NEPS_TAJ,2050,Total Demand: GWh,6979.299999999994
AFG,NEPS_TAJ,2050,Total production: GWh,5579.083583659506
AFG,NEPS_TKM,2026,Demand: GWh,790.4000000000024
AFG,NEPS_TKM,2026,Exports exchange: GWh,2282.533852672191
AFG,NEPS_TKM,2026,Imports exchange: GWh,3088.3757313288484
AFG,NEPS_TKM,2026,Net interchange Ratio: GWh,1.0195367897983991
AFG,NEPS_TKM,2026,Net interchange: GWh,805.8418786566572
AFG,NEPS_TKM,2026,Total Demand: GWh,790.4000000000024
AFG,NEPS_TKM,2027,Demand: GWh,837.3999999999988
AFG,NEPS_TKM,2027,Exports exchange: GWh,1157.093469492621
AFG,NEPS_TKM,2027,Imports exchange: GWh,2004.5160497413187
AFG,NEPS_TKM,2027,Net interchange Ratio: GWh,1.011968689095652
AFG,NEPS_TKM,2027,Net interchange: GWh,847.4225802486978
AFG,NEPS_TKM,2027,Total Demand: GWh,837.3999999999988
AFG,NEPS_TKM,2028,Demand: GWh,897.1000000000005
AFG,NEPS_TKM,2028,Exports exchange: GWh,1391.403699250004
AFG,NEPS_TKM,2028,Imports exchange: GWh,2300.003717839192
AFG,NEPS_TKM,2028,Net interchange Ratio: GWh,1.0128191044356116
AFG,NEPS_TKM,2028,Net interchange: GWh,908.6000185891876
AFG,NEPS_TKM,2028,Total Demand: GWh,897.1000000000005
AFG,NEPS_TKM,2029,Demand: GWh,947.2999999999988
AFG,NEPS_TKM,2029,Exports exchange: GWh,425.7193952420157
AFG,NEPS_TKM,2029,Imports exchange: GWh,808.784669449422
AFG,NEPS_TKM,2029,Net interchange Ratio: GWh,0.4043758832549423
AFG,NEPS_TKM,2029,Net interchange: GWh,383.06527420740633
AFG,NEPS_TKM,2029,Total Demand: GWh,947.2999999999988
AFG,NEPS_TKM,2029,Total production: GWh,568.2786491398398
AFG,NEPS_TKM,2030,Demand: GWh,985.3000000000022
AFG,NEPS_TKM,2030,Exports exchange: GWh,1798.2773345210935
AFG,NEPS_TKM,2030,Imports exchange: GWh,1213.7664477524388
AFG,NEPS_TKM,2030,Net interchange Ratio: GWh,-0.5932313881748232
AFG,NEPS_TKM,2030,Net interchange: GWh,-584.5108867686547
AFG,NEPS_TKM,2030,Total Demand: GWh,985.3000000000022
AFG,NEPS_TKM,2030,Total production: GWh,1575.879719007415
AFG,NEPS_TKM,2031,Demand: GWh,1039.6999999999996
AFG,NEPS_TKM,2031,Exports exchange: GWh,2847.1530186800505
AFG,NEPS_TKM,2031,Imports exchange: GWh,1469.0363106258071
AFG,NEPS_TKM,2031,Net interchange Ratio: GWh,-1.325494573486817
AFG,NEPS_TKM,2031,Net interchange: GWh,-1378.1167080542432
AFG,NEPS_TKM,2031,Total Demand: GWh,1039.6999999999996
AFG,NEPS_TKM,2031,Total production: GWh,2417.8167080542416
AFG,NEPS_TKM,2032,Demand: GWh,1097.1999999999991
AFG,NEPS_TKM,2032,Exports exchange: GWh,2863.9753032369545
AFG,NEPS_TKM,2032,Imports exchange: GWh,1617.8607424748468
AFG,NEPS_TKM,2032,Net interchange Ratio: GWh,-1.1357223484889798
AFG,NEPS_TKM,2032,Net interchange: GWh,-1246.1145607621077
AFG,NEPS_TKM,2032,Total Demand: GWh,1097.1999999999991
AFG,NEPS_TKM,2032,Total production: GWh,2343.314560762109
AFG,NEPS_TKM,2033,Demand: GWh,1157.9000000000003
AFG,NEPS_TKM,2033,Exports exchange: GWh,2986.0347937597394
AFG,NEPS_TKM,2033,Imports exchange: GWh,1639.362208609644
AFG,NEPS_TKM,2033,Net interchange Ratio: GWh,-1.1630301279472277
AFG,NEPS_TKM,2033,Net interchange: GWh,-1346.6725851500953
AFG,NEPS_TKM,2033,Total Demand: GWh,1157.9000000000003
AFG,NEPS_TKM,2033,Total production: GWh,2504.572585150099
AFG,NEPS_TKM,2034,Demand: GWh,1222.0000000000002
AFG,NEPS_TKM,2034,Exports exchange: GWh,2950.588974799164
AFG,NEPS_TKM,2034,Imports exchange: GWh,1569.631556199356
AFG,NEPS_TKM,2034,Net interchange Ratio: GWh,-1.130079720621774
AFG,NEPS_TKM,2034,Net interchange: GWh,-1380.957418599808
AFG,NEPS_TKM,2034,Total Demand: GWh,1222.0000000000002
AFG,NEPS_TKM,2034,Total production: GWh,2602.957418599809
AFG,NEPS_TKM,2035,Demand: GWh,1289.599999999998
AFG,NEPS_TKM,2035,Exports exchange: GWh,2786.650939776063
AFG,NEPS_TKM,2035,Imports exchange: GWh,1364.1323682626114
AFG,NEPS_TKM,2035,Net interchange Ratio: GWh,-1.1030696119055938
AFG,NEPS_TKM,2035,Net interchange: GWh,-1422.5185715134514
AFG,NEPS_TKM,2035,Total Demand: GWh,1289.599999999998
AFG,NEPS_TKM,2035,Total production: GWh,2712.1185715134493
AFG,NEPS_TKM,2040,Demand: GWh,1687.8000000000022
AFG,NEPS_TKM,2040,Exports exchange: GWh,2719.9797933205487
AFG,NEPS_TKM,2040,Imports exchange: GWh,1740.883439854315
AFG,NEPS_TKM,2040,Net interchange Ratio: GWh,-0.5801021172332222
AFG,NEPS_TKM,2040,Net interchange: GWh,-979.0963534662336
AFG,NEPS_TKM,2040,Total Demand: GWh,1687.8000000000022
AFG,NEPS_TKM,2040,Total production: GWh,2666.896353466238
AFG,NEPS_TKM,2045,Demand: GWh,2209.0999999999995
AFG,NEPS_TKM,2045,Exports exchange: GWh,3264.6791226559976
AFG,NEPS_TKM,2045,Imports exchange: GWh,1960.7741339295048
AFG,NEPS_TKM,2045,Net interchange Ratio: GWh,-0.5902426276431547
AFG,NEPS_TKM,2045,Net interchange: GWh,-1303.9049887264928
AFG,NEPS_TKM,2045,Total Demand: GWh,2209.0999999999995
AFG,NEPS_TKM,2045,Total production: GWh,3512.7560087954994
AFG,NEPS_TKM,2045,Unmet demand: GWh,0.2489799309859067
AFG,NEPS_TKM,2050,Demand: GWh,2891.400000000001
AFG,NEPS_TKM,2050,Exports exchange: GWh,4285.786310922686
AFG,NEPS_TKM,2050,Imports exchange: GWh,2747.6671452305404
AFG,NEPS_TKM,2050,Net interchange Ratio: GWh,-0.5319634660344973
AFG,NEPS_TKM,2050,Net interchange: GWh,-1538.119165692146
AFG,NEPS_TKM,2050,Total Demand: GWh,2891.400000000001
AFG,NEPS_TKM,2050,Total production: GWh,4419.496232264175
AFG,NEPS_TKM,2050,Unmet demand: GWh,10.02293342796686
AFG,NEPS_UZB,2026,Demand: GWh,1907.7
AFG,NEPS_UZB,2026,Exports exchange: GWh,3549.178400327951
AFG,NEPS_UZB,2026,Imports exchange: GWh,3834.770120495952
AFG,NEPS_UZB,2026,Net interchange Ratio: GWh,0.1497047335367203
AFG,NEPS_UZB,2026,Net interchange: GWh,285.5917201680013
AFG,NEPS_UZB,2026,Total Demand: GWh,1907.7
AFG,NEPS_UZB,2026,Total production: GWh,1641.282130434473
AFG,NEPS_UZB,2027,Demand: GWh,2021.4
AFG,NEPS_UZB,2027,Exports exchange: GWh,3121.254010127081
AFG,NEPS_UZB,2027,Imports exchange: GWh,2782.7287796826336
AFG,NEPS_UZB,2027,Net interchange Ratio: GWh,-0.16747067895738
AFG,NEPS_UZB,2027,Net interchange: GWh,-338.525230444448
AFG,NEPS_UZB,2027,Total Demand: GWh,2021.4
AFG,NEPS_UZB,2027,Total production: GWh,2373.83887434286
AFG,NEPS_UZB,2028,Demand: GWh,2165.499999999998
AFG,NEPS_UZB,2028,Exports exchange: GWh,3550.465199525717
AFG,NEPS_UZB,2028,Imports exchange: GWh,2730.803911921033
AFG,NEPS_UZB,2028,Net interchange Ratio: GWh,-0.3785090222141235
AFG,NEPS_UZB,2028,Net interchange: GWh,-819.6612876046838
AFG,NEPS_UZB,2028,Total Demand: GWh,2165.499999999998
AFG,NEPS_UZB,2028,Total production: GWh,2998.8153071642937
AFG,NEPS_UZB,2029,Demand: GWh,2286.699999999996
AFG,NEPS_UZB,2029,Exports exchange: GWh,1413.1383589241652
AFG,NEPS_UZB,2029,Imports exchange: GWh,1124.9510751087057
AFG,NEPS_UZB,2029,Net interchange Ratio: GWh,-0.1260275872722526
AFG,NEPS_UZB,2029,Net interchange: GWh,-288.1872838154595
AFG,NEPS_UZB,2029,Total Demand: GWh,2286.699999999996
AFG,NEPS_UZB,2029,Total production: GWh,2580.512039191001
AFG,NEPS_UZB,2030,Demand: GWh,2378.1999999999985
AFG,NEPS_UZB,2030,Exports exchange: GWh,3779.507897599725
AFG,NEPS_UZB,2030,Imports exchange: GWh,2045.8420910966904
AFG,NEPS_UZB,2030,Net interchange Ratio: GWh,-0.7289823423189956
AFG,NEPS_UZB,2030,Net interchange: GWh,-1733.6658065030342
AFG,NEPS_UZB,2030,Total Demand: GWh,2378.1999999999985
AFG,NEPS_UZB,2030,Total production: GWh,4122.095016958516
AFG,NEPS_UZB,2031,Demand: GWh,2509.6999999999944
AFG,NEPS_UZB,2031,Exports exchange: GWh,4374.491127926766
AFG,NEPS_UZB,2031,Imports exchange: GWh,3388.119419660575
AFG,NEPS_UZB,2031,Net interchange Ratio: GWh,-0.3930237511520075
AFG,NEPS_UZB,2031,Net interchange: GWh,-986.371708266191
AFG,NEPS_UZB,2031,Total Demand: GWh,2509.6999999999944
AFG,NEPS_UZB,2031,Total production: GWh,3496.071708266184
AFG,NEPS_UZB,2032,Demand: GWh,2648.4999999999995
AFG,NEPS_UZB,2032,Exports exchange: GWh,4372.888971198829
AFG,NEPS_UZB,2032,Imports exchange: GWh,3437.693819394817
AFG,NEPS_UZB,2032,Net interchange Ratio: GWh,-0.3531037008888093
AFG,NEPS_UZB,2032,Net interchange: GWh,-935.1951518040114
AFG,NEPS_UZB,2032,Total Demand: GWh,2648.4999999999995
AFG,NEPS_UZB,2032,Total production: GWh,3583.695151804007
AFG,NEPS_UZB,2033,Demand: GWh,2795.000000000001
AFG,NEPS_UZB,2033,Exports exchange: GWh,4430.568327991117
AFG,NEPS_UZB,2033,Imports exchange: GWh,3482.640616845863
AFG,NEPS_UZB,2033,Net interchange Ratio: GWh,-0.3391512383346168
AFG,NEPS_UZB,2033,Net interchange: GWh,-947.9277111452544
AFG,NEPS_UZB,2033,Total Demand: GWh,2795.000000000001
AFG,NEPS_UZB,2033,Total production: GWh,3742.927711145253
AFG,NEPS_UZB,2034,Demand: GWh,2949.5999999999945
AFG,NEPS_UZB,2034,Exports exchange: GWh,4421.87177380837
AFG,NEPS_UZB,2034,Imports exchange: GWh,3471.285897197982
AFG,NEPS_UZB,2034,Net interchange Ratio: GWh,-0.3222761990135575
AFG,NEPS_UZB,2034,Net interchange: GWh,-950.5858766103876
AFG,NEPS_UZB,2034,Total Demand: GWh,2949.5999999999945
AFG,NEPS_UZB,2034,Total production: GWh,3900.185876610393
AFG,NEPS_UZB,2035,Demand: GWh,3112.6999999999966
AFG,NEPS_UZB,2035,Exports exchange: GWh,4367.367547194683
AFG,NEPS_UZB,2035,Imports exchange: GWh,3324.5350007813745
AFG,NEPS_UZB,2035,Net interchange Ratio: GWh,-0.3350250735417192
AFG,NEPS_UZB,2035,Net interchange: GWh,-1042.832546413308
AFG,NEPS_UZB,2035,Total Demand: GWh,3112.6999999999966
AFG,NEPS_UZB,2035,Total production: GWh,4155.532546413304
AFG,NEPS_UZB,2040,Demand: GWh,4074.0999999999976
AFG,NEPS_UZB,2040,Exports exchange: GWh,4415.988676466894
AFG,NEPS_UZB,2040,Imports exchange: GWh,3423.3852090718747
AFG,NEPS_UZB,2040,Net interchange Ratio: GWh,-0.2436374824857071
AFG,NEPS_UZB,2040,Net interchange: GWh,-992.6034673950188
AFG,NEPS_UZB,2040,Total Demand: GWh,4074.0999999999976
AFG,NEPS_UZB,2040,Total production: GWh,5066.703467395017
AFG,NEPS_UZB,2045,Demand: GWh,5332.400000000017
AFG,NEPS_UZB,2045,Exports exchange: GWh,4347.057934798465
AFG,NEPS_UZB,2045,Imports exchange: GWh,3839.067355057875
AFG,NEPS_UZB,2045,Net interchange Ratio: GWh,-0.0952649050597457
AFG,NEPS_UZB,2045,Net interchange: GWh,-507.99057974059
AFG,NEPS_UZB,2045,Total Demand: GWh,5332.400000000017
AFG,NEPS_UZB,2045,Total production: GWh,5840.390579740596
AFG,NEPS_UZB,2050,Demand: GWh,6979.299999999994
AFG,NEPS_UZB,2050,Exports exchange: GWh,4180.473844191846
AFG,NEPS_UZB,2050,Imports exchange: GWh,4547.098972339629
AFG,NEPS_UZB,2050,Net interchange Ratio: GWh,0.0525303580800055
AFG,NEPS_UZB,2050,Net interchange: GWh,366.62512814778256
AFG,NEPS_UZB,2050,Total Demand: GWh,6979.299999999994
AFG,NEPS_UZB,2050,Total production: GWh,6612.674871852211
KAZ,KAZ_N,2026,Demand: GWh,80829.29999999996
KAZ,KAZ_N,2026,Exports exchange: GWh,14512.8230949437
KAZ,KAZ_N,2026,Net interchange Ratio: GWh,-0.17954903846679
KAZ,KAZ_N,2026,Net interchange: GWh,-14512.8230949437
KAZ,KAZ_N,2026,Total Demand: GWh,80829.29999999996
KAZ,KAZ_N,2026,Total production: GWh,95342.12309494372
KAZ,KAZ_N,2027,Demand: GWh,82636.00000000003
KAZ,KAZ_N,2027,Exports exchange: GWh,18064.131345623337
KAZ,KAZ_N,2027,Net interchange Ratio: GWh,-0.2185988109979104
KAZ,KAZ_N,2027,Net interchange: GWh,-18064.131345623337
KAZ,KAZ_N,2027,Total Demand: GWh,82636.00000000003
KAZ,KAZ_N,2027,Total production: GWh,100700.13134562332
KAZ,KAZ_N,2028,Demand: GWh,84486.00000000003
KAZ,KAZ_N,2028,Exports exchange: GWh,18851.97784486742
KAZ,KAZ_N,2028,Net interchange Ratio: GWh,-0.2231372990183866
KAZ,KAZ_N,2028,Net interchange: GWh,-18851.97784486742
KAZ,KAZ_N,2028,Total Demand: GWh,84486.00000000003
KAZ,KAZ_N,2028,Total production: GWh,103337.9778448674
KAZ,KAZ_N,2029,Demand: GWh,86366.20000000004
KAZ,KAZ_N,2029,Exports exchange: GWh,20148.0
KAZ,KAZ_N,2029,Net interchange Ratio: GWh,-0.2332857066769174
KAZ,KAZ_N,2029,Net interchange: GWh,-20148.0
KAZ,KAZ_N,2029,Total Demand: GWh,86366.20000000004
KAZ,KAZ_N,2029,Total production: GWh,106514.20000000004
KAZ,KAZ_N,2030,Demand: GWh,88291.40000000002
KAZ,KAZ_N,2030,Exports exchange: GWh,16240.90614763696
KAZ,KAZ_N,2030,Net interchange Ratio: GWh,-0.1839466374713387
KAZ,KAZ_N,2030,Net interchange: GWh,-16240.90614763696
KAZ,KAZ_N,2030,Total Demand: GWh,88291.40000000002
KAZ,KAZ_N,2030,Total production: GWh,104532.306147637
KAZ,KAZ_N,2031,Demand: GWh,90251.39999999986
KAZ,KAZ_N,2031,Exports exchange: GWh,18955.46226113653
KAZ,KAZ_N,2031,Net interchange Ratio: GWh,-0.2100295647617273
KAZ,KAZ_N,2031,Net interchange: GWh,-18955.46226113653
KAZ,KAZ_N,2031,Total Demand: GWh,90251.39999999986
KAZ,KAZ_N,2031,Total production: GWh,109206.8622611365
KAZ,KAZ_N,2032,Demand: GWh,92242.59999999998
KAZ,KAZ_N,2032,Exports exchange: GWh,17677.409132483488
KAZ,KAZ_N,2032,Net interchange Ratio: GWh,-0.1916404040268107
KAZ,KAZ_N,2032,Net interchange: GWh,-17677.409132483488
KAZ,KAZ_N,2032,Total Demand: GWh,92242.59999999998
KAZ,KAZ_N,2032,Total production: GWh,109920.0091324836
KAZ,KAZ_N,2033,Demand: GWh,94285.30000000002
KAZ,KAZ_N,2033,Exports exchange: GWh,13453.254416964006
KAZ,KAZ_N,2033,Imports exchange: GWh,48.32348676115214
KAZ,KAZ_N,2033,Net interchange Ratio: GWh,-0.1421741345703185
KAZ,KAZ_N,2033,Net interchange: GWh,-13404.930930202854
KAZ,KAZ_N,2033,Total Demand: GWh,94285.30000000002
KAZ,KAZ_N,2033,Total production: GWh,107690.23093020287
KAZ,KAZ_N,2034,Demand: GWh,96369.9000000001
KAZ,KAZ_N,2034,Exports exchange: GWh,10688.373474296875
KAZ,KAZ_N,2034,Imports exchange: GWh,303.32017506484266
KAZ,KAZ_N,2034,Net interchange Ratio: GWh,-0.1077624164726955
KAZ,KAZ_N,2034,Net interchange: GWh,-10385.053299232037
KAZ,KAZ_N,2034,Total Demand: GWh,96369.9000000001
KAZ,KAZ_N,2034,Total production: GWh,106754.95329923207
KAZ,KAZ_N,2035,Demand: GWh,98464.70000000006
KAZ,KAZ_N,2035,Exports exchange: GWh,9064.41150186364
KAZ,KAZ_N,2035,Imports exchange: GWh,607.4823387569372
KAZ,KAZ_N,2035,Net interchange Ratio: GWh,-0.085887929005082
KAZ,KAZ_N,2035,Net interchange: GWh,-8456.929163106703
KAZ,KAZ_N,2035,Total Demand: GWh,98464.70000000006
KAZ,KAZ_N,2035,Total production: GWh,106921.6291631068
KAZ,KAZ_N,2040,Demand: GWh,108069.20000000006
KAZ,KAZ_N,2040,Exports exchange: GWh,5333.896489622337
KAZ,KAZ_N,2040,Imports exchange: GWh,2809.6846094989787
KAZ,KAZ_N,2040,Net interchange Ratio: GWh,-0.023357366207239
KAZ,KAZ_N,2040,Net interchange: GWh,-2524.2118801233582
KAZ,KAZ_N,2040,Total Demand: GWh,108069.20000000006
KAZ,KAZ_N,2040,Total production: GWh,110593.41188012336
KAZ,KAZ_N,2045,Demand: GWh,120154.80000000002
KAZ,KAZ_N,2045,Exports exchange: GWh,4058.339288401221
KAZ,KAZ_N,2045,Imports exchange: GWh,3690.479406385091
KAZ,KAZ_N,2045,Net interchange Ratio: GWh,-0.0030615496177941
KAZ,KAZ_N,2045,Net interchange: GWh,-367.85988201613054
KAZ,KAZ_N,2045,Total Demand: GWh,120154.80000000002
KAZ,KAZ_N,2045,Total production: GWh,120520.740452689
KAZ,KAZ_N,2045,Unmet demand: GWh,1.9194293272646428
KAZ,KAZ_N,2050,Demand: GWh,132530.1
KAZ,KAZ_N,2050,Exports exchange: GWh,3548.614390134104
KAZ,KAZ_N,2050,Imports exchange: GWh,3689.755300473611
KAZ,KAZ_N,2050,Net interchange Ratio: GWh,0.0010649724880574
KAZ,KAZ_N,2050,Net interchange: GWh,141.14091033950717
KAZ,KAZ_N,2050,Total Demand: GWh,132530.1
KAZ,KAZ_N,2050,Total production: GWh,132378.12022359372
KAZ,KAZ_N,2050,Unmet demand: GWh,10.838866066855458
KAZ,KAZ_S,2026,Demand: GWh,28541.200000000004
KAZ,KAZ_S,2026,Exports exchange: GWh,17890.476774329563
KAZ,KAZ_S,2026,Imports exchange: GWh,14512.8230949437
KAZ,KAZ_S,2026,Net interchange Ratio: GWh,-0.1183430857632427
KAZ,KAZ_S,2026,Net interchange: GWh,-3377.653679385863
KAZ,KAZ_S,2026,Total Demand: GWh,28541.200000000004
KAZ,KAZ_S,2026,Total production: GWh,31991.41779486059
KAZ,KAZ_S,2027,Demand: GWh,29179.10000000001
KAZ,KAZ_S,2027,Exports exchange: GWh,23334.500617698734
KAZ,KAZ_S,2027,Imports exchange: GWh,18064.131345623337
KAZ,KAZ_S,2027,Net interchange Ratio: GWh,-0.1806213787291381
KAZ,KAZ_S,2027,Net interchange: GWh,-5270.369272075397
KAZ,KAZ_S,2027,Total Demand: GWh,29179.10000000001
KAZ,KAZ_S,2027,Total production: GWh,34539.7899288035
KAZ,KAZ_S,2028,Demand: GWh,29832.400000000005
KAZ,KAZ_S,2028,Exports exchange: GWh,23194.981025396988
KAZ,KAZ_S,2028,Imports exchange: GWh,18851.97784486742
KAZ,KAZ_S,2028,Net interchange Ratio: GWh,-0.1455800800649484
KAZ,KAZ_S,2028,Net interchange: GWh,-4343.003180529569
KAZ,KAZ_S,2028,Total Demand: GWh,29832.400000000005
KAZ,KAZ_S,2028,Total production: GWh,34269.66306975391
KAZ,KAZ_S,2029,Demand: GWh,30496.300000000003
KAZ,KAZ_S,2029,Exports exchange: GWh,25190.493076518884
KAZ,KAZ_S,2029,Imports exchange: GWh,20148.0
KAZ,KAZ_S,2029,Net interchange Ratio: GWh,-0.1653477004265725
KAZ,KAZ_S,2029,Net interchange: GWh,-5042.493076518884
KAZ,KAZ_S,2029,Total Demand: GWh,30496.300000000003
KAZ,KAZ_S,2029,Total production: GWh,35639.533076518885
KAZ,KAZ_S,2030,Demand: GWh,31176.099999999977
KAZ,KAZ_S,2030,Exports exchange: GWh,19262.731541406087
KAZ,KAZ_S,2030,Imports exchange: GWh,16259.502774329305
KAZ,KAZ_S,2030,Net interchange Ratio: GWh,-0.0963311243894132
KAZ,KAZ_S,2030,Net interchange: GWh,-3003.228767076784
KAZ,KAZ_S,2030,Total Demand: GWh,31176.099999999977
KAZ,KAZ_S,2030,Total production: GWh,34260.62628094843
KAZ,KAZ_S,2031,Demand: GWh,31868.20000000001
KAZ,KAZ_S,2031,Exports exchange: GWh,26929.448105023715
KAZ,KAZ_S,2031,Imports exchange: GWh,18970.81823792289
KAZ,KAZ_S,2031,Net interchange Ratio: GWh,-0.2497357826014907
KAZ,KAZ_S,2031,Net interchange: GWh,-7958.62986710083
KAZ,KAZ_S,2031,Total Demand: GWh,31868.20000000001
KAZ,KAZ_S,2031,Total production: GWh,39826.82986710084
KAZ,KAZ_S,2032,Demand: GWh,32571.299999999974
KAZ,KAZ_S,2032,Exports exchange: GWh,26422.71210324268
KAZ,KAZ_S,2032,Imports exchange: GWh,17728.807034289825
KAZ,KAZ_S,2032,Net interchange Ratio: GWh,-0.2669191917102743
KAZ,KAZ_S,2032,Net interchange: GWh,-8693.905068952852
KAZ,KAZ_S,2032,Total Demand: GWh,32571.299999999974
KAZ,KAZ_S,2032,Total production: GWh,41265.20506895284
KAZ,KAZ_S,2033,Demand: GWh,33292.6
KAZ,KAZ_S,2033,Exports exchange: GWh,26215.00378713284
KAZ,KAZ_S,2033,Imports exchange: GWh,13566.931191295833
KAZ,KAZ_S,2033,Net interchange Ratio: GWh,-0.3799064235246574
KAZ,KAZ_S,2033,Net interchange: GWh,-12648.07259583701
KAZ,KAZ_S,2033,Total Demand: GWh,33292.6
KAZ,KAZ_S,2033,Total production: GWh,45940.67259583704
KAZ,KAZ_S,2034,Demand: GWh,34028.59999999999
KAZ,KAZ_S,2034,Exports exchange: GWh,26926.01261293699
KAZ,KAZ_S,2034,Imports exchange: GWh,10736.94473896834
KAZ,KAZ_S,2034,Net interchange Ratio: GWh,-0.4757488663644302
KAZ,KAZ_S,2034,Net interchange: GWh,-16189.067873968648
KAZ,KAZ_S,2034,Total Demand: GWh,34028.59999999999
KAZ,KAZ_S,2034,Total production: GWh,50217.66787396866
KAZ,KAZ_S,2035,Demand: GWh,34768.29999999999
KAZ,KAZ_S,2035,Exports exchange: GWh,28630.17486918571
KAZ,KAZ_S,2035,Imports exchange: GWh,9065.872942692937
KAZ,KAZ_S,2035,Net interchange Ratio: GWh,-0.5627051632231883
KAZ,KAZ_S,2035,Net interchange: GWh,-19564.30192649277
KAZ,KAZ_S,2035,Total Demand: GWh,34768.29999999999
KAZ,KAZ_S,2035,Total production: GWh,54332.60192649276
KAZ,KAZ_S,2040,Demand: GWh,38159.70000000001
KAZ,KAZ_S,2040,Exports exchange: GWh,28648.307176577924
KAZ,KAZ_S,2040,Imports exchange: GWh,7498.075382934292
KAZ,KAZ_S,2040,Net interchange Ratio: GWh,-0.5542557146320234
KAZ,KAZ_S,2040,Net interchange: GWh,-21150.23179364363
KAZ,KAZ_S,2040,Total Demand: GWh,38159.70000000001
KAZ,KAZ_S,2040,Total production: GWh,59309.93179364368
KAZ,KAZ_S,2045,Demand: GWh,42427.199999999975
KAZ,KAZ_S,2045,Exports exchange: GWh,27729.915551120044
KAZ,KAZ_S,2045,Imports exchange: GWh,7167.4823671231015
KAZ,KAZ_S,2045,Net interchange Ratio: GWh,-0.484652137873745
KAZ,KAZ_S,2045,Net interchange: GWh,-20562.43318399694
KAZ,KAZ_S,2045,Total Demand: GWh,42427.199999999975
KAZ,KAZ_S,2045,Total production: GWh,62989.63318399695
KAZ,KAZ_S,2050,Demand: GWh,46796.99999999999
KAZ,KAZ_S,2050,Exports exchange: GWh,26693.19140137377
KAZ,KAZ_S,2050,Imports exchange: GWh,7015.692785707155
KAZ,KAZ_S,2050,Net interchange Ratio: GWh,-0.4204863263813196
KAZ,KAZ_S,2050,Net interchange: GWh,-19677.498615666613
KAZ,KAZ_S,2050,Total Demand: GWh,46796.99999999999
KAZ,KAZ_S,2050,Total production: GWh,66474.49861566657
KGZ,KGZ_N,2026,Demand: GWh,11597.8
KGZ,KGZ_N,2026,Exports exchange: GWh,3244.3576104026047
KGZ,KGZ_N,2026,Imports exchange: GWh,12136.204050725164
KGZ,KGZ_N,2026,Net interchange Ratio: GWh,0.7666838918003895
KGZ,KGZ_N,2026,Net interchange: GWh,8891.846440322559
KGZ,KGZ_N,2026,Total Demand: GWh,11597.8
KGZ,KGZ_N,2026,Total production: GWh,2766.6345799310698
KGZ,KGZ_N,2027,Demand: GWh,11959.3
KGZ,KGZ_N,2027,Exports exchange: GWh,5176.847206474712
KGZ,KGZ_N,2027,Imports exchange: GWh,14574.500617698734
KGZ,KGZ_N,2027,Net interchange Ratio: GWh,0.7858029659950017
KGZ,KGZ_N,2027,Net interchange: GWh,9397.653411224022
KGZ,KGZ_N,2027,Total Demand: GWh,11959.3
KGZ,KGZ_N,2027,Total production: GWh,2634.519091864476
KGZ,KGZ_N,2028,Demand: GWh,12293.499999999996
KGZ,KGZ_N,2028,Exports exchange: GWh,4900.135390838539
KGZ,KGZ_N,2028,Imports exchange: GWh,14979.406052074915
KGZ,KGZ_N,2028,Net interchange Ratio: GWh,0.8198861724680833
KGZ,KGZ_N,2028,Net interchange: GWh,10079.270661236378
KGZ,KGZ_N,2028,Total Demand: GWh,12293.499999999996
KGZ,KGZ_N,2028,Total production: GWh,2289.1263690240003
KGZ,KGZ_N,2029,Demand: GWh,12645.000000000013
KGZ,KGZ_N,2029,Exports exchange: GWh,6277.539378962752
KGZ,KGZ_N,2029,Imports exchange: GWh,16724.4744852259
KGZ,KGZ_N,2029,Net interchange Ratio: GWh,0.8261712223221145
KGZ,KGZ_N,2029,Net interchange: GWh,10446.935106263149
KGZ,KGZ_N,2029,Total Demand: GWh,12645.000000000013
KGZ,KGZ_N,2029,Total production: GWh,2281.6872661629773
KGZ,KGZ_N,2030,Demand: GWh,13009.199999999988
KGZ,KGZ_N,2030,Exports exchange: GWh,2177.5226336922096
KGZ,KGZ_N,2030,Imports exchange: GWh,12962.4083061992
KGZ,KGZ_N,2030,Net interchange Ratio: GWh,0.8290198991872674
KGZ,KGZ_N,2030,Net interchange: GWh,10784.885672506987
KGZ,KGZ_N,2030,Total Demand: GWh,13009.199999999988
KGZ,KGZ_N,2030,Total production: GWh,2289.1263690240007
KGZ,KGZ_N,2031,Demand: GWh,13655.399999999996
KGZ,KGZ_N,2031,Exports exchange: GWh,7057.288354350538
KGZ,KGZ_N,2031,Imports exchange: GWh,18564.859651601888
KGZ,KGZ_N,2031,Net interchange Ratio: GWh,0.8427121356570554
KGZ,KGZ_N,2031,Net interchange: GWh,11507.57129725135
KGZ,KGZ_N,2031,Total Demand: GWh,13655.399999999996
KGZ,KGZ_N,2031,Total production: GWh,2147.8287027486485
KGZ,KGZ_N,2032,Demand: GWh,14277.30000000001
KGZ,KGZ_N,2032,Exports exchange: GWh,6391.119374496311
KGZ,KGZ_N,2032,Imports exchange: GWh,18458.648350560405
KGZ,KGZ_N,2032,Net interchange Ratio: GWh,0.8452248657704248
KGZ,KGZ_N,2032,Net interchange: GWh,12067.528976064094
KGZ,KGZ_N,2032,Total Demand: GWh,14277.30000000001
KGZ,KGZ_N,2032,Total production: GWh,2209.7710239359203
KGZ,KGZ_N,2033,Demand: GWh,14699.999999999996
KGZ,KGZ_N,2033,Exports exchange: GWh,5800.548361795224
KGZ,KGZ_N,2033,Imports exchange: GWh,18201.23304758587
KGZ,KGZ_N,2033,Net interchange Ratio: GWh,0.8435839922306564
KGZ,KGZ_N,2033,Net interchange: GWh,12400.684685790646
KGZ,KGZ_N,2033,Total Demand: GWh,14699.999999999996
KGZ,KGZ_N,2033,Total production: GWh,2299.315314209345
KGZ,KGZ_N,2034,Demand: GWh,15189.199999999992
KGZ,KGZ_N,2034,Exports exchange: GWh,5826.873502057335
KGZ,KGZ_N,2034,Imports exchange: GWh,18656.1254649968
KGZ,KGZ_N,2034,Net interchange Ratio: GWh,0.8446298661509145
KGZ,KGZ_N,2034,Net interchange: GWh,12829.251962939465
KGZ,KGZ_N,2034,Total Demand: GWh,15189.199999999992
KGZ,KGZ_N,2034,Total production: GWh,2359.948037060521
KGZ,KGZ_N,2035,Demand: GWh,15681.199999999992
KGZ,KGZ_N,2035,Exports exchange: GWh,6787.396215796306
KGZ,KGZ_N,2035,Imports exchange: GWh,19416.16378183572
KGZ,KGZ_N,2035,Net interchange Ratio: GWh,0.8053444612682331
KGZ,KGZ_N,2035,Net interchange: GWh,12628.767566039412
KGZ,KGZ_N,2035,Total Demand: GWh,15681.199999999992
KGZ,KGZ_N,2035,Total production: GWh,3052.432433960602
KGZ,KGZ_N,2040,Demand: GWh,18604.49999999999
KGZ,KGZ_N,2040,Exports exchange: GWh,4211.435871841071
KGZ,KGZ_N,2040,Imports exchange: GWh,19739.066414707744
KGZ,KGZ_N,2040,Net interchange Ratio: GWh,0.8346169229415831
KGZ,KGZ_N,2040,Net interchange: GWh,15527.630542866673
KGZ,KGZ_N,2040,Total Demand: GWh,18604.49999999999
KGZ,KGZ_N,2040,Total production: GWh,3076.272164372797
KGZ,KGZ_N,2040,Unmet demand: GWh,0.5972927604994611
KGZ,KGZ_N,2045,Demand: GWh,21984.299999999985
KGZ,KGZ_N,2045,Exports exchange: GWh,3768.8262069066095
KGZ,KGZ_N,2045,Imports exchange: GWh,20234.4491875716
KGZ,KGZ_N,2045,Net interchange Ratio: GWh,0.7489719017965092
KGZ,KGZ_N,2045,Net interchange: GWh,16465.622980664986
KGZ,KGZ_N,2045,Total Demand: GWh,21984.299999999985
KGZ,KGZ_N,2045,Total production: GWh,5514.135053232502
KGZ,KGZ_N,2045,Unmet demand: GWh,4.541966102499101
KGZ,KGZ_N,2050,Demand: GWh,26050.899999999976
KGZ,KGZ_N,2050,Exports exchange: GWh,3332.819825538509
KGZ,KGZ_N,2050,Imports exchange: GWh,19813.278212824804
KGZ,KGZ_N,2050,Net interchange Ratio: GWh,0.6326252984459773
KGZ,KGZ_N,2050,Net interchange: GWh,16480.458387286293
KGZ,KGZ_N,2050,Total Demand: GWh,26050.899999999976
KGZ,KGZ_N,2050,Total production: GWh,9564.04579649298
KGZ,KGZ_N,2050,Unmet demand: GWh,6.395816220734282
KGZ,KGZ_S,2026,Demand: GWh,6543.5
KGZ,KGZ_S,2026,Exports exchange: GWh,8993.154852642978
KGZ,KGZ_S,2026,Imports exchange: GWh,5511.6583057718335
KGZ,KGZ_S,2026,Net interchange Ratio: GWh,-0.5320541830627561
KGZ,KGZ_S,2026,Net interchange: GWh,-3481.4965468711443
KGZ,KGZ_S,2026,Total Demand: GWh,6543.5
KGZ,KGZ_S,2026,Total production: GWh,10052.5548384
KGZ,KGZ_S,2027,Demand: GWh,6747.399999999986
KGZ,KGZ_S,2027,Exports exchange: GWh,10928.362877934049
KGZ,KGZ_S,2027,Imports exchange: GWh,7661.51561762216
KGZ,KGZ_S,2027,Net interchange Ratio: GWh,-0.4841638646459222
KGZ,KGZ_S,2027,Net interchange: GWh,-3266.847260311889
KGZ,KGZ_S,2027,Total Demand: GWh,6747.399999999986
KGZ,KGZ_S,2027,Total production: GWh,10052.5548384
KGZ,KGZ_S,2028,Demand: GWh,6935.999999999999
KGZ,KGZ_S,2028,Exports exchange: GWh,10610.549605844632
KGZ,KGZ_S,2028,Imports exchange: GWh,7531.653032607674
KGZ,KGZ_S,2028,Net interchange Ratio: GWh,-0.4439008900283964
KGZ,KGZ_S,2028,Net interchange: GWh,-3078.896573236957
KGZ,KGZ_S,2028,Total Demand: GWh,6935.999999999999
KGZ,KGZ_S,2028,Total production: GWh,10052.554838399998
KGZ,KGZ_S,2029,Demand: GWh,7134.300000000008
KGZ,KGZ_S,2029,Exports exchange: GWh,11175.16811504534
KGZ,KGZ_S,2029,Imports exchange: GWh,8298.405303161153
KGZ,KGZ_S,2029,Net interchange Ratio: GWh,-0.4032298630397071
KGZ,KGZ_S,2029,Net interchange: GWh,-2876.762811884186
KGZ,KGZ_S,2029,Total Demand: GWh,7134.300000000008
KGZ,KGZ_S,2029,Total production: GWh,10052.5548384
KGZ,KGZ_S,2030,Demand: GWh,7339.800000000007
KGZ,KGZ_S,2030,Exports exchange: GWh,8448.68004240755
KGZ,KGZ_S,2030,Imports exchange: GWh,5764.748948751306
KGZ,KGZ_S,2030,Net interchange Ratio: GWh,-0.3656681508564595
KGZ,KGZ_S,2030,Net interchange: GWh,-2683.931093656244
KGZ,KGZ_S,2030,Total Demand: GWh,7339.800000000007
KGZ,KGZ_S,2030,Total production: GWh,10052.554838399998
KGZ,KGZ_S,2031,Demand: GWh,7704.399999999987
KGZ,KGZ_S,2031,Exports exchange: GWh,12565.21716165759
KGZ,KGZ_S,2031,Imports exchange: GWh,10217.06232325759
KGZ,KGZ_S,2031,Net interchange Ratio: GWh,-0.3047810132391885
KGZ,KGZ_S,2031,Net interchange: GWh,-2348.1548384
KGZ,KGZ_S,2031,Total Demand: GWh,7704.399999999987
KGZ,KGZ_S,2031,Total production: GWh,10052.554838399998
KGZ,KGZ_S,2032,Demand: GWh,8055.299999999992
KGZ,KGZ_S,2032,Exports exchange: GWh,11855.02694155126
KGZ,KGZ_S,2032,Imports exchange: GWh,9857.772103151248
KGZ,KGZ_S,2032,Net interchange Ratio: GWh,-0.2479429491639061
KGZ,KGZ_S,2032,Net interchange: GWh,-1997.254838400011
KGZ,KGZ_S,2032,Total Demand: GWh,8055.299999999992
KGZ,KGZ_S,2032,Total production: GWh,10052.554838399998
KGZ,KGZ_S,2033,Demand: GWh,8293.800000000003
KGZ,KGZ_S,2033,Exports exchange: GWh,11420.387229624324
KGZ,KGZ_S,2033,Imports exchange: GWh,9614.047433238304
KGZ,KGZ_S,2033,Net interchange Ratio: GWh,-0.2177939902560973
KGZ,KGZ_S,2033,Net interchange: GWh,-1806.339796386021
KGZ,KGZ_S,2033,Total Demand: GWh,8293.800000000003
KGZ,KGZ_S,2033,Total production: GWh,10100.139796386027
KGZ,KGZ_S,2034,Demand: GWh,8569.799999999997
KGZ,KGZ_S,2034,Exports exchange: GWh,11134.90413248426
KGZ,KGZ_S,2034,Imports exchange: GWh,9572.312309018816
KGZ,KGZ_S,2034,Net interchange Ratio: GWh,-0.1823370234387553
KGZ,KGZ_S,2034,Net interchange: GWh,-1562.5918234654455
KGZ,KGZ_S,2034,Total Demand: GWh,8569.799999999997
KGZ,KGZ_S,2034,Total production: GWh,10132.391823465445
KGZ,KGZ_S,2035,Demand: GWh,8847.299999999988
KGZ,KGZ_S,2035,Exports exchange: GWh,11890.87936800043
KGZ,KGZ_S,2035,Imports exchange: GWh,10173.754231196566
KGZ,KGZ_S,2035,Net interchange Ratio: GWh,-0.1940846514534225
KGZ,KGZ_S,2035,Net interchange: GWh,-1717.125136803863
KGZ,KGZ_S,2035,Total Demand: GWh,8847.299999999988
KGZ,KGZ_S,2035,Total production: GWh,10564.425136803862
KGZ,KGZ_S,2040,Demand: GWh,10496.700000000015
KGZ,KGZ_S,2040,Exports exchange: GWh,11336.959890211789
KGZ,KGZ_S,2040,Imports exchange: GWh,9866.309552937237
KGZ,KGZ_S,2040,Net interchange Ratio: GWh,-0.1401059701882069
KGZ,KGZ_S,2040,Net interchange: GWh,-1470.6503372745535
KGZ,KGZ_S,2040,Total Demand: GWh,10496.700000000015
KGZ,KGZ_S,2040,Total production: GWh,11967.350337274558
KGZ,KGZ_S,2045,Demand: GWh,12403.599999999997
KGZ,KGZ_S,2045,Exports exchange: GWh,13494.788872952991
KGZ,KGZ_S,2045,Imports exchange: GWh,10069.420603444656
KGZ,KGZ_S,2045,Net interchange Ratio: GWh,-0.2761592013212564
KGZ,KGZ_S,2045,Net interchange: GWh,-3425.368269508336
KGZ,KGZ_S,2045,Total Demand: GWh,12403.599999999997
KGZ,KGZ_S,2045,Total production: GWh,15828.968269508328
KGZ,KGZ_S,2050,Demand: GWh,14698.000000000002
KGZ,KGZ_S,2050,Exports exchange: GWh,13132.404166411434
KGZ,KGZ_S,2050,Imports exchange: GWh,10036.174749625028
KGZ,KGZ_S,2050,Net interchange Ratio: GWh,-0.2106565122320319
KGZ,KGZ_S,2050,Net interchange: GWh,-3096.2294167864056
KGZ,KGZ_S,2050,Total Demand: GWh,14698.000000000002
KGZ,KGZ_S,2050,Total production: GWh,17794.22941678641
PAK,PAK_KAR,2026,Demand: GWh,26681.1
PAK,PAK_KAR,2026,Imports exchange: GWh,6110.173638438535
PAK,PAK_KAR,2026,Net interchange Ratio: GWh,0.2290075610990002
PAK,PAK_KAR,2026,Net interchange: GWh,6110.173638438535
PAK,PAK_KAR,2026,Total Demand: GWh,26681.1
PAK,PAK_KAR,2026,Total production: GWh,20601.47722975366
PAK,PAK_KAR,2027,Demand: GWh,27828.4
PAK,PAK_KAR,2027,Exports exchange: GWh,13.985633218386791
PAK,PAK_KAR,2027,Imports exchange: GWh,5708.415790896538
PAK,PAK_KAR,2027,Net interchange Ratio: GWh,0.2046265742075775
PAK,PAK_KAR,2027,Net interchange: GWh,5694.430157678151
PAK,PAK_KAR,2027,Total Demand: GWh,27828.4
PAK,PAK_KAR,2027,Total production: GWh,22162.51192127632
PAK,PAK_KAR,2028,Demand: GWh,29025.00000000004
PAK,PAK_KAR,2028,Exports exchange: GWh,28.50040590195362
PAK,PAK_KAR,2028,Imports exchange: GWh,5558.025948229092
PAK,PAK_KAR,2028,Net interchange Ratio: GWh,0.1905090626124765
PAK,PAK_KAR,2028,Net interchange: GWh,5529.525542327138
PAK,PAK_KAR,2028,Total Demand: GWh,29025.00000000004
PAK,PAK_KAR,2028,Total production: GWh,23523.26458741401
PAK,PAK_KAR,2029,Demand: GWh,30273.100000000028
PAK,PAK_KAR,2029,Exports exchange: GWh,30.73498402499106
PAK,PAK_KAR,2029,Imports exchange: GWh,5706.105862600297
PAK,PAK_KAR,2029,Net interchange Ratio: GWh,0.1874724054878853
PAK,PAK_KAR,2029,Net interchange: GWh,5675.370878575306
PAK,PAK_KAR,2029,Total Demand: GWh,30273.100000000028
PAK,PAK_KAR,2029,Total production: GWh,24626.259650737684
PAK,PAK_KAR,2030,Demand: GWh,31574.800000000057
PAK,PAK_KAR,2030,Exports exchange: GWh,33.67942702837787
PAK,PAK_KAR,2030,Imports exchange: GWh,5633.691570759703
PAK,PAK_KAR,2030,Net interchange Ratio: GWh,0.1773570107722397
PAK,PAK_KAR,2030,Net interchange: GWh,5600.012143731325
PAK,PAK_KAR,2030,Total Demand: GWh,31574.800000000057
PAK,PAK_KAR,2030,Total production: GWh,26002.956314122544
PAK,PAK_KAR,2031,Demand: GWh,32932.600000000035
PAK,PAK_KAR,2031,Exports exchange: GWh,31.667374915838288
PAK,PAK_KAR,2031,Imports exchange: GWh,6094.405861349788
PAK,PAK_KAR,2031,Net interchange Ratio: GWh,0.1840953488772202
PAK,PAK_KAR,2031,Net interchange: GWh,6062.73848643395
PAK,PAK_KAR,2031,Total Demand: GWh,32932.600000000035
PAK,PAK_KAR,2031,Total production: GWh,26869.86151356607
PAK,PAK_KAR,2032,Demand: GWh,34348.70000000006
PAK,PAK_KAR,2032,Exports exchange: GWh,31.427688925315795
PAK,PAK_KAR,2032,Imports exchange: GWh,6095.74015644506
PAK,PAK_KAR,2032,Net interchange Ratio: GWh,0.1765514405936682
PAK,PAK_KAR,2032,Net interchange: GWh,6064.312467519744
PAK,PAK_KAR,2032,Total Demand: GWh,34348.70000000006
PAK,PAK_KAR,2032,Total production: GWh,28284.38753248028
PAK,PAK_KAR,2033,Demand: GWh,35825.69999999997
PAK,PAK_KAR,2033,Exports exchange: GWh,31.347974587414367
PAK,PAK_KAR,2033,Imports exchange: GWh,5928.228425004452
PAK,PAK_KAR,2033,Net interchange Ratio: GWh,0.1645991690439277
PAK,PAK_KAR,2033,Net interchange: GWh,5896.8804504170375
PAK,PAK_KAR,2033,Total Demand: GWh,35825.69999999997
PAK,PAK_KAR,2033,Total production: GWh,29928.819549583022
PAK,PAK_KAR,2034,Demand: GWh,37366.20000000002
PAK,PAK_KAR,2034,Exports exchange: GWh,77.95203908877508
PAK,PAK_KAR,2034,Imports exchange: GWh,5518.824313054111
PAK,PAK_KAR,2034,Net interchange Ratio: GWh,0.1456094618656789
PAK,PAK_KAR,2034,Net interchange: GWh,5440.872273965336
PAK,PAK_KAR,2034,Total Demand: GWh,37366.20000000002
PAK,PAK_KAR,2034,Total production: GWh,31925.32772603469
PAK,PAK_KAR,2035,Demand: GWh,38972.90000000004
PAK,PAK_KAR,2035,Exports exchange: GWh,497.2246376014846
PAK,PAK_KAR,2035,Imports exchange: GWh,4942.832526079368
PAK,PAK_KAR,2035,Net interchange Ratio: GWh,0.1140692093346371
PAK,PAK_KAR,2035,Net interchange: GWh,4445.607888477884
PAK,PAK_KAR,2035,Total Demand: GWh,38972.90000000004
PAK,PAK_KAR,2035,Total production: GWh,34527.29211152211
PAK,PAK_KAR,2040,Demand: GWh,48104.30000000003
PAK,PAK_KAR,2040,Exports exchange: GWh,2057.024182406575
PAK,PAK_KAR,2040,Imports exchange: GWh,3609.343054167115
PAK,PAK_KAR,2040,Net interchange Ratio: GWh,0.0322698567853713
PAK,PAK_KAR,2040,Net interchange: GWh,1552.31887176054
PAK,PAK_KAR,2040,Total Demand: GWh,48104.30000000003
PAK,PAK_KAR,2040,Total production: GWh,46551.03501660764
PAK,PAK_KAR,2040,Unmet demand: GWh,0.9461116319225176
PAK,PAK_KAR,2045,Demand: GWh,59375.30000000014
PAK,PAK_KAR,2045,Exports exchange: GWh,2061.029041577694
PAK,PAK_KAR,2045,Imports exchange: GWh,3336.9898693911337
PAK,PAK_KAR,2045,Net interchange Ratio: GWh,0.0214897579938701
PAK,PAK_KAR,2045,Net interchange: GWh,1275.9608278134397
PAK,PAK_KAR,2045,Total Demand: GWh,59375.30000000014
PAK,PAK_KAR,2045,Total production: GWh,58095.653065824416
PAK,PAK_KAR,2045,Unmet demand: GWh,3.686106362265681
PAK,PAK_KAR,2050,Demand: GWh,73287.09999999985
PAK,PAK_KAR,2050,Exports exchange: GWh,1805.2808351924573
PAK,PAK_KAR,2050,Imports exchange: GWh,3740.8555007836057
PAK,PAK_KAR,2050,Net interchange Ratio: GWh,0.0264108508262866
PAK,PAK_KAR,2050,Net interchange: GWh,1935.5746655911485
PAK,PAK_KAR,2050,Total Demand: GWh,73287.09999999985
PAK,PAK_KAR,2050,Total production: GWh,71348.94124658557
PAK,PAK_KAR,2050,Unmet demand: GWh,2.5840878231099293
PAK,PAK_N,2026,Demand: GWh,120629.79999999986
PAK,PAK_N,2026,Exports exchange: GWh,5508.0
PAK,PAK_N,2026,Imports exchange: GWh,15511.95300262014
PAK,PAK_N,2026,Net interchange Ratio: GWh,0.0829310253570855
PAK,PAK_N,2026,Net interchange: GWh,10003.95300262014
PAK,PAK_N,2026,Total Demand: GWh,120629.79999999986
PAK,PAK_N,2026,Total production: GWh,110703.40676239291
PAK,PAK_N,2027,Demand: GWh,125816.90000000024
PAK,PAK_N,2027,Exports exchange: GWh,5508.4058947936255
PAK,PAK_N,2027,Imports exchange: GWh,15349.453319022869
PAK,PAK_N,2027,Net interchange Ratio: GWh,0.0782172142552329
PAK,PAK_N,2027,Net interchange: GWh,9841.04742422924
PAK,PAK_N,2027,Total Demand: GWh,125816.90000000024
PAK,PAK_N,2027,Total production: GWh,116052.59984236596
PAK,PAK_N,2028,Demand: GWh,131226.99999999997
PAK,PAK_N,2028,Exports exchange: GWh,5511.120167238522
PAK,PAK_N,2028,Imports exchange: GWh,14813.847513443909
PAK,PAK_N,2028,Net interchange Ratio: GWh,0.0708903453268411
PAK,PAK_N,2028,Net interchange: GWh,9302.727346205384
PAK,PAK_N,2028,Total Demand: GWh,131226.99999999997
PAK,PAK_N,2028,Total production: GWh,121998.34189136178
PAK,PAK_N,2029,Demand: GWh,136869.8000000001
PAK,PAK_N,2029,Exports exchange: GWh,5883.577607436984
PAK,PAK_N,2029,Imports exchange: GWh,14565.99359261052
PAK,PAK_N,2029,Net interchange Ratio: GWh,0.0634355861203386
PAK,PAK_N,2029,Net interchange: GWh,8682.415985173537
PAK,PAK_N,2029,Total Demand: GWh,136869.8000000001
PAK,PAK_N,2029,Total production: GWh,128260.2139827894
PAK,PAK_N,2030,Demand: GWh,142755.19999999992
PAK,PAK_N,2030,Exports exchange: GWh,5528.842910340445
PAK,PAK_N,2030,Imports exchange: GWh,14571.850959117955
PAK,PAK_N,2030,Net interchange Ratio: GWh,0.0633462602327446
PAK,PAK_N,2030,Net interchange: GWh,9043.00804877751
PAK,PAK_N,2030,Total Demand: GWh,142755.19999999992
PAK,PAK_N,2030,Total production: GWh,133785.05120601808
PAK,PAK_N,2031,Demand: GWh,148893.70000000013
PAK,PAK_N,2031,Exports exchange: GWh,6245.329190786823
PAK,PAK_N,2031,Imports exchange: GWh,15102.57524621536
PAK,PAK_N,2031,Net interchange Ratio: GWh,0.0594870438133281
PAK,PAK_N,2031,Net interchange: GWh,8857.246055428539
PAK,PAK_N,2031,Total Demand: GWh,148893.70000000013
PAK,PAK_N,2031,Total production: GWh,140036.45394457164
PAK,PAK_N,2032,Demand: GWh,155296.1
PAK,PAK_N,2032,Exports exchange: GWh,6224.725122338885
PAK,PAK_N,2032,Imports exchange: GWh,14883.832472271855
PAK,PAK_N,2032,Net interchange Ratio: GWh,0.055758691621573
PAK,PAK_N,2032,Net interchange: GWh,8659.107349932972
PAK,PAK_N,2032,Total Demand: GWh,155296.1
PAK,PAK_N,2032,Total production: GWh,146636.99265006682
PAK,PAK_N,2033,Demand: GWh,161973.80000000034
PAK,PAK_N,2033,Exports exchange: GWh,6258.829306341128
PAK,PAK_N,2033,Imports exchange: GWh,14821.702708880082
PAK,PAK_N,2033,Net interchange Ratio: GWh,0.0528657931254248
PAK,PAK_N,2033,Net interchange: GWh,8562.873402538953
PAK,PAK_N,2033,Total Demand: GWh,161973.80000000034
PAK,PAK_N,2033,Total production: GWh,153410.92659746145
PAK,PAK_N,2034,Demand: GWh,168938.7000000003
PAK,PAK_N,2034,Exports exchange: GWh,6350.750629023663
PAK,PAK_N,2034,Imports exchange: GWh,14573.786486383391
PAK,PAK_N,2034,Net interchange Ratio: GWh,0.0486746722767472
PAK,PAK_N,2034,Net interchange: GWh,8223.035857359728
PAK,PAK_N,2034,Total Demand: GWh,168938.7000000003
PAK,PAK_N,2034,Total production: GWh,160715.66414264048
PAK,PAK_N,2035,Demand: GWh,176203.0999999997
PAK,PAK_N,2035,Exports exchange: GWh,6290.687706802795
PAK,PAK_N,2035,Imports exchange: GWh,14165.2535853809
PAK,PAK_N,2035,Net interchange Ratio: GWh,0.0446902800153806
PAK,PAK_N,2035,Net interchange: GWh,7874.565878578103
PAK,PAK_N,2035,Total Demand: GWh,176203.0999999997
PAK,PAK_N,2035,Total production: GWh,168328.53412142178
PAK,PAK_N,2040,Demand: GWh,217487.9000000005
PAK,PAK_N,2040,Exports exchange: GWh,6604.767175243648
PAK,PAK_N,2040,Imports exchange: GWh,13784.884110141767
PAK,PAK_N,2040,Net interchange Ratio: GWh,0.0330138685181939
PAK,PAK_N,2040,Net interchange: GWh,7180.116934898119
PAK,PAK_N,2040,Total Demand: GWh,217487.9000000005
PAK,PAK_N,2040,Total production: GWh,210307.783065102
PAK,PAK_N,2045,Demand: GWh,268445.8
PAK,PAK_N,2045,Exports exchange: GWh,7227.096627701595
PAK,PAK_N,2045,Imports exchange: GWh,13679.01790712198
PAK,PAK_N,2045,Net interchange Ratio: GWh,0.0240343535992009
PAK,PAK_N,2045,Net interchange: GWh,6451.921279420386
PAK,PAK_N,2045,Total Demand: GWh,268445.8
PAK,PAK_N,2045,Total production: GWh,261993.8787205792
PAK,PAK_N,2050,Demand: GWh,331343.20000000106
PAK,PAK_N,2050,Exports exchange: GWh,5878.15520912648
PAK,PAK_N,2050,Imports exchange: GWh,15335.981094388138
PAK,PAK_N,2050,Net interchange Ratio: GWh,0.0285438961332588
PAK,PAK_N,2050,Net interchange: GWh,9457.825885261658
PAK,PAK_N,2050,Total Demand: GWh,331343.20000000106
PAK,PAK_N,2050,Total production: GWh,321885.3741147389
PAK,PAK_S,2026,Demand: GWh,53081.60000000007
PAK,PAK_S,2026,Exports exchange: GWh,13727.20011060102
PAK,PAK_S,2026,Imports exchange: GWh,5508.0
PAK,PAK_S,2026,Net interchange Ratio: GWh,-0.1548408508899695
PAK,PAK_S,2026,Net interchange: GWh,-8219.20011060102
PAK,PAK_S,2026,Total Demand: GWh,53081.60000000007
PAK,PAK_S,2026,Total production: GWh,61328.34011060104
PAK,PAK_S,2027,Demand: GWh,55364.10000000005
PAK,PAK_S,2027,Exports exchange: GWh,13299.107534423354
PAK,PAK_S,2027,Imports exchange: GWh,5522.391528012012
PAK,PAK_S,2027,Net interchange Ratio: GWh,-0.1404649584552324
PAK,PAK_S,2027,Net interchange: GWh,-7776.716006411342
PAK,PAK_S,2027,Total Demand: GWh,55364.10000000005
PAK,PAK_S,2027,Total production: GWh,63168.42796405146
PAK,PAK_S,2028,Demand: GWh,57744.79999999989
PAK,PAK_S,2028,Exports exchange: GWh,13146.319358910952
PAK,PAK_S,2028,Imports exchange: GWh,5539.620573140476
PAK,PAK_S,2028,Net interchange Ratio: GWh,-0.1317295892577425
PAK,PAK_S,2028,Net interchange: GWh,-7606.698785770476
PAK,PAK_S,2028,Total Demand: GWh,57744.79999999989
PAK,PAK_S,2028,Total production: GWh,65379.19688863609
PAK,PAK_S,2029,Demand: GWh,60227.799999999945
PAK,PAK_S,2029,Exports exchange: GWh,13290.099455210797
PAK,PAK_S,2029,Imports exchange: GWh,5547.973694712367
PAK,PAK_S,2029,Net interchange Ratio: GWh,-0.1285473777972703
PAK,PAK_S,2029,Net interchange: GWh,-7742.12576049843
PAK,PAK_S,2029,Total Demand: GWh,60227.799999999945
PAK,PAK_S,2029,Total production: GWh,67997.6656289721
PAK,PAK_S,2030,Demand: GWh,62817.600000000064
PAK,PAK_S,2030,Exports exchange: GWh,13216.208122611575
PAK,PAK_S,2030,Imports exchange: GWh,5562.522337368823
PAK,PAK_S,2030,Net interchange Ratio: GWh,-0.1218398312772653
PAK,PAK_S,2030,Net interchange: GWh,-7653.685785242752
PAK,PAK_S,2030,Total Demand: GWh,62817.600000000064
PAK,PAK_S,2030,Total production: GWh,70499.09839692959
PAK,PAK_S,2031,Demand: GWh,65518.700000000135
PAK,PAK_S,2031,Exports exchange: GWh,13668.062801044962
PAK,PAK_S,2031,Imports exchange: GWh,5568.754824122539
PAK,PAK_S,2031,Net interchange Ratio: GWh,-0.1236182643569302
PAK,PAK_S,2031,Net interchange: GWh,-8099.307976922423
PAK,PAK_S,2031,Total Demand: GWh,65518.700000000135
PAK,PAK_S,2031,Total production: GWh,73618.00797692258
PAK,PAK_S,2032,Demand: GWh,68336.00000000003
PAK,PAK_S,2032,Exports exchange: GWh,13587.391818998278
PAK,PAK_S,2032,Imports exchange: GWh,5573.630418846034
PAK,PAK_S,2032,Net interchange Ratio: GWh,-0.1172699806859084
PAK,PAK_S,2032,Net interchange: GWh,-8013.761400152243
PAK,PAK_S,2032,Total Demand: GWh,68336.00000000003
PAK,PAK_S,2032,Total production: GWh,76349.76140015229
PAK,PAK_S,2033,Demand: GWh,71274.49999999994
PAK,PAK_S,2033,Exports exchange: GWh,13305.57460823294
PAK,PAK_S,2033,Imports exchange: GWh,5576.544858881475
PAK,PAK_S,2033,Net interchange Ratio: GWh,-0.1084403222660484
PAK,PAK_S,2033,Net interchange: GWh,-7729.029749351465
PAK,PAK_S,2033,Total Demand: GWh,71274.49999999994
PAK,PAK_S,2033,Total production: GWh,79001.78739758098
PAK,PAK_S,2033,Unmet demand: GWh,1.7423517704655642
PAK,PAK_S,2034,Demand: GWh,74339.30000000008
PAK,PAK_S,2034,Exports exchange: GWh,12707.981188394093
PAK,PAK_S,2034,Imports exchange: GWh,5626.826547315754
PAK,PAK_S,2034,Net interchange Ratio: GWh,-0.0952545240684043
PAK,PAK_S,2034,Net interchange: GWh,-7081.1546410783385
PAK,PAK_S,2034,Total Demand: GWh,74339.30000000008
PAK,PAK_S,2034,Total production: GWh,81411.90631884785
PAK,PAK_S,2034,Unmet demand: GWh,8.548322230523182
PAK,PAK_S,2035,Demand: GWh,77535.89999999995
PAK,PAK_S,2035,Exports exchange: GWh,11649.488467523684
PAK,PAK_S,2035,Imports exchange: GWh,6051.528988069755
PAK,PAK_S,2035,Net interchange Ratio: GWh,-0.0721982911071379
PAK,PAK_S,2035,Net interchange: GWh,-5597.95947945393
PAK,PAK_S,2035,Total Demand: GWh,77535.89999999995
PAK,PAK_S,2035,Total production: GWh,83096.95837063543
PAK,PAK_S,2035,Unmet demand: GWh,36.901108818525046
PAK,PAK_S,2040,Demand: GWh,95702.70000000014
PAK,PAK_S,2040,Exports exchange: GWh,9878.08885087063
PAK,PAK_S,2040,Imports exchange: GWh,7887.527628127324
PAK,PAK_S,2040,Net interchange Ratio: GWh,-0.0207994259591767
PAK,PAK_S,2040,Net interchange: GWh,-1990.5612227433064
PAK,PAK_S,2040,Total Demand: GWh,95702.70000000014
PAK,PAK_S,2040,Total production: GWh,97596.42427618516
PAK,PAK_S,2040,Unmet demand: GWh,96.83694655823132
PAK,PAK_S,2045,Demand: GWh,118126.10000000006
PAK,PAK_S,2045,Exports exchange: GWh,9495.324661076034
PAK,PAK_S,2045,Imports exchange: GWh,8618.828092758822
PAK,PAK_S,2045,Net interchange Ratio: GWh,-0.0074200076724552
PAK,PAK_S,2045,Net interchange: GWh,-876.4965683172122
PAK,PAK_S,2045,Total Demand: GWh,118126.10000000006
PAK,PAK_S,2045,Total production: GWh,118792.40798135853
PAK,PAK_S,2045,Unmet demand: GWh,210.1885869586025
PAK,PAK_S,2050,Demand: GWh,145803.29999999987
PAK,PAK_S,2050,Exports exchange: GWh,10813.836595171744
PAK,PAK_S,2050,Imports exchange: GWh,7500.436044318937
PAK,PAK_S,2050,Net interchange Ratio: GWh,-0.0227251410006001
PAK,PAK_S,2050,Net interchange: GWh,-3313.400550852807
PAK,PAK_S,2050,Total Demand: GWh,145803.29999999987
PAK,PAK_S,2050,Total production: GWh,148857.04027887085
PAK,PAK_S,2050,Unmet demand: GWh,259.6602719819837
TAJ,TAJ_N,2026,Demand: GWh,5883.799999999995
TAJ,TAJ_N,2026,Exports exchange: GWh,5771.300695369231
TAJ,TAJ_N,2026,Imports exchange: GWh,8048.2843416884625
TAJ,TAJ_N,2026,Net interchange Ratio: GWh,0.3869920198373897
TAJ,TAJ_N,2026,Net interchange: GWh,2276.9836463192314
TAJ,TAJ_N,2026,Total Demand: GWh,5883.799999999995
TAJ,TAJ_N,2026,Total production: GWh,3647.0577753892017
TAJ,TAJ_N,2027,Demand: GWh,6031.800000000001
TAJ,TAJ_N,2027,Exports exchange: GWh,5988.668411147445
TAJ,TAJ_N,2027,Imports exchange: GWh,8461.103345073421
TAJ,TAJ_N,2027,Net interchange Ratio: GWh,0.4099000188875585
TAJ,TAJ_N,2027,Net interchange: GWh,2472.434933925976
TAJ,TAJ_N,2027,Total Demand: GWh,6031.800000000001
TAJ,TAJ_N,2027,Total production: GWh,3601.670582799391
TAJ,TAJ_N,2028,Demand: GWh,6271.900000000003
TAJ,TAJ_N,2028,Exports exchange: GWh,5854.753985900533
TAJ,TAJ_N,2028,Imports exchange: GWh,8428.705426641585
TAJ,TAJ_N,2028,Net interchange Ratio: GWh,0.4103942092094981
TAJ,TAJ_N,2028,Net interchange: GWh,2573.9514407410525
TAJ,TAJ_N,2028,Total Demand: GWh,6271.900000000003
TAJ,TAJ_N,2028,Total production: GWh,3740.092086392157
TAJ,TAJ_N,2029,Demand: GWh,6522.599999999998
TAJ,TAJ_N,2029,Exports exchange: GWh,5106.40427119446
TAJ,TAJ_N,2029,Imports exchange: GWh,8880.295673814298
TAJ,TAJ_N,2029,Net interchange Ratio: GWh,0.5785869749210192
TAJ,TAJ_N,2029,Net interchange: GWh,3773.891402619838
TAJ,TAJ_N,2029,Total Demand: GWh,6522.599999999998
TAJ,TAJ_N,2029,Total production: GWh,2793.110075749239
TAJ,TAJ_N,2030,Demand: GWh,6783.300000000006
TAJ,TAJ_N,2030,Exports exchange: GWh,6281.872032642005
TAJ,TAJ_N,2030,Imports exchange: GWh,10976.412148725622
TAJ,TAJ_N,2030,Net interchange Ratio: GWh,0.6920731968339322
TAJ,TAJ_N,2030,Net interchange: GWh,4694.540116083616
TAJ,TAJ_N,2030,Total Demand: GWh,6783.300000000006
TAJ,TAJ_N,2030,Total production: GWh,2143.641944660009
TAJ,TAJ_N,2031,Demand: GWh,7054.6
TAJ,TAJ_N,2031,Exports exchange: GWh,6138.7915116268205
TAJ,TAJ_N,2031,Imports exchange: GWh,11327.541316720237
TAJ,TAJ_N,2031,Net interchange Ratio: GWh,0.7355129709825385
TAJ,TAJ_N,2031,Net interchange: GWh,5188.749805093416
TAJ,TAJ_N,2031,Total Demand: GWh,7054.6
TAJ,TAJ_N,2031,Total production: GWh,1865.8501949065867
TAJ,TAJ_N,2032,Demand: GWh,7331.600000000008
TAJ,TAJ_N,2032,Exports exchange: GWh,6144.785745481371
TAJ,TAJ_N,2032,Imports exchange: GWh,11452.986958928635
TAJ,TAJ_N,2032,Net interchange Ratio: GWh,0.7240167512476486
TAJ,TAJ_N,2032,Net interchange: GWh,5308.201213447266
TAJ,TAJ_N,2032,Total Demand: GWh,7331.600000000008
TAJ,TAJ_N,2032,Total production: GWh,2023.3987865527315
TAJ,TAJ_N,2033,Demand: GWh,7615.199999999993
TAJ,TAJ_N,2033,Exports exchange: GWh,6274.006302720706
TAJ,TAJ_N,2033,Imports exchange: GWh,11639.949822720364
TAJ,TAJ_N,2033,Net interchange Ratio: GWh,0.7046359281436683
TAJ,TAJ_N,2033,Net interchange: GWh,5365.943519999658
TAJ,TAJ_N,2033,Total Demand: GWh,7615.199999999993
TAJ,TAJ_N,2033,Total production: GWh,2249.256480000341
TAJ,TAJ_N,2034,Demand: GWh,7912.000000000004
TAJ,TAJ_N,2034,Exports exchange: GWh,6352.9220099590175
TAJ,TAJ_N,2034,Imports exchange: GWh,11790.458249464604
TAJ,TAJ_N,2034,Net interchange Ratio: GWh,0.6872517997352862
TAJ,TAJ_N,2034,Net interchange: GWh,5437.536239505586
TAJ,TAJ_N,2034,Total Demand: GWh,7912.000000000004
TAJ,TAJ_N,2034,Total production: GWh,2474.463760494408
TAJ,TAJ_N,2035,Demand: GWh,8216.000000000007
TAJ,TAJ_N,2035,Exports exchange: GWh,6453.935593105593
TAJ,TAJ_N,2035,Imports exchange: GWh,11500.614854238484
TAJ,TAJ_N,2035,Net interchange Ratio: GWh,0.6142501534971869
TAJ,TAJ_N,2035,Net interchange: GWh,5046.679261132892
TAJ,TAJ_N,2035,Total Demand: GWh,8216.000000000007
TAJ,TAJ_N,2035,Total production: GWh,3169.3207388671126
TAJ,TAJ_N,2040,Demand: GWh,9683.400000000009
TAJ,TAJ_N,2040,Exports exchange: GWh,6100.77411173131
TAJ,TAJ_N,2040,Imports exchange: GWh,11733.496526710484
TAJ,TAJ_N,2040,Net interchange Ratio: GWh,0.5816884993885587
TAJ,TAJ_N,2040,Net interchange: GWh,5632.722414979174
TAJ,TAJ_N,2040,Total Demand: GWh,9683.400000000009
TAJ,TAJ_N,2040,Total production: GWh,4050.6775850208223
TAJ,TAJ_N,2045,Demand: GWh,10970.000000000016
TAJ,TAJ_N,2045,Exports exchange: GWh,7496.138033676813
TAJ,TAJ_N,2045,Imports exchange: GWh,12176.211968260315
TAJ,TAJ_N,2045,Net interchange Ratio: GWh,0.4266247889319505
TAJ,TAJ_N,2045,Net interchange: GWh,4680.073934583504
TAJ,TAJ_N,2045,Total Demand: GWh,10970.000000000016
TAJ,TAJ_N,2045,Total production: GWh,6289.926065416508
TAJ,TAJ_N,2050,Demand: GWh,12401.200000000008
TAJ,TAJ_N,2050,Exports exchange: GWh,7246.868691330026
TAJ,TAJ_N,2050,Imports exchange: GWh,11118.332129298386
TAJ,TAJ_N,2050,Net interchange Ratio: GWh,0.3121845819733861
TAJ,TAJ_N,2050,Net interchange: GWh,3871.46343796836
TAJ,TAJ_N,2050,Total Demand: GWh,12401.200000000008
TAJ,TAJ_N,2050,Total production: GWh,8529.736562031649
TAJ,TAJ_S,2026,Demand: GWh,15372.600000000011
TAJ,TAJ_S,2026,Exports exchange: GWh,22359.210872146137
TAJ,TAJ_S,2026,Imports exchange: GWh,1968.6709542859908
TAJ,TAJ_S,2026,Net interchange Ratio: GWh,-1.3264210294849363
TAJ,TAJ_S,2026,Net interchange: GWh,-20390.539917860147
TAJ,TAJ_S,2026,Total Demand: GWh,15372.600000000011
TAJ,TAJ_S,2026,Total production: GWh,35772.98327263157
TAJ,TAJ_S,2027,Demand: GWh,15759.300000000008
TAJ,TAJ_S,2027,Exports exchange: GWh,22772.09192056948
TAJ,TAJ_S,2027,Imports exchange: GWh,424.6349707880874
TAJ,TAJ_S,2027,Net interchange Ratio: GWh,-1.418048831469759
TAJ,TAJ_S,2027,Net interchange: GWh,-22347.456949781383
TAJ,TAJ_S,2027,Total Demand: GWh,15759.300000000008
TAJ,TAJ_S,2027,Total production: GWh,38108.88012463534
TAJ,TAJ_S,2028,Demand: GWh,16386.499999999978
TAJ,TAJ_S,2028,Exports exchange: GWh,22423.99693937221
TAJ,TAJ_S,2028,Imports exchange: GWh,527.6260848243356
TAJ,TAJ_S,2028,Net interchange Ratio: GWh,-1.3362445216823542
TAJ,TAJ_S,2028,Net interchange: GWh,-21896.37085454787
TAJ,TAJ_S,2028,Total Demand: GWh,16386.499999999978
TAJ,TAJ_S,2028,Total production: GWh,38285.50898497197
TAJ,TAJ_S,2029,Demand: GWh,17041.400000000023
TAJ,TAJ_S,2029,Exports exchange: GWh,23093.09582957604
TAJ,TAJ_S,2029,Imports exchange: GWh,366.3388967496095
TAJ,TAJ_S,2029,Net interchange Ratio: GWh,-1.3336202972071778
TAJ,TAJ_S,2029,Net interchange: GWh,-22726.75693282643
TAJ,TAJ_S,2029,Total Demand: GWh,17041.400000000023
TAJ,TAJ_S,2029,Total production: GWh,39769.98862731019
TAJ,TAJ_S,2030,Demand: GWh,17722.49999999998
TAJ,TAJ_S,2030,Exports exchange: GWh,24245.429700325243
TAJ,TAJ_S,2030,Imports exchange: GWh,995.7921645857298
TAJ,TAJ_S,2030,Net interchange Ratio: GWh,-1.31187121093184
TAJ,TAJ_S,2030,Net interchange: GWh,-23249.63753573951
TAJ,TAJ_S,2030,Total Demand: GWh,17722.49999999998
TAJ,TAJ_S,2030,Total production: GWh,40977.116496562456
TAJ,TAJ_S,2031,Demand: GWh,18431.50000000001
TAJ,TAJ_S,2031,Exports exchange: GWh,25316.326133571445
TAJ,TAJ_S,2031,Imports exchange: GWh,1566.3666293113688
TAJ,TAJ_S,2031,Net interchange Ratio: GWh,-1.2885527224729438
TAJ,TAJ_S,2031,Net interchange: GWh,-23749.95950426008
TAJ,TAJ_S,2031,Total Demand: GWh,18431.50000000001
TAJ,TAJ_S,2031,Total production: GWh,42181.459504260114
TAJ,TAJ_S,2032,Demand: GWh,19155.099999999984
TAJ,TAJ_S,2032,Exports exchange: GWh,25128.846235283723
TAJ,TAJ_S,2032,Imports exchange: GWh,1929.0432511696413
TAJ,TAJ_S,2032,Net interchange Ratio: GWh,-1.211155409479152
TAJ,TAJ_S,2032,Net interchange: GWh,-23199.80298411408
TAJ,TAJ_S,2032,Total Demand: GWh,19155.099999999984
TAJ,TAJ_S,2032,Total production: GWh,42354.9029841141
TAJ,TAJ_S,2033,Demand: GWh,19896.000000000004
TAJ,TAJ_S,2033,Exports exchange: GWh,24989.73340229941
TAJ,TAJ_S,2033,Imports exchange: GWh,2353.2532710413725
TAJ,TAJ_S,2033,Net interchange Ratio: GWh,-1.137740255893548
TAJ,TAJ_S,2033,Net interchange: GWh,-22636.48013125804
TAJ,TAJ_S,2033,Total Demand: GWh,19896.000000000004
TAJ,TAJ_S,2033,Total production: GWh,42532.48013125805
TAJ,TAJ_S,2034,Demand: GWh,20671.49999999997
TAJ,TAJ_S,2034,Exports exchange: GWh,24542.395037919065
TAJ,TAJ_S,2034,Imports exchange: GWh,2647.9669984831075
TAJ,TAJ_S,2034,Net interchange Ratio: GWh,-1.0591601015618597
TAJ,TAJ_S,2034,Net interchange: GWh,-21894.42803943596
TAJ,TAJ_S,2034,Total Demand: GWh,20671.49999999997
TAJ,TAJ_S,2034,Total production: GWh,42565.92803943599
TAJ,TAJ_S,2035,Demand: GWh,21465.69999999999
TAJ,TAJ_S,2035,Exports exchange: GWh,24345.05733723745
TAJ,TAJ_S,2035,Imports exchange: GWh,3173.5552273943645
TAJ,TAJ_S,2035,Net interchange Ratio: GWh,-0.986294512167928
TAJ,TAJ_S,2035,Net interchange: GWh,-21171.50210984308
TAJ,TAJ_S,2035,Total Demand: GWh,21465.69999999999
TAJ,TAJ_S,2035,Total production: GWh,42637.202109843056
TAJ,TAJ_S,2040,Demand: GWh,25299.79999999995
TAJ,TAJ_S,2040,Exports exchange: GWh,21880.27949981178
TAJ,TAJ_S,2040,Imports exchange: GWh,4614.151460375793
TAJ,TAJ_S,2040,Net interchange Ratio: GWh,-0.6824610486816505
TAJ,TAJ_S,2040,Net interchange: GWh,-17266.128039435986
TAJ,TAJ_S,2040,Total Demand: GWh,25299.79999999995
TAJ,TAJ_S,2040,Total production: GWh,42565.928039436
TAJ,TAJ_S,2045,Demand: GWh,28660.99999999999
TAJ,TAJ_S,2045,Exports exchange: GWh,22232.386150646777
TAJ,TAJ_S,2045,Imports exchange: GWh,4887.697335643045
TAJ,TAJ_S,2045,Net interchange Ratio: GWh,-0.6051669102614611
TAJ,TAJ_S,2045,Net interchange: GWh,-17344.68881500373
TAJ,TAJ_S,2045,Total Demand: GWh,28660.99999999999
TAJ,TAJ_S,2045,Total production: GWh,46005.68881500372
TAJ,TAJ_S,2050,Demand: GWh,32400.500000000007
TAJ,TAJ_S,2050,Exports exchange: GWh,21524.82086947296
TAJ,TAJ_S,2050,Imports exchange: GWh,4344.504602633523
TAJ,TAJ_S,2050,Net interchange Ratio: GWh,-0.530248492055352
TAJ,TAJ_S,2050,Net interchange: GWh,-17180.316266839436
TAJ,TAJ_S,2050,Total Demand: GWh,32400.500000000007
TAJ,TAJ_S,2050,Total production: GWh,49580.81626683943
TUR,TUR,2026,Demand: GWh,22693.9
TUR,TUR,2026,Exports exchange: GWh,8260.375731328842
TUR,TUR,2026,Imports exchange: GWh,572.2497605623096
TUR,TUR,2026,Net interchange Ratio: GWh,-0.3387749999236152
TUR,TUR,2026,Net interchange: GWh,-7688.125970766533
TUR,TUR,2026,Total Demand: GWh,22693.9
TUR,TUR,2026,Total production: GWh,30382.02597133876
TUR,TUR,2027,Demand: GWh,23033.600000000013
TUR,TUR,2027,Exports exchange: GWh,4437.796057876466
TUR,TUR,2027,Imports exchange: GWh,3335.014455035203
TUR,TUR,2027,Net interchange Ratio: GWh,-0.0478770840355507
TUR,TUR,2027,Net interchange: GWh,-1102.781602841263
TUR,TUR,2027,Total Demand: GWh,23033.600000000013
TUR,TUR,2027,Total production: GWh,24143.308791838142
TUR,TUR,2028,Demand: GWh,23384.89999999999
TUR,TUR,2028,Exports exchange: GWh,2850.3978409681818
TUR,TUR,2028,Imports exchange: GWh,5804.620084103858
TUR,TUR,2028,Net interchange Ratio: GWh,0.1263303346662024
TUR,TUR,2028,Net interchange: GWh,2954.2222431356763
TUR,TUR,2028,Total Demand: GWh,23384.89999999999
TUR,TUR,2028,Total production: GWh,20443.213927930294
TUR,TUR,2029,Demand: GWh,23748.099999999973
TUR,TUR,2029,Exports exchange: GWh,14.08540593224073
TUR,TUR,2029,Imports exchange: GWh,5761.384888084243
TUR,TUR,2029,Net interchange Ratio: GWh,0.2420109180166838
TUR,TUR,2029,Net interchange: GWh,5747.299482152002
TUR,TUR,2029,Total Demand: GWh,23748.099999999973
TUR,TUR,2029,Total production: GWh,18012.462707938954
TUR,TUR,2030,Demand: GWh,24123.80000000001
TUR,TUR,2030,Exports exchange: GWh,655.8843274186261
TUR,TUR,2030,Imports exchange: GWh,6897.511330799281
TUR,TUR,2030,Net interchange Ratio: GWh,0.2587331599242511
TUR,TUR,2030,Net interchange: GWh,6241.627003380654
TUR,TUR,2030,Total Demand: GWh,24123.80000000001
TUR,TUR,2030,Total production: GWh,17894.76055765334
TUR,TUR,2031,Demand: GWh,24400.100000000013
TUR,TUR,2031,Exports exchange: GWh,391.8836157844611
TUR,TUR,2031,Imports exchange: GWh,7039.781228194208
TUR,TUR,2031,Net interchange Ratio: GWh,0.272453703567188
TUR,TUR,2031,Net interchange: GWh,6647.897612409747
TUR,TUR,2031,Total Demand: GWh,24400.100000000013
TUR,TUR,2031,Total production: GWh,17752.202387590252
TUR,TUR,2032,Demand: GWh,24680.800000000017
TUR,TUR,2032,Exports exchange: GWh,668.6541493285129
TUR,TUR,2032,Imports exchange: GWh,6864.706522872357
TUR,TUR,2032,Net interchange Ratio: GWh,0.2510474690262811
TUR,TUR,2032,Net interchange: GWh,6196.052373543844
TUR,TUR,2032,Total Demand: GWh,24680.800000000017
TUR,TUR,2032,Total production: GWh,18484.747626456177
TUR,TUR,2033,Demand: GWh,24965.799999999967
TUR,TUR,2033,Exports exchange: GWh,674.2948208104575
TUR,TUR,2033,Imports exchange: GWh,6864.607270282007
TUR,TUR,2033,Net interchange Ratio: GWh,0.2479516958988519
TUR,TUR,2033,Net interchange: GWh,6190.31244947155
TUR,TUR,2033,Total Demand: GWh,24965.799999999967
TUR,TUR,2033,Total production: GWh,18775.48755052843
TUR,TUR,2034,Demand: GWh,25255.4
TUR,TUR,2034,Exports exchange: GWh,687.0847860828045
TUR,TUR,2034,Imports exchange: GWh,6854.9813957805545
TUR,TUR,2034,Net interchange Ratio: GWh,0.2442209036363609
TUR,TUR,2034,Net interchange: GWh,6167.89660969775
TUR,TUR,2034,Total Demand: GWh,25255.4
TUR,TUR,2034,Total production: GWh,19087.503390302227
TUR,TUR,2035,Demand: GWh,25541.100000000017
TUR,TUR,2035,Exports exchange: GWh,787.1756236822939
TUR,TUR,2035,Imports exchange: GWh,6655.868103583619
TUR,TUR,2035,Net interchange Ratio: GWh,0.2297744607672074
TUR,TUR,2035,Net interchange: GWh,5868.692479901325
TUR,TUR,2035,Total Demand: GWh,25541.100000000017
TUR,TUR,2035,Total production: GWh,19672.40752009865
TUR,TUR,2040,Demand: GWh,27096.800000000032
TUR,TUR,2040,Exports exchange: GWh,1367.3631121276
TUR,TUR,2040,Imports exchange: GWh,6139.664148865123
TUR,TUR,2040,Net interchange Ratio: GWh,0.1761204657648695
TUR,TUR,2040,Net interchange: GWh,4772.301036737523
TUR,TUR,2040,Total Demand: GWh,27096.800000000032
TUR,TUR,2040,Total production: GWh,22324.498963262457
TUR,TUR,2045,Demand: GWh,29052.40000000001
TUR,TUR,2045,Exports exchange: GWh,2477.9273841468003
TUR,TUR,2045,Imports exchange: GWh,4703.500343816768
TUR,TUR,2045,Net interchange Ratio: GWh,0.076605476988819
TUR,TUR,2045,Net interchange: GWh,2225.5729596699675
TUR,TUR,2045,Total Demand: GWh,29052.40000000001
TUR,TUR,2045,Total production: GWh,26826.82704032999
TUR,TUR,2050,Demand: GWh,31059.39999999999
TUR,TUR,2050,Exports exchange: GWh,4083.7723682476208
TUR,TUR,2050,Imports exchange: GWh,4084.214183831268
TUR,TUR,2050,Net interchange Ratio: GWh,1.4224858936327975e-05
TUR,TUR,2050,Net interchange: GWh,0.441815583646985
TUR,TUR,2050,Total Demand: GWh,31059.39999999999
TUR,TUR,2050,Total production: GWh,31058.95818441631
UZB,UZB,2026,Demand: GWh,87127.69999999997
UZB,UZB,2026,Imports exchange: GWh,29796.427576247374
UZB,UZB,2026,Net interchange Ratio: GWh,0.3419857011747972
UZB,UZB,2026,Net interchange: GWh,29796.427576247374
UZB,UZB,2026,Total Demand: GWh,87127.69999999997
UZB,UZB,2026,Total production: GWh,57480.25456163388
UZB,UZB,2027,Demand: GWh,89678.80000000002
UZB,UZB,2027,Exports exchange: GWh,1095.3713237249976
UZB,UZB,2027,Imports exchange: GWh,32211.499520779773
UZB,UZB,2027,Net interchange Ratio: GWh,0.346973066065277
UZB,UZB,2027,Net interchange: GWh,31116.12819705477
UZB,UZB,2027,Total Demand: GWh,89678.80000000002
UZB,UZB,2027,Total production: GWh,58723.72930054908
UZB,UZB,2028,Demand: GWh,92543.10000000003
UZB,UZB,2028,Exports exchange: GWh,3475.862264825871
UZB,UZB,2028,Imports exchange: GWh,29515.355817249925
UZB,UZB,2028,Net interchange Ratio: GWh,0.2813769319638529
UZB,UZB,2028,Net interchange: GWh,26039.493552424054
UZB,UZB,2028,Total Demand: GWh,92543.10000000003
UZB,UZB,2028,Total production: GWh,66651.18322666225
UZB,UZB,2029,Demand: GWh,95726.99999999993
UZB,UZB,2029,Exports exchange: GWh,3113.0501387613967
UZB,UZB,2029,Imports exchange: GWh,28559.51500393961
UZB,UZB,2029,Net interchange Ratio: GWh,0.2658232772904012
UZB,UZB,2029,Net interchange: GWh,25446.46486517822
UZB,UZB,2029,Total Demand: GWh,95726.99999999993
UZB,UZB,2029,Total production: GWh,70423.33270984155
UZB,UZB,2030,Demand: GWh,100529.40000000008
UZB,UZB,2030,Exports exchange: GWh,3929.4487081605657
UZB,UZB,2030,Imports exchange: GWh,26179.89325077516
UZB,UZB,2030,Net interchange Ratio: GWh,0.2213327100590929
UZB,UZB,2030,Net interchange: GWh,22250.44454261459
UZB,UZB,2030,Total Demand: GWh,100529.40000000008
UZB,UZB,2030,Total production: GWh,78409.85492363934
UZB,UZB,2031,Demand: GWh,107415.00000000004
UZB,UZB,2031,Exports exchange: GWh,3470.3279127888927
UZB,UZB,2031,Imports exchange: GWh,31903.23606882315
UZB,UZB,2031,Net interchange Ratio: GWh,0.2647014677282898
UZB,UZB,2031,Net interchange: GWh,28432.908156034257
UZB,UZB,2031,Total Demand: GWh,107415.00000000004
UZB,UZB,2031,Total production: GWh,78982.09184396584
UZB,UZB,2032,Demand: GWh,114441.89999999998
UZB,UZB,2032,Exports exchange: GWh,4005.415296118724
UZB,UZB,2032,Imports exchange: GWh,30658.13759969005
UZB,UZB,2032,Net interchange Ratio: GWh,0.2328930427017668
UZB,UZB,2032,Net interchange: GWh,26652.72230357132
UZB,UZB,2032,Total Demand: GWh,114441.89999999998
UZB,UZB,2032,Total production: GWh,87789.17769642871
UZB,UZB,2033,Demand: GWh,121688.09999999987
UZB,UZB,2033,Exports exchange: GWh,4318.151029077772
UZB,UZB,2033,Imports exchange: GWh,29964.970192638182
UZB,UZB,2033,Net interchange Ratio: GWh,0.2107586457801579
UZB,UZB,2033,Net interchange: GWh,25646.819163560413
UZB,UZB,2033,Total Demand: GWh,121688.09999999987
UZB,UZB,2033,Total production: GWh,96041.28083643956
UZB,UZB,2034,Demand: GWh,129140.59999999987
UZB,UZB,2034,Exports exchange: GWh,4107.178254232934
UZB,UZB,2034,Imports exchange: GWh,29590.76952294601
UZB,UZB,2034,Net interchange Ratio: GWh,0.197332142399161
UZB,UZB,2034,Net interchange: GWh,25483.59126871308
UZB,UZB,2034,Total Demand: GWh,129140.59999999987
UZB,UZB,2034,Total production: GWh,103657.00873128686
UZB,UZB,2035,Demand: GWh,136738.10000000015
UZB,UZB,2035,Exports exchange: GWh,3128.063636399699
UZB,UZB,2035,Imports exchange: GWh,31697.49082102681
UZB,UZB,2035,Net interchange Ratio: GWh,0.2089353821987221
UZB,UZB,2035,Net interchange: GWh,28569.427184627115
UZB,UZB,2035,Total Demand: GWh,136738.10000000015
UZB,UZB,2035,Total production: GWh,108168.67281537296
UZB,UZB,2040,Demand: GWh,177088.00000000003
UZB,UZB,2040,Exports exchange: GWh,10525.644843943204
UZB,UZB,2040,Imports exchange: GWh,26214.41324148828
UZB,UZB,2040,Net interchange Ratio: GWh,0.0885930633218799
UZB,UZB,2040,Net interchange: GWh,15688.768397545076
UZB,UZB,2040,Total Demand: GWh,177088.00000000003
UZB,UZB,2040,Total production: GWh,161399.2316024549
UZB,UZB,2045,Demand: GWh,218661.90000000008
UZB,UZB,2045,Exports exchange: GWh,11542.46155885437
UZB,UZB,2045,Imports exchange: GWh,26500.15546460725
UZB,UZB,2045,Net interchange Ratio: GWh,0.0684055791418298
UZB,UZB,2045,Net interchange: GWh,14957.693905752882
UZB,UZB,2045,Total Demand: GWh,218661.90000000008
UZB,UZB,2045,Total production: GWh,203698.91102993416
UZB,UZB,2045,Unmet demand: GWh,5.295064313027305
UZB,UZB,2050,Demand: GWh,265685.1000000001
UZB,UZB,2050,Exports exchange: GWh,12338.71193479857
UZB,UZB,2050,Imports exchange: GWh,25178.91708769312
UZB,UZB,2050,Net interchange Ratio: GWh,0.048328661083721
UZB,UZB,2050,Net interchange: GWh,12840.205152894545
UZB,UZB,2050,Total Demand: GWh,265685.1000000001
UZB,UZB,2050,Total production: GWh,252813.50997550544
UZB,UZB,2050,Unmet demand: GWh,31.38487160028956
