z,q,d,t1,t2,t3,t4,t5,t6,t7,t8,t9,t10,t11,t12,t13,t14,t15,t16,t17,t18,t19,t20,t21,t22,t23,t24
KAZ_N,Q1,d1,0.923255,0.899347,0.883777,0.878553,0.863084,0.894425,0.896032,0.925264,0.960924,0.990558,0.99337,0.985234,0.98011,0.965445,0.970568,0.975691,0.977398,0.981215,1,0.993471,0.978202,0.98222,0.956303,0.942541
KAZ_N,Q1,d2,0.886451,0.863645,0.856267,0.84793,0.844672,0.847739,0.863262,0.844481,0.842468,0.875527,0.890571,0.91031,0.903699,0.895745,0.885109,0.888367,0.890763,0.887409,0.893158,0.918551,0.925738,0.925929,0.913473,0.896895
KAZ_N,Q1,d3,0.855692,0.833078,0.839402,0.813338,0.814872,0.816501,0.825029,0.843618,0.881181,0.898812,0.896512,0.892008,0.895745,0.885205,0.877252,0.874186,0.867478,0.892296,0.920659,0.919605,0.91606,0.908777,0.889613,0.869874
KAZ_N,Q2,d1,0.889804,0.879257,0.86218,0.858664,0.863787,0.865897,0.882572,0.899247,0.930085,0.945756,0.964942,0.9556,0.938724,0.927675,0.897137,0.889001,0.884882,0.889001,0.900352,0.921647,0.922551,0.927072,0.923656,0.90899
KAZ_N,Q2,d2,0.727482,0.708509,0.700268,0.698831,0.693944,0.70573,0.704005,0.705922,0.731219,0.743292,0.739364,0.760924,0.742047,0.748563,0.743101,0.741951,0.740705,0.750192,0.759295,0.759486,0.76629,0.781142,0.780759,0.759966
KAZ_N,Q2,d3,0.839306,0.811997,0.78967,0.794078,0.801936,0.801552,0.803277,0.829053,0.837773,0.850997,0.862591,0.860387,0.86125,0.845343,0.846205,0.837007,0.840648,0.847259,0.863453,0.883384,0.86422,0.880222,0.862687,0.825987
KAZ_N,Q3,d1,0.739427,0.713812,0.69563,0.691512,0.682772,0.672627,0.670116,0.679056,0.701858,0.736313,0.737217,0.749774,0.755198,0.745756,0.739327,0.725264,0.741135,0.746057,0.742441,0.741738,0.743446,0.748267,0.763737,0.747865
KAZ_N,Q3,d2,0.703622,0.679858,0.664239,0.655136,0.655424,0.644212,0.6445,0.672001,0.6812,0.710042,0.730069,0.734477,0.730261,0.712725,0.717037,0.708509,0.719529,0.69701,0.708892,0.712438,0.702951,0.749713,0.74885,0.74128
KAZ_N,Q3,d3,0.692219,0.67133,0.657053,0.650824,0.646608,0.635109,0.643925,0.644787,0.664814,0.698256,0.711575,0.718858,0.708126,0.687907,0.680912,0.706593,0.696819,0.706593,0.708126,0.705634,0.688386,0.693752,0.705059,0.702472
KAZ_N,Q5,d1,0.747664,0.721145,0.708187,0.697639,0.692516,0.69121,0.687996,0.6888,0.703365,0.726971,0.741236,0.76444,0.778905,0.767654,0.761426,0.769563,0.776896,0.780512,0.790859,0.772577,0.777599,0.781215,0.786841,0.782823
KAZ_N,Q5,d2,0.686087,0.6743,0.654465,0.659065,0.649195,0.661269,0.662802,0.688482,0.700556,0.723553,0.710713,0.713013,0.723457,0.707838,0.708509,0.708988,0.713875,0.712246,0.721349,0.724607,0.736681,0.75757,0.751246,0.727003
KAZ_N,Q5,d3,0.706976,0.683883,0.666731,0.66903,0.660406,0.648812,0.648908,0.664527,0.683883,0.712917,0.717708,0.70343,0.706593,0.705251,0.696723,0.708509,0.706209,0.71033,0.707263,0.704389,0.678325,0.69816,0.708509,0.694998
KAZ_N,Q4,d1,0.915118,0.890809,0.889503,0.893621,0.887192,0.888297,0.89784,0.929081,0.954194,0.9778,0.959518,0.976996,0.960321,0.950979,0.943245,0.940331,0.940231,0.954395,0.975088,0.96223,0.956705,0.955198,0.935811,0.910397
KAZ_N,Q4,d2,0.754216,0.752108,0.728248,0.736872,0.736202,0.733039,0.745017,0.780471,0.785167,0.798199,0.796761,0.799061,0.803565,0.794845,0.804235,0.81238,0.806823,0.795707,0.786412,0.80414,0.805385,0.793599,0.779609,0.776351
KAZ_N,Q4,d3,0.813147,0.813818,0.798294,0.791491,0.791204,0.793024,0.812476,0.837965,0.848601,0.865274,0.856267,0.850422,0.845056,0.837581,0.828287,0.838444,0.841893,0.845343,0.880701,0.883959,0.868436,0.880222,0.865466,0.859046
KAZ_S,Q1,d1,0.818336,0.77007,0.730536,0.727626,0.708707,0.728353,0.745089,0.815426,0.872423,0.913898,0.949551,0.951492,0.941547,0.928208,0.922872,0.929663,0.930876,0.925782,0.986903,0.99903,1,0.995634,0.955857,0.904681
KAZ_S,Q1,d2,0.739151,0.700072,0.683769,0.656917,0.648765,0.639175,0.660513,0.693119,0.698394,0.738672,0.77871,0.79837,0.77895,0.782546,0.789019,0.771757,0.810117,0.79837,0.811076,0.886118,0.911292,0.881563,0.865979,0.813714
KAZ_S,Q1,d3,0.819468,0.786382,0.714936,0.721889,0.700551,0.703189,0.719252,0.76912,0.834812,0.849916,0.866699,0.873412,0.883481,0.872932,0.862143,0.859746,0.906497,0.877967,0.919923,0.923759,0.912971,0.910573,0.857588,0.840566
KAZ_S,Q2,d1,0.727383,0.662624,0.630609,0.615571,0.646859,0.627213,0.640553,0.700946,0.705069,0.754305,0.777104,0.777832,0.750182,0.745574,0.743876,0.775164,0.780015,0.792869,0.79675,0.808149,0.848654,0.843561,0.818821,0.754548
KAZ_S,Q2,d2,0.614721,0.545193,0.500839,0.497722,0.527931,0.543754,0.515943,0.539439,0.582834,0.619516,0.632702,0.633901,0.61568,0.623831,0.611364,0.628147,0.636058,0.64421,0.64397,0.66339,0.68257,0.729082,0.697914,0.66387
KAZ_S,Q2,d3,0.704148,0.672261,0.611604,0.598657,0.602733,0.603452,0.635819,0.676576,0.695756,0.735315,0.781827,0.767202,0.733637,0.737713,0.754495,0.765044,0.754495,0.7497,0.730041,0.786382,0.805562,0.795972,0.771518,0.675857
KAZ_S,Q3,d1,0.673781,0.61072,0.536017,0.55154,0.526801,0.533835,0.532864,0.554693,0.587921,0.672326,0.725928,0.741693,0.756245,0.768373,0.780257,0.714043,0.79578,0.776134,0.757458,0.750424,0.746301,0.750667,0.772981,0.747514
KAZ_S,Q3,d2,0.585951,0.527931,0.495565,0.478063,0.460321,0.474706,0.466795,0.498442,0.544234,0.569887,0.58619,0.619036,0.616878,0.620954,0.608967,0.638936,0.633661,0.620235,0.616639,0.609926,0.637977,0.652841,0.666507,0.647567
KAZ_S,Q3,d3,0.631983,0.630784,0.596739,0.599616,0.491729,0.486934,0.608247,0.506593,0.553584,0.639175,0.613282,0.66315,0.673939,0.672261,0.676816,0.694558,0.699353,0.694318,0.677296,0.670822,0.660993,0.685447,0.701271,0.667466
KAZ_S,Q5,d1,0.721077,0.662139,0.626,0.613146,0.601019,0.58016,0.577492,0.591074,0.595925,0.666505,0.691972,0.738782,0.769343,0.761824,0.770555,0.773466,0.773951,0.767887,0.771768,0.764977,0.759398,0.786078,0.81203,0.758671
KAZ_S,Q5,d2,0.63486,0.590506,0.54807,0.542316,0.542795,0.546152,0.551427,0.568689,0.619755,0.664589,0.708943,0.710621,0.716135,0.723567,0.723807,0.729082,0.734596,0.742268,0.733637,0.738432,0.766483,0.758092,0.741549,0.686646
KAZ_S,Q5,d3,0.70151,0.649245,0.610405,0.58619,0.56773,0.566291,0.566051,0.57708,0.619036,0.709662,0.74035,0.780628,0.790937,0.801007,0.793575,0.811076,0.820187,0.818988,0.775593,0.766723,0.757612,0.772956,0.806281,0.765524
KAZ_S,Q4,d1,0.717681,0.668203,0.621392,0.634489,0.627213,0.627941,0.632549,0.723987,0.766675,0.79578,0.819306,0.828765,0.847441,0.829251,0.820762,0.822217,0.833859,0.87024,0.881154,0.930876,0.889401,0.881397,0.852535,0.820762
KAZ_S,Q4,d2,0.684728,0.618557,0.59626,0.600096,0.607049,0.614001,0.619516,0.668425,0.707984,0.765284,0.780149,0.790218,0.772477,0.774155,0.756413,0.777511,0.786622,0.763366,0.750659,0.795972,0.814673,0.794534,0.767442,0.758331
KAZ_S,Q4,d3,0.753776,0.709902,0.666986,0.640854,0.655958,0.655478,0.668185,0.735315,0.749221,0.814912,0.832894,0.851834,0.837689,0.833134,0.825701,0.834812,0.843203,0.852793,0.877727,0.918485,0.911053,0.890913,0.837689,0.795732
KGZ_N,Q1,d1,0.769011,0.750475,0.747148,0.74192,0.750475,0.845057,0.903042,0.937262,0.965304,0.94249,0.95865,0.940589,0.935837,0.93251,0.922053,0.944867,0.993821,1,0.994297,0.984791,0.956274,0.913023,0.888308,0.817966
KGZ_N,Q1,d2,0.641509,0.633962,0.621698,0.625,0.641509,0.670755,0.696698,0.753302,0.772642,0.79717,0.778302,0.758491,0.766509,0.749528,0.749057,0.776415,0.776415,0.858491,0.838679,0.835377,0.806604,0.78066,0.714623,0.67217
KGZ_N,Q1,d3,0.715566,0.713679,0.698585,0.706132,0.704717,0.74717,0.805189,0.850943,0.877358,0.875943,0.853302,0.828302,0.838679,0.816981,0.825943,0.848113,0.908962,0.904245,0.898113,0.87217,0.864151,0.83066,0.801415,0.749057
KGZ_N,Q2,d1,0.572719,0.543251,0.547053,0.546103,0.566065,0.678232,0.689639,0.716255,0.731939,0.71673,0.701046,0.691065,0.678707,0.656369,0.669202,0.694867,0.706749,0.750475,0.764734,0.749049,0.726711,0.689639,0.617395,0.586977
KGZ_N,Q2,d2,0.313679,0.3,0.343868,0.32783,0.313679,0.345283,0.375943,0.411321,0.429245,0.430189,0.429245,0.436321,0.422642,0.425,0.420755,0.429717,0.451415,0.486792,0.518396,0.519811,0.492453,0.432075,0.379245,0.333019
KGZ_N,Q2,d3,0.537736,0.516509,0.51934,0.515566,0.521226,0.56934,0.606604,0.65283,0.657547,0.646698,0.641981,0.632547,0.625943,0.616509,0.623113,0.626887,0.660377,0.699057,0.721226,0.685377,0.681604,0.643868,0.592925,0.539623
KGZ_N,Q3,d1,0.311787,0.281844,0.276616,0.279943,0.281844,0.323669,0.386407,0.447719,0.462928,0.498574,0.495722,0.502376,0.517586,0.514734,0.50808,0.492871,0.501901,0.507605,0.495247,0.506654,0.510456,0.453897,0.390209,0.331749
KGZ_N,Q3,d2,0.30566,0.288208,0.28066,0.278774,0.297642,0.360377,0.380189,0.405189,0.435377,0.438679,0.426887,0.409434,0.432547,0.413208,0.42217,0.421698,0.428302,0.434906,0.47217,0.530189,0.512736,0.446226,0.389151,0.333962
KGZ_N,Q3,d3,0.299528,0.279245,0.245755,0.271698,0.275943,0.329717,0.389151,0.437736,0.461321,0.467925,0.474528,0.476415,0.463208,0.461792,0.463208,0.456132,0.449057,0.454717,0.455189,0.492453,0.490566,0.434434,0.36934,0.310849
KGZ_N,Q5,d1,0.326996,0.314639,0.290399,0.299905,0.302757,0.329373,0.390684,0.414924,0.473859,0.485741,0.508555,0.512833,0.501901,0.491445,0.484316,0.469106,0.469106,0.478612,0.477662,0.534221,0.517586,0.468156,0.410646,0.342205
KGZ_N,Q5,d2,0.273113,0.250943,0.243868,0.232075,0.274528,0.338208,0.392453,0.420755,0.441981,0.444811,0.438679,0.446226,0.460849,0.445755,0.446226,0.441981,0.459434,0.458962,0.507547,0.496698,0.462264,0.390566,0.339151,0.304717
KGZ_N,Q5,d3,0.313679,0.283491,0.284434,0.283962,0.297642,0.337736,0.400472,0.440094,0.483491,0.504245,0.507547,0.495755,0.5,0.501887,0.483019,0.506604,0.493868,0.490094,0.486792,0.529717,0.52783,0.477358,0.410377,0.360849
KGZ_N,Q4,d1,0.584601,0.569392,0.552757,0.559411,0.576996,0.712928,0.720057,0.730038,0.74192,0.739068,0.727662,0.697243,0.69962,0.709601,0.711977,0.747148,0.808935,0.822243,0.793726,0.787548,0.750475,0.711027,0.656369,0.606464
KGZ_N,Q4,d2,0.433962,0.424057,0.425472,0.408019,0.426415,0.49717,0.548585,0.566509,0.535377,0.597642,0.590566,0.596226,0.611321,0.619811,0.625,0.661792,0.695755,0.728302,0.728302,0.70283,0.656132,0.589623,0.541038,0.502358
KGZ_N,Q4,d3,0.584434,0.572642,0.563208,0.565566,0.587736,0.676415,0.710849,0.72217,0.760377,0.741509,0.737264,0.74717,0.740566,0.738679,0.729245,0.749528,0.763208,0.778774,0.756604,0.724057,0.701415,0.655189,0.593396,0.589151
KGZ_S,Q1,d1,0.809037,0.814152,0.803069,0.787724,0.839727,0.927536,0.97613,0.969309,0.942882,0.8815,0.88491,0.84399,0.820119,0.818414,0.838022,0.88491,0.976982,1,0.984655,0.971014,0.961637,0.913896,0.868713,0.818414
KGZ_S,Q1,d2,0.609375,0.603125,0.600781,0.610156,0.623437,0.651563,0.69375,0.698438,0.702344,0.6875,0.674219,0.667188,0.650781,0.652344,0.645312,0.665625,0.732031,0.784375,0.792969,0.798438,0.783594,0.757031,0.676562,0.634375
KGZ_S,Q1,d3,0.705469,0.675,0.694531,0.698438,0.745313,0.811719,0.809375,0.820312,0.794531,0.755469,0.757031,0.74375,0.716406,0.738281,0.733594,0.782031,0.809375,0.864062,0.825781,0.825,0.815625,0.788281,0.746094,0.717969
KGZ_S,Q2,d1,0.584825,0.58994,0.598465,0.601876,0.635124,0.771526,0.789429,0.73913,0.703325,0.661552,0.653879,0.641944,0.638534,0.647059,0.655584,0.667519,0.768968,0.801364,0.823529,0.809037,0.763853,0.736573,0.661552,0.624893
KGZ_S,Q2,d2,0.223438,0.257031,0.389844,0.321094,0.264844,0.299219,0.35,0.336719,0.329688,0.314844,0.33125,0.339844,0.323437,0.326562,0.320312,0.339844,0.416406,0.464062,0.492188,0.490625,0.457813,0.398438,0.301563,0.257031
KGZ_S,Q2,d3,0.525,0.517188,0.509375,0.510938,0.53125,0.603906,0.624219,0.614062,0.596094,0.575,0.560156,0.536719,0.538281,0.514062,0.514844,0.528125,0.60625,0.663281,0.710156,0.680469,0.654687,0.61875,0.551562,0.4625
KGZ_S,Q3,d1,0.304348,0.302643,0.295823,0.30861,0.336743,0.381927,0.439898,0.472293,0.473146,0.477408,0.491049,0.477408,0.462063,0.44075,0.445013,0.44757,0.479113,0.500426,0.514919,0.560102,0.548167,0.456948,0.397272,0.350384
KGZ_S,Q3,d2,0.271094,0.260156,0.265625,0.2875,0.314844,0.3625,0.378906,0.376563,0.364063,0.367188,0.367188,0.363281,0.350781,0.332031,0.33125,0.327344,0.396875,0.434375,0.448437,0.4875,0.463281,0.403125,0.325,0.2875
KGZ_S,Q3,d3,0.26875,0.275781,0.285938,0.289062,0.301563,0.371875,0.392969,0.397656,0.413281,0.408594,0.413281,0.425781,0.422656,0.410938,0.4,0.403125,0.423438,0.444531,0.46875,0.49375,0.490625,0.430469,0.349219,0.292969
KGZ_S,Q5,d1,0.338448,0.325661,0.324808,0.342711,0.358909,0.381927,0.43393,0.45098,0.462063,0.477408,0.473998,0.442455,0.470588,0.469736,0.461211,0.460358,0.479113,0.482523,0.523444,0.550725,0.525149,0.464621,0.381074,0.346974
KGZ_S,Q5,d2,0.251563,0.248438,0.246875,0.276562,0.305469,0.395313,0.404687,0.377344,0.377344,0.389062,0.370312,0.361719,0.353906,0.353125,0.357031,0.394531,0.415625,0.475781,0.525781,0.509375,0.434375,0.385937,0.328906,0.290625
KGZ_S,Q5,d3,0.29375,0.304688,0.299219,0.3125,0.321094,0.360938,0.396875,0.425781,0.436719,0.442969,0.449219,0.446875,0.428125,0.416406,0.428906,0.423438,0.439844,0.465625,0.491406,0.516406,0.503906,0.411719,0.36875,0.325
KGZ_S,Q4,d1,0.661552,0.631714,0.632566,0.636829,0.684569,0.768116,0.83376,0.826087,0.768968,0.740835,0.705882,0.683717,0.669224,0.702472,0.71185,0.777494,0.87468,0.911338,0.918159,0.862745,0.810742,0.777494,0.737425,0.681159
KGZ_S,Q4,d2,0.342187,0.332813,0.319531,0.334375,0.376563,0.501563,0.573438,0.559375,0.517188,0.484375,0.488281,0.453906,0.446875,0.448437,0.486719,0.514844,0.576562,0.649219,0.589063,0.572656,0.536719,0.492969,0.4375,0.3875
KGZ_S,Q4,d3,0.552344,0.529687,0.5125,0.517188,0.560937,0.632812,0.696875,0.691406,0.664844,0.675,0.640625,0.629687,0.620313,0.611719,0.639844,0.664062,0.742969,0.801562,0.782813,0.775,0.750781,0.691406,0.646875,0.620313
NEPS_AFG,Q1,d1,0.69752,0.69752,0.69752,0.69752,0.69752,0.69752,0.711199,0.711199,0.711199,0.711199,0.711199,0.812329,0.812329,0.812329,0.80583,0.80583,0.80583,0.999352,0.999352,0.999352,0.999352,0.983252,0.983252,0.983252
NEPS_AFG,Q1,d2,0.515892,0.515892,0.515892,0.515892,0.515892,0.515892,0.526009,0.526009,0.526009,0.526009,0.526009,0.600805,0.600805,0.600805,0.595999,0.595999,0.595999,0.73913,0.73913,0.73913,0.73913,0.727222,0.727222,0.727222
NEPS_AFG,Q1,d3,0.515892,0.515892,0.515892,0.515892,0.515892,0.515892,0.526009,0.526009,0.526009,0.526009,0.526009,0.600805,0.600805,0.600805,0.595999,0.595999,0.595999,0.73913,0.73913,0.73913,0.73913,0.727222,0.727222,0.727222
NEPS_AFG,Q2,d1,0.578884,0.578884,0.578884,0.578884,0.578884,0.578884,0.588952,0.588952,0.588952,0.588952,0.588952,0.674166,0.674166,0.674166,0.668773,0.668773,0.668773,0.84136,0.84136,0.84136,0.84136,0.859337,0.859337,0.859337
NEPS_AFG,Q2,d2,0.428148,0.428148,0.428148,0.428148,0.428148,0.428148,0.435594,0.435594,0.435594,0.435594,0.435594,0.498619,0.498619,0.498619,0.49463,0.49463,0.49463,0.622277,0.622277,0.622277,0.622277,0.635573,0.635573,0.635573
NEPS_AFG,Q2,d3,0.428148,0.428148,0.428148,0.428148,0.428148,0.428148,0.435594,0.435594,0.435594,0.435594,0.435594,0.498619,0.498619,0.498619,0.49463,0.49463,0.49463,0.622277,0.622277,0.622277,0.622277,0.635573,0.635573,0.635573
NEPS_AFG,Q3,d1,0.537475,0.537475,0.537475,0.537475,0.537475,0.537475,0.546822,0.546822,0.546822,0.546822,0.546822,0.625982,0.625982,0.625982,0.620635,0.620635,0.620635,0.781956,0.781956,0.781956,0.781956,0.797501,0.797501,0.797501
NEPS_AFG,Q3,d2,0.397521,0.397521,0.397521,0.397521,0.397521,0.397521,0.404434,0.404434,0.404434,0.404434,0.404434,0.462982,0.462982,0.462982,0.459027,0.459027,0.459027,0.578342,0.578342,0.578342,0.578342,0.589839,0.589839,0.589839
NEPS_AFG,Q3,d3,0.397521,0.397521,0.397521,0.397521,0.397521,0.397521,0.404434,0.404434,0.404434,0.404434,0.404434,0.462982,0.462982,0.462982,0.459027,0.459027,0.459027,0.578342,0.578342,0.578342,0.578342,0.589839,0.589839,0.589839
NEPS_AFG,Q5,d1,0.537475,0.537475,0.537475,0.537475,0.537475,0.537475,0.546822,0.546822,0.546822,0.546822,0.546822,0.625982,0.625982,0.625982,0.620635,0.620635,0.620635,0.781956,0.781956,0.781956,0.781956,0.797501,0.797501,0.797501
NEPS_AFG,Q5,d2,0.397521,0.397521,0.397521,0.397521,0.397521,0.397521,0.404434,0.404434,0.404434,0.404434,0.404434,0.462982,0.462982,0.462982,0.459027,0.459027,0.459027,0.578342,0.578342,0.578342,0.578342,0.589839,0.589839,0.589839
NEPS_AFG,Q5,d3,0.397521,0.397521,0.397521,0.397521,0.397521,0.397521,0.404434,0.404434,0.404434,0.404434,0.404434,0.462982,0.462982,0.462982,0.459027,0.459027,0.459027,0.578342,0.578342,0.578342,0.578342,0.589839,0.589839,0.589839
NEPS_AFG,Q4,d1,0.67364,0.67364,0.67364,0.67364,0.67364,0.67364,0.685356,0.685356,0.685356,0.685356,0.685356,0.784519,0.784519,0.784519,0.778243,0.778243,0.778243,0.979079,0.979079,0.979079,0.979079,1,1,1
NEPS_AFG,Q4,d2,0.49823,0.49823,0.49823,0.49823,0.49823,0.49823,0.506895,0.506895,0.506895,0.506895,0.506895,0.580237,0.580237,0.580237,0.575595,0.575595,0.575595,0.724136,0.724136,0.724136,0.724136,0.739609,0.739609,0.739609
NEPS_AFG,Q4,d3,0.49823,0.49823,0.49823,0.49823,0.49823,0.49823,0.506895,0.506895,0.506895,0.506895,0.506895,0.580237,0.580237,0.580237,0.575595,0.575595,0.575595,0.724136,0.724136,0.724136,0.724136,0.739609,0.739609,0.739609
NEPS_TAJ,Q1,d1,0.69752,0.69752,0.69752,0.69752,0.69752,0.69752,0.711199,0.711199,0.711199,0.711199,0.711199,0.812329,0.812329,0.812329,0.80583,0.80583,0.80583,0.999352,0.999352,0.999352,0.999352,0.983252,0.983252,0.983252
NEPS_TAJ,Q1,d2,0.515892,0.515892,0.515892,0.515892,0.515892,0.515892,0.526009,0.526009,0.526009,0.526009,0.526009,0.600805,0.600805,0.600805,0.595999,0.595999,0.595999,0.73913,0.73913,0.73913,0.73913,0.727222,0.727222,0.727222
NEPS_TAJ,Q1,d3,0.515892,0.515892,0.515892,0.515892,0.515892,0.515892,0.526009,0.526009,0.526009,0.526009,0.526009,0.600805,0.600805,0.600805,0.595999,0.595999,0.595999,0.73913,0.73913,0.73913,0.73913,0.727222,0.727222,0.727222
NEPS_TAJ,Q2,d1,0.578884,0.578884,0.578884,0.578884,0.578884,0.578884,0.588952,0.588952,0.588952,0.588952,0.588952,0.674166,0.674166,0.674166,0.668773,0.668773,0.668773,0.84136,0.84136,0.84136,0.84136,0.859337,0.859337,0.859337
NEPS_TAJ,Q2,d2,0.428148,0.428148,0.428148,0.428148,0.428148,0.428148,0.435594,0.435594,0.435594,0.435594,0.435594,0.498619,0.498619,0.498619,0.49463,0.49463,0.49463,0.622277,0.622277,0.622277,0.622277,0.635573,0.635573,0.635573
NEPS_TAJ,Q2,d3,0.428148,0.428148,0.428148,0.428148,0.428148,0.428148,0.435594,0.435594,0.435594,0.435594,0.435594,0.498619,0.498619,0.498619,0.49463,0.49463,0.49463,0.622277,0.622277,0.622277,0.622277,0.635573,0.635573,0.635573
NEPS_TAJ,Q3,d1,0.537475,0.537475,0.537475,0.537475,0.537475,0.537475,0.546822,0.546822,0.546822,0.546822,0.546822,0.625982,0.625982,0.625982,0.620635,0.620635,0.620635,0.781956,0.781956,0.781956,0.781956,0.797501,0.797501,0.797501
NEPS_TAJ,Q3,d2,0.397521,0.397521,0.397521,0.397521,0.397521,0.397521,0.404434,0.404434,0.404434,0.404434,0.404434,0.462982,0.462982,0.462982,0.459027,0.459027,0.459027,0.578342,0.578342,0.578342,0.578342,0.589839,0.589839,0.589839
NEPS_TAJ,Q3,d3,0.397521,0.397521,0.397521,0.397521,0.397521,0.397521,0.404434,0.404434,0.404434,0.404434,0.404434,0.462982,0.462982,0.462982,0.459027,0.459027,0.459027,0.578342,0.578342,0.578342,0.578342,0.589839,0.589839,0.589839
NEPS_TAJ,Q5,d1,0.537475,0.537475,0.537475,0.537475,0.537475,0.537475,0.546822,0.546822,0.546822,0.546822,0.546822,0.625982,0.625982,0.625982,0.620635,0.620635,0.620635,0.781956,0.781956,0.781956,0.781956,0.797501,0.797501,0.797501
NEPS_TAJ,Q5,d2,0.397521,0.397521,0.397521,0.397521,0.397521,0.397521,0.404434,0.404434,0.404434,0.404434,0.404434,0.462982,0.462982,0.462982,0.459027,0.459027,0.459027,0.578342,0.578342,0.578342,0.578342,0.589839,0.589839,0.589839
NEPS_TAJ,Q5,d3,0.397521,0.397521,0.397521,0.397521,0.397521,0.397521,0.404434,0.404434,0.404434,0.404434,0.404434,0.462982,0.462982,0.462982,0.459027,0.459027,0.459027,0.578342,0.578342,0.578342,0.578342,0.589839,0.589839,0.589839
NEPS_TAJ,Q4,d1,0.67364,0.67364,0.67364,0.67364,0.67364,0.67364,0.685356,0.685356,0.685356,0.685356,0.685356,0.784519,0.784519,0.784519,0.778243,0.778243,0.778243,0.979079,0.979079,0.979079,0.979079,1,1,1
NEPS_TAJ,Q4,d2,0.49823,0.49823,0.49823,0.49823,0.49823,0.49823,0.506895,0.506895,0.506895,0.506895,0.506895,0.580237,0.580237,0.580237,0.575595,0.575595,0.575595,0.724136,0.724136,0.724136,0.724136,0.739609,0.739609,0.739609
NEPS_TAJ,Q4,d3,0.49823,0.49823,0.49823,0.49823,0.49823,0.49823,0.506895,0.506895,0.506895,0.506895,0.506895,0.580237,0.580237,0.580237,0.575595,0.575595,0.575595,0.724136,0.724136,0.724136,0.724136,0.739609,0.739609,0.739609
NEPS_TKM,Q1,d1,0.69752,0.69752,0.69752,0.69752,0.69752,0.69752,0.711199,0.711199,0.711199,0.711199,0.711199,0.812329,0.812329,0.812329,0.80583,0.80583,0.80583,0.999352,0.999352,0.999352,0.999352,0.983252,0.983252,0.983252
NEPS_TKM,Q1,d2,0.515892,0.515892,0.515892,0.515892,0.515892,0.515892,0.526009,0.526009,0.526009,0.526009,0.526009,0.600805,0.600805,0.600805,0.595999,0.595999,0.595999,0.73913,0.73913,0.73913,0.73913,0.727222,0.727222,0.727222
NEPS_TKM,Q1,d3,0.515892,0.515892,0.515892,0.515892,0.515892,0.515892,0.526009,0.526009,0.526009,0.526009,0.526009,0.600805,0.600805,0.600805,0.595999,0.595999,0.595999,0.73913,0.73913,0.73913,0.73913,0.727222,0.727222,0.727222
NEPS_TKM,Q2,d1,0.578884,0.578884,0.578884,0.578884,0.578884,0.578884,0.588952,0.588952,0.588952,0.588952,0.588952,0.674166,0.674166,0.674166,0.668773,0.668773,0.668773,0.84136,0.84136,0.84136,0.84136,0.859337,0.859337,0.859337
NEPS_TKM,Q2,d2,0.428148,0.428148,0.428148,0.428148,0.428148,0.428148,0.435594,0.435594,0.435594,0.435594,0.435594,0.498619,0.498619,0.498619,0.49463,0.49463,0.49463,0.622277,0.622277,0.622277,0.622277,0.635573,0.635573,0.635573
NEPS_TKM,Q2,d3,0.428148,0.428148,0.428148,0.428148,0.428148,0.428148,0.435594,0.435594,0.435594,0.435594,0.435594,0.498619,0.498619,0.498619,0.49463,0.49463,0.49463,0.622277,0.622277,0.622277,0.622277,0.635573,0.635573,0.635573
NEPS_TKM,Q3,d1,0.537475,0.537475,0.537475,0.537475,0.537475,0.537475,0.546822,0.546822,0.546822,0.546822,0.546822,0.625982,0.625982,0.625982,0.620635,0.620635,0.620635,0.781956,0.781956,0.781956,0.781956,0.797501,0.797501,0.797501
NEPS_TKM,Q3,d2,0.397521,0.397521,0.397521,0.397521,0.397521,0.397521,0.404434,0.404434,0.404434,0.404434,0.404434,0.462982,0.462982,0.462982,0.459027,0.459027,0.459027,0.578342,0.578342,0.578342,0.578342,0.589839,0.589839,0.589839
NEPS_TKM,Q3,d3,0.397521,0.397521,0.397521,0.397521,0.397521,0.397521,0.404434,0.404434,0.404434,0.404434,0.404434,0.462982,0.462982,0.462982,0.459027,0.459027,0.459027,0.578342,0.578342,0.578342,0.578342,0.589839,0.589839,0.589839
NEPS_TKM,Q5,d1,0.537475,0.537475,0.537475,0.537475,0.537475,0.537475,0.546822,0.546822,0.546822,0.546822,0.546822,0.625982,0.625982,0.625982,0.620635,0.620635,0.620635,0.781956,0.781956,0.781956,0.781956,0.797501,0.797501,0.797501
NEPS_TKM,Q5,d2,0.397521,0.397521,0.397521,0.397521,0.397521,0.397521,0.404434,0.404434,0.404434,0.404434,0.404434,0.462982,0.462982,0.462982,0.459027,0.459027,0.459027,0.578342,0.578342,0.578342,0.578342,0.589839,0.589839,0.589839
NEPS_TKM,Q5,d3,0.397521,0.397521,0.397521,0.397521,0.397521,0.397521,0.404434,0.404434,0.404434,0.404434,0.404434,0.462982,0.462982,0.462982,0.459027,0.459027,0.459027,0.578342,0.578342,0.578342,0.578342,0.589839,0.589839,0.589839
NEPS_TKM,Q4,d1,0.67364,0.67364,0.67364,0.67364,0.67364,0.67364,0.685356,0.685356,0.685356,0.685356,0.685356,0.784519,0.784519,0.784519,0.778243,0.778243,0.778243,0.979079,0.979079,0.979079,0.979079,1,1,1
NEPS_TKM,Q4,d2,0.49823,0.49823,0.49823,0.49823,0.49823,0.49823,0.506895,0.506895,0.506895,0.506895,0.506895,0.580237,0.580237,0.580237,0.575595,0.575595,0.575595,0.724136,0.724136,0.724136,0.724136,0.739609,0.739609,0.739609
NEPS_TKM,Q4,d3,0.49823,0.49823,0.49823,0.49823,0.49823,0.49823,0.506895,0.506895,0.506895,0.506895,0.506895,0.580237,0.580237,0.580237,0.575595,0.575595,0.575595,0.724136,0.724136,0.724136,0.724136,0.739609,0.739609,0.739609
NEPS_UZB,Q1,d1,0.69752,0.69752,0.69752,0.69752,0.69752,0.69752,0.711199,0.711199,0.711199,0.711199,0.711199,0.812329,0.812329,0.812329,0.80583,0.80583,0.80583,0.999352,0.999352,0.999352,0.999352,0.983252,0.983252,0.983252
NEPS_UZB,Q1,d2,0.515892,0.515892,0.515892,0.515892,0.515892,0.515892,0.526009,0.526009,0.526009,0.526009,0.526009,0.600805,0.600805,0.600805,0.595999,0.595999,0.595999,0.73913,0.73913,0.73913,0.73913,0.727222,0.727222,0.727222
NEPS_UZB,Q1,d3,0.515892,0.515892,0.515892,0.515892,0.515892,0.515892,0.526009,0.526009,0.526009,0.526009,0.526009,0.600805,0.600805,0.600805,0.595999,0.595999,0.595999,0.73913,0.73913,0.73913,0.73913,0.727222,0.727222,0.727222
NEPS_UZB,Q2,d1,0.578884,0.578884,0.578884,0.578884,0.578884,0.578884,0.588952,0.588952,0.588952,0.588952,0.588952,0.674166,0.674166,0.674166,0.668773,0.668773,0.668773,0.84136,0.84136,0.84136,0.84136,0.859337,0.859337,0.859337
NEPS_UZB,Q2,d2,0.428148,0.428148,0.428148,0.428148,0.428148,0.428148,0.435594,0.435594,0.435594,0.435594,0.435594,0.498619,0.498619,0.498619,0.49463,0.49463,0.49463,0.622277,0.622277,0.622277,0.622277,0.635573,0.635573,0.635573
NEPS_UZB,Q2,d3,0.428148,0.428148,0.428148,0.428148,0.428148,0.428148,0.435594,0.435594,0.435594,0.435594,0.435594,0.498619,0.498619,0.498619,0.49463,0.49463,0.49463,0.622277,0.622277,0.622277,0.622277,0.635573,0.635573,0.635573
NEPS_UZB,Q3,d1,0.537475,0.537475,0.537475,0.537475,0.537475,0.537475,0.546822,0.546822,0.546822,0.546822,0.546822,0.625982,0.625982,0.625982,0.620635,0.620635,0.620635,0.781956,0.781956,0.781956,0.781956,0.797501,0.797501,0.797501
NEPS_UZB,Q3,d2,0.397521,0.397521,0.397521,0.397521,0.397521,0.397521,0.404434,0.404434,0.404434,0.404434,0.404434,0.462982,0.462982,0.462982,0.459027,0.459027,0.459027,0.578342,0.578342,0.578342,0.578342,0.589839,0.589839,0.589839
NEPS_UZB,Q3,d3,0.397521,0.397521,0.397521,0.397521,0.397521,0.397521,0.404434,0.404434,0.404434,0.404434,0.404434,0.462982,0.462982,0.462982,0.459027,0.459027,0.459027,0.578342,0.578342,0.578342,0.578342,0.589839,0.589839,0.589839
NEPS_UZB,Q5,d1,0.537475,0.537475,0.537475,0.537475,0.537475,0.537475,0.546822,0.546822,0.546822,0.546822,0.546822,0.625982,0.625982,0.625982,0.620635,0.620635,0.620635,0.781956,0.781956,0.781956,0.781956,0.797501,0.797501,0.797501
NEPS_UZB,Q5,d2,0.397521,0.397521,0.397521,0.397521,0.397521,0.397521,0.404434,0.404434,0.404434,0.404434,0.404434,0.462982,0.462982,0.462982,0.459027,0.459027,0.459027,0.578342,0.578342,0.578342,0.578342,0.589839,0.589839,0.589839
NEPS_UZB,Q5,d3,0.397521,0.397521,0.397521,0.397521,0.397521,0.397521,0.404434,0.404434,0.404434,0.404434,0.404434,0.462982,0.462982,0.462982,0.459027,0.459027,0.459027,0.578342,0.578342,0.578342,0.578342,0.589839,0.589839,0.589839
NEPS_UZB,Q4,d1,0.67364,0.67364,0.67364,0.67364,0.67364,0.67364,0.685356,0.685356,0.685356,0.685356,0.685356,0.784519,0.784519,0.784519,0.778243,0.778243,0.778243,0.979079,0.979079,0.979079,0.979079,1,1,1
NEPS_UZB,Q4,d2,0.49823,0.49823,0.49823,0.49823,0.49823,0.49823,0.506895,0.506895,0.506895,0.506895,0.506895,0.580237,0.580237,0.580237,0.575595,0.575595,0.575595,0.724136,0.724136,0.724136,0.724136,0.739609,0.739609,0.739609
NEPS_UZB,Q4,d3,0.49823,0.49823,0.49823,0.49823,0.49823,0.49823,0.506895,0.506895,0.506895,0.506895,0.506895,0.580237,0.580237,0.580237,0.575595,0.575595,0.575595,0.724136,0.724136,0.724136,0.724136,0.739609,0.739609,0.739609
PAK_KAR,Q1,d1,0.898108,0.898108,0.898108,0.898108,0.898108,0.898108,0.909366,0.909366,0.909366,0.909366,0.909366,0.977598,0.977598,0.977598,1,1,1,0.965319,0.965319,0.965319,0.965319,0.96225,0.96225,0.96225
PAK_KAR,Q1,d2,0.898108,0.898108,0.898108,0.898108,0.898108,0.898108,0.909366,0.909366,0.909366,0.909366,0.909366,0.977598,0.977598,0.977598,1,1,1,0.965319,0.965319,0.965319,0.965319,0.96225,0.96225,0.96225
PAK_KAR,Q1,d3,0.898108,0.898108,0.898108,0.898108,0.898108,0.898108,0.909366,0.909366,0.909366,0.909366,0.909366,0.977598,0.977598,0.977598,1,1,1,0.965319,0.965319,0.965319,0.965319,0.96225,0.96225,0.96225
PAK_KAR,Q2,d1,0.787465,0.787465,0.787465,0.787465,0.787465,0.787465,0.799933,0.799933,0.799933,0.799933,0.799933,0.863793,0.863793,0.863793,0.874634,0.874634,0.874634,0.873325,0.873325,0.873325,0.873325,0.8694,0.8694,0.8694
PAK_KAR,Q2,d2,0.787465,0.787465,0.787465,0.787465,0.787465,0.787465,0.799933,0.799933,0.799933,0.799933,0.799933,0.863793,0.863793,0.863793,0.874634,0.874634,0.874634,0.873325,0.873325,0.873325,0.873325,0.8694,0.8694,0.8694
PAK_KAR,Q2,d3,0.787465,0.787465,0.787465,0.787465,0.787465,0.787465,0.799933,0.799933,0.799933,0.799933,0.799933,0.863793,0.863793,0.863793,0.874634,0.874634,0.874634,0.873325,0.873325,0.873325,0.873325,0.8694,0.8694,0.8694
PAK_KAR,Q3,d1,0.513962,0.513962,0.513962,0.513962,0.513962,0.513962,0.584747,0.584747,0.584747,0.584747,0.584747,0.617933,0.617933,0.617933,0.611174,0.611174,0.611174,0.638439,0.638439,0.638439,0.638439,0.599137,0.599137,0.599137
PAK_KAR,Q3,d2,0.513962,0.513962,0.513962,0.513962,0.513962,0.513962,0.584747,0.584747,0.584747,0.584747,0.584747,0.617933,0.617933,0.617933,0.611174,0.611174,0.611174,0.638439,0.638439,0.638439,0.638439,0.599137,0.599137,0.599137
PAK_KAR,Q3,d3,0.513962,0.513962,0.513962,0.513962,0.513962,0.513962,0.584747,0.584747,0.584747,0.584747,0.584747,0.617933,0.617933,0.617933,0.611174,0.611174,0.611174,0.638439,0.638439,0.638439,0.638439,0.599137,0.599137,0.599137
PAK_KAR,Q5,d1,0.513962,0.513962,0.513962,0.513962,0.513962,0.513962,0.584747,0.584747,0.584747,0.584747,0.584747,0.617933,0.617933,0.617933,0.611174,0.611174,0.611174,0.638439,0.638439,0.638439,0.638439,0.599137,0.599137,0.599137
PAK_KAR,Q5,d2,0.513962,0.513962,0.513962,0.513962,0.513962,0.513962,0.584747,0.584747,0.584747,0.584747,0.584747,0.617933,0.617933,0.617933,0.611174,0.611174,0.611174,0.638439,0.638439,0.638439,0.638439,0.599137,0.599137,0.599137
PAK_KAR,Q5,d3,0.513962,0.513962,0.513962,0.513962,0.513962,0.513962,0.584747,0.584747,0.584747,0.584747,0.584747,0.617933,0.617933,0.617933,0.611174,0.611174,0.611174,0.638439,0.638439,0.638439,0.638439,0.599137,0.599137,0.599137
PAK_KAR,Q4,d1,0.798989,0.798989,0.798989,0.798989,0.798989,0.798989,0.813238,0.813238,0.813238,0.813238,0.813238,0.876899,0.876899,0.876899,0.893873,0.893873,0.893873,0.877645,0.877645,0.877645,0.877645,0.877689,0.877689,0.877689
PAK_KAR,Q4,d2,0.798989,0.798989,0.798989,0.798989,0.798989,0.798989,0.813238,0.813238,0.813238,0.813238,0.813238,0.876899,0.876899,0.876899,0.893873,0.893873,0.893873,0.877645,0.877645,0.877645,0.877645,0.877689,0.877689,0.877689
PAK_KAR,Q4,d3,0.798989,0.798989,0.798989,0.798989,0.798989,0.798989,0.813238,0.813238,0.813238,0.813238,0.813238,0.876899,0.876899,0.876899,0.893873,0.893873,0.893873,0.877645,0.877645,0.877645,0.877645,0.877689,0.877689,0.877689
PAK_N,Q1,d1,0.898108,0.898108,0.898108,0.898108,0.898108,0.898108,0.909366,0.909366,0.909366,0.909366,0.909366,0.977598,0.977598,0.977598,1,1,1,0.965319,0.965319,0.965319,0.965319,0.96225,0.96225,0.96225
PAK_N,Q1,d2,0.898108,0.898108,0.898108,0.898108,0.898108,0.898108,0.909366,0.909366,0.909366,0.909366,0.909366,0.977598,0.977598,0.977598,1,1,1,0.965319,0.965319,0.965319,0.965319,0.96225,0.96225,0.96225
PAK_N,Q1,d3,0.898108,0.898108,0.898108,0.898108,0.898108,0.898108,0.909366,0.909366,0.909366,0.909366,0.909366,0.977598,0.977598,0.977598,1,1,1,0.965319,0.965319,0.965319,0.965319,0.96225,0.96225,0.96225
PAK_N,Q2,d1,0.787465,0.787465,0.787465,0.787465,0.787465,0.787465,0.799933,0.799933,0.799933,0.799933,0.799933,0.863793,0.863793,0.863793,0.874634,0.874634,0.874634,0.873325,0.873325,0.873325,0.873325,0.8694,0.8694,0.8694
PAK_N,Q2,d2,0.787465,0.787465,0.787465,0.787465,0.787465,0.787465,0.799933,0.799933,0.799933,0.799933,0.799933,0.863793,0.863793,0.863793,0.874634,0.874634,0.874634,0.873325,0.873325,0.873325,0.873325,0.8694,0.8694,0.8694
PAK_N,Q2,d3,0.787465,0.787465,0.787465,0.787465,0.787465,0.787465,0.799933,0.799933,0.799933,0.799933,0.799933,0.863793,0.863793,0.863793,0.874634,0.874634,0.874634,0.873325,0.873325,0.873325,0.873325,0.8694,0.8694,0.8694
PAK_N,Q3,d1,0.513962,0.513962,0.513962,0.513962,0.513962,0.513962,0.584747,0.584747,0.584747,0.584747,0.584747,0.617933,0.617933,0.617933,0.611174,0.611174,0.611174,0.638439,0.638439,0.638439,0.638439,0.599137,0.599137,0.599137
PAK_N,Q3,d2,0.513962,0.513962,0.513962,0.513962,0.513962,0.513962,0.584747,0.584747,0.584747,0.584747,0.584747,0.617933,0.617933,0.617933,0.611174,0.611174,0.611174,0.638439,0.638439,0.638439,0.638439,0.599137,0.599137,0.599137
PAK_N,Q3,d3,0.513962,0.513962,0.513962,0.513962,0.513962,0.513962,0.584747,0.584747,0.584747,0.584747,0.584747,0.617933,0.617933,0.617933,0.611174,0.611174,0.611174,0.638439,0.638439,0.638439,0.638439,0.599137,0.599137,0.599137
PAK_N,Q5,d1,0.513962,0.513962,0.513962,0.513962,0.513962,0.513962,0.584747,0.584747,0.584747,0.584747,0.584747,0.617933,0.617933,0.617933,0.611174,0.611174,0.611174,0.638439,0.638439,0.638439,0.638439,0.599137,0.599137,0.599137
PAK_N,Q5,d2,0.513962,0.513962,0.513962,0.513962,0.513962,0.513962,0.584747,0.584747,0.584747,0.584747,0.584747,0.617933,0.617933,0.617933,0.611174,0.611174,0.611174,0.638439,0.638439,0.638439,0.638439,0.599137,0.599137,0.599137
PAK_N,Q5,d3,0.513962,0.513962,0.513962,0.513962,0.513962,0.513962,0.584747,0.584747,0.584747,0.584747,0.584747,0.617933,0.617933,0.617933,0.611174,0.611174,0.611174,0.638439,0.638439,0.638439,0.638439,0.599137,0.599137,0.599137
PAK_N,Q4,d1,0.798989,0.798989,0.798989,0.798989,0.798989,0.798989,0.813238,0.813238,0.813238,0.813238,0.813238,0.876899,0.876899,0.876899,0.893873,0.893873,0.893873,0.877645,0.877645,0.877645,0.877645,0.877689,0.877689,0.877689
PAK_N,Q4,d2,0.798989,0.798989,0.798989,0.798989,0.798989,0.798989,0.813238,0.813238,0.813238,0.813238,0.813238,0.876899,0.876899,0.876899,0.893873,0.893873,0.893873,0.877645,0.877645,0.877645,0.877645,0.877689,0.877689,0.877689
PAK_N,Q4,d3,0.798989,0.798989,0.798989,0.798989,0.798989,0.798989,0.813238,0.813238,0.813238,0.813238,0.813238,0.876899,0.876899,0.876899,0.893873,0.893873,0.893873,0.877645,0.877645,0.877645,0.877645,0.877689,0.877689,0.877689
PAK_S,Q1,d1,0.536405,0.536405,0.536405,0.536405,0.536405,0.536405,0.567162,0.567162,0.567162,0.567162,0.567162,0.601197,0.601197,0.601197,0.572159,0.572159,0.572159,0.601914,0.601914,0.601914,0.601914,0.606908,0.606908,0.606908
PAK_S,Q1,d2,0.361519,0.361519,0.361519,0.361519,0.361519,0.361519,0.382248,0.382248,0.382248,0.382248,0.382248,0.405187,0.405187,0.405187,0.385616,0.385616,0.385616,0.40567,0.40567,0.40567,0.40567,0.409036,0.409036,0.409036
PAK_S,Q1,d3,0.361519,0.361519,0.361519,0.361519,0.361519,0.361519,0.382248,0.382248,0.382248,0.382248,0.382248,0.405187,0.405187,0.405187,0.385616,0.385616,0.385616,0.40567,0.40567,0.40567,0.40567,0.409036,0.409036,0.409036
PAK_S,Q2,d1,0.689278,0.689278,0.689278,0.689278,0.689278,0.689278,0.662878,0.662878,0.662878,0.662878,0.662878,0.72214,0.72214,0.72214,0.750199,0.750199,0.750199,0.745008,0.745008,0.745008,0.745008,0.743989,0.743989,0.743989
PAK_S,Q2,d2,0.46455,0.46455,0.46455,0.46455,0.46455,0.46455,0.446758,0.446758,0.446758,0.446758,0.446758,0.486698,0.486698,0.486698,0.505609,0.505609,0.505609,0.50211,0.50211,0.50211,0.50211,0.501424,0.501424,0.501424
PAK_S,Q2,d3,0.46455,0.46455,0.46455,0.46455,0.46455,0.46455,0.446758,0.446758,0.446758,0.446758,0.446758,0.486698,0.486698,0.486698,0.505609,0.505609,0.505609,0.50211,0.50211,0.50211,0.50211,0.501424,0.501424,0.501424
PAK_S,Q3,d1,0.92464,0.92464,0.92464,0.92464,0.92464,0.92464,0.889225,0.889225,0.889225,0.889225,0.889225,0.967603,0.967603,0.967603,1,1,1,0.992214,0.992214,0.992214,0.992214,0.99374,0.99374,0.99374
PAK_S,Q3,d2,0.623176,0.623176,0.623176,0.623176,0.623176,0.623176,0.599308,0.599308,0.599308,0.599308,0.599308,0.652132,0.652132,0.652132,0.673966,0.673966,0.673966,0.668719,0.668719,0.668719,0.668719,0.669747,0.669747,0.669747
PAK_S,Q3,d3,0.623176,0.623176,0.623176,0.623176,0.623176,0.623176,0.599308,0.599308,0.599308,0.599308,0.599308,0.652132,0.652132,0.652132,0.673966,0.673966,0.673966,0.668719,0.668719,0.668719,0.668719,0.669747,0.669747,0.669747
PAK_S,Q5,d1,0.92464,0.92464,0.92464,0.92464,0.92464,0.92464,0.889225,0.889225,0.889225,0.889225,0.889225,0.967603,0.967603,0.967603,1,1,1,0.992214,0.992214,0.992214,0.992214,0.99374,0.99374,0.99374
PAK_S,Q5,d2,0.623176,0.623176,0.623176,0.623176,0.623176,0.623176,0.599308,0.599308,0.599308,0.599308,0.599308,0.652132,0.652132,0.652132,0.673966,0.673966,0.673966,0.668719,0.668719,0.668719,0.668719,0.669747,0.669747,0.669747
PAK_S,Q5,d3,0.623176,0.623176,0.623176,0.623176,0.623176,0.623176,0.599308,0.599308,0.599308,0.599308,0.599308,0.652132,0.652132,0.652132,0.673966,0.673966,0.673966,0.668719,0.668719,0.668719,0.668719,0.669747,0.669747,0.669747
PAK_S,Q4,d1,0.626108,0.626108,0.626108,0.626108,0.626108,0.626108,0.662535,0.662535,0.662535,0.662535,0.662535,0.701736,0.701736,0.701736,0.667841,0.667841,0.667841,0.711888,0.711888,0.711888,0.711888,0.72359,0.72359,0.72359
PAK_S,Q4,d2,0.421976,0.421976,0.421976,0.421976,0.421976,0.421976,0.446526,0.446526,0.446526,0.446526,0.446526,0.472946,0.472946,0.472946,0.450102,0.450102,0.450102,0.479789,0.479789,0.479789,0.479789,0.487676,0.487676,0.487676
PAK_S,Q4,d3,0.421976,0.421976,0.421976,0.421976,0.421976,0.421976,0.446526,0.446526,0.446526,0.446526,0.446526,0.472946,0.472946,0.472946,0.450102,0.450102,0.450102,0.479789,0.479789,0.479789,0.479789,0.487676,0.487676,0.487676
TAJ_N,Q1,d1,0.527708,0.527708,0.510076,0.5,0.505038,0.571788,0.710327,0.731738,0.738035,0.700252,0.683879,0.667506,0.661209,0.65995,0.667506,0.691436,0.760705,0.784635,0.779597,0.777078,0.756927,0.688917,0.589421,0.589421
TAJ_N,Q1,d2,0.298701,0.298701,0.298701,0.282468,0.296537,0.419913,0.537879,0.519481,0.495671,0.461039,0.438312,0.430736,0.409091,0.395022,0.395022,0.400433,0.431818,0.483766,0.519481,0.514069,0.498918,0.479437,0.412338,0.412338
TAJ_N,Q1,d3,0.439394,0.439394,0.450216,0.459957,0.544372,0.67316,0.772727,0.748918,0.729437,0.702381,0.672078,0.679654,0.658009,0.641775,0.645022,0.678571,0.721861,0.785714,0.767316,0.739177,0.830087,0.707792,0.587662,0.587662
TAJ_N,Q2,d1,0.511335,0.511335,0.511335,0.489924,0.586902,0.706549,0.819899,0.787154,0.75063,0.707809,0.700252,0.686398,0.663728,0.646096,0.633501,0.651134,0.68136,0.74937,0.821159,0.81864,0.793451,0.765743,0.688917,0.688917
TAJ_N,Q2,d2,0.418831,0.349567,0.414502,0.435065,0.395022,0.422078,0.47619,0.470779,0.454545,0.451299,0.444805,0.44697,0.442641,0.442641,0.449134,0.462121,0.489177,0.542208,0.542208,0.545455,0.550866,0.493506,0.412338,0.412338
TAJ_N,Q2,d3,0.382035,0.376623,0.377706,0.383117,0.433983,0.5671,0.688312,0.650433,0.603896,0.58658,0.573593,0.560606,0.532468,0.496753,0.495671,0.503247,0.537879,0.591991,0.656926,0.642857,0.642857,0.621212,0.544372,0.544372
TAJ_N,Q3,d1,0.765743,0.754408,0.758186,0.777078,0.84005,0.911839,0.957179,0.959698,0.974811,0.974811,0.989924,0.973552,0.974811,0.967254,0.969773,0.969773,0.972292,0.974811,0.986146,0.982368,1,1,0.920655,0.858942
TAJ_N,Q3,d2,0.574675,0.561688,0.554113,0.59632,0.621212,0.699134,0.743506,0.753247,0.768398,0.771645,0.78355,0.79329,0.774892,0.768398,0.751082,0.762987,0.765152,0.784632,0.800866,0.831169,0.82684,0.751082,0.675325,0.675325
TAJ_N,Q3,d3,0.665584,0.563853,0.554113,0.575758,0.602814,0.690476,0.70671,0.703463,0.71645,0.71645,0.718615,0.724026,0.712121,0.714286,0.714286,0.738095,0.75,0.77381,0.788961,0.791126,0.804113,0.804113,0.804113,0.804113
TAJ_N,Q5,d1,0.721662,0.721662,0.721662,0.701511,0.730479,0.813602,0.850126,0.860202,0.884131,0.88539,0.949622,0.945844,0.929471,0.938287,0.926952,0.934509,0.934509,0.95466,0.95466,0.982368,0.982368,0.892947,0.856423,0.861461
TAJ_N,Q5,d2,0.524892,0.519481,0.515152,0.515152,0.541126,0.642857,0.641775,0.69697,0.703463,0.712121,0.737013,0.74026,0.725108,0.727273,0.71645,0.720779,0.743506,0.745671,0.77381,0.746753,0.709957,0.660173,0.601732,0.601732
TAJ_N,Q5,d3,0.595238,0.561688,0.557359,0.569264,0.591991,0.661255,0.709957,0.71645,0.737013,0.757576,0.774892,0.756494,0.764069,0.768398,0.772727,0.78355,0.79329,0.801948,0.807359,0.819264,0.825758,0.780303,0.707792,0.707792
TAJ_N,Q4,d1,0.554156,0.537783,0.537783,0.528967,0.573048,0.692695,0.801008,0.767003,0.767003,0.725441,0.725441,0.68136,0.68136,0.675063,0.675063,0.775819,0.125945,0.861461,0.861461,0.824937,0.824937,0.550378,0.550378,0.550378
TAJ_N,Q4,d2,0.309524,0.300866,0.305195,0.300866,0.367965,0.482684,0.583333,0.412338,0.287879,0.277056,0.279221,0.278139,0.278139,0.282468,0.291126,0.297619,0.313853,0.563853,0.577922,0.534632,0.512987,0.471861,0.363636,0.363636
TAJ_N,Q4,d3,0.418831,0.416667,0.406926,0.410173,0.472944,0.617965,0.714286,0.649351,0.649351,0.435065,0.435065,0.426407,0.426407,0.426407,0.426407,0.431818,0.471861,0.746753,0.746753,0.707792,0.695887,0.661255,0.469697,0.469697
TAJ_S,Q1,d1,0.446272,0.439327,0.434576,0.4375,0.497807,0.591009,0.684942,0.697734,0.664839,0.63633,0.620614,0.618056,0.601243,0.592471,0.579313,0.614401,0.692617,0.783991,0.755482,0.762061,0.747442,0.646199,0.508406,0.47076
TAJ_S,Q1,d2,0.19883,0.338085,0.330044,0.334064,0.354898,0.496711,0.619518,0.61367,0.556287,0.533991,0.52193,0.498904,0.49598,0.474415,0.448099,0.446272,0.475146,0.579313,0.626462,0.593933,0.587354,0.576389,0.538377,0.331506
TAJ_S,Q1,d3,0.464547,0.454313,0.447003,0.443713,0.498173,0.63231,0.769737,0.770833,0.733553,0.715643,0.706506,0.679459,0.663743,0.656067,0.64693,0.660088,0.739766,0.84174,0.784722,0.782895,0.775585,0.736111,0.698099,0.467836
TAJ_S,Q2,d1,0.417032,0.39364,0.385599,0.383041,0.50402,0.626827,0.737939,0.699927,0.692617,0.629386,0.58114,0.593933,0.541301,0.548611,0.509868,0.533991,0.561038,0.645102,0.77595,0.744518,0.73867,0.70212,0.638889,0.339547
TAJ_S,Q2,d2,0.226974,0.256213,0.342836,0.376827,0.340643,0.313596,0.339181,0.341009,0.323465,0.320541,0.320906,0.30848,0.328216,0.336257,0.332968,0.380848,0.438231,0.482456,0.524854,0.438231,0.454313,0.416301,0.343567,0.275585
TAJ_S,Q2,d3,0.369883,0.317982,0.348684,0.348684,0.453582,0.5625,0.667763,0.680921,0.63633,0.611477,0.587354,0.583699,0.554459,0.530336,0.505117,0.502193,0.530702,0.592105,0.690058,0.664474,0.661184,0.612939,0.522661,0.342105
TAJ_S,Q3,d1,0.44152,0.423611,0.408626,0.421784,0.434942,0.514985,0.548246,0.560673,0.574561,0.592836,0.634503,0.619152,0.616959,0.612573,0.582237,0.586257,0.577485,0.578582,0.588816,0.661915,0.696272,0.649488,0.591009,0.536915
TAJ_S,Q3,d2,0.292032,0.274854,0.269737,0.263889,0.349781,0.392178,0.407895,0.421418,0.449196,0.46674,0.467471,0.482456,0.476243,0.460892,0.482822,0.484284,0.494518,0.517909,0.528874,0.620614,0.581506,0.54788,0.441155,0.361477
TAJ_S,Q3,d3,0.432018,0.443348,0.419956,0.425804,0.498173,0.551535,0.594298,0.610746,0.602705,0.622807,0.653509,0.67288,0.655702,0.653509,0.633041,0.636696,0.623904,0.622076,0.627193,0.640716,0.703216,0.612573,0.491228,0.453582
TAJ_S,Q5,d1,0.462354,0.449927,0.44481,0.440789,0.485746,0.578582,0.622807,0.62098,0.654605,0.692617,0.717105,0.737939,0.717836,0.70212,0.696637,0.711623,0.720029,0.716374,0.72807,0.732456,0.72405,0.709795,0.633406,0.543129
TAJ_S,Q5,d2,0.447734,0.419591,0.404971,0.403874,0.429459,0.542398,0.668129,0.586257,0.595029,0.604167,0.637792,0.642909,0.622442,0.589912,0.589181,0.590643,0.543129,0.640351,0.693348,0.70614,0.644006,0.59174,0.488304,0.452485
TAJ_S,Q5,d3,0.447368,0.42617,0.413012,0.421053,0.463816,0.563962,0.583699,0.579313,0.628655,0.666301,0.695541,0.707602,0.709064,0.690424,0.670687,0.659357,0.652778,0.660453,0.662281,0.697734,0.708699,0.66886,0.601974,0.552997
TAJ_S,Q4,d1,0.420687,0.39693,0.414108,0.41557,0.508041,0.594664,0.719298,0.707968,0.667763,0.632675,0.602339,0.605994,0.593567,0.576754,0.571272,0.601974,0.660088,1,0.771199,0.750731,0.733553,0.69152,0.497076,0.446637
TAJ_S,Q4,d2,0.276681,0.270833,0.258406,0.259503,0.295322,0.532164,0.647661,0.580775,0.326754,0.313962,0.305921,0.309942,0.302632,0.332237,0.277778,0.276316,0.321272,0.606725,0.622442,0.584064,0.525585,0.469664,0.31981,0.277778
TAJ_S,Q4,d3,0.402778,0.403509,0.403143,0.394371,0.448465,0.615132,0.752193,0.733918,0.408626,0.426901,0.44883,0.466374,0.451754,0.440789,0.453947,0.47405,0.540936,0.809576,0.769371,0.72405,0.710892,0.655336,0.468202,0.372076
TUR,Q1,d1,0.636932,0.632853,0.621431,0.61436,0.615175,0.62687,0.717977,0.756867,0.716073,0.731031,0.726679,0.712537,0.689965,0.684797,0.685069,0.688333,0.714985,0.798205,0.815067,0.810443,0.792494,0.763122,0.70873,0.664672
TUR,Q1,d2,0.629589,0.61028,0.610824,0.604297,0.608104,0.622246,0.697036,0.722056,0.687789,0.67963,0.703835,0.693228,0.68371,0.672831,0.673919,0.673375,0.686973,0.703291,0.789502,0.801197,0.797389,0.761762,0.719336,0.663041
TUR,Q1,d3,0.636932,0.632853,0.621431,0.61436,0.615175,0.62687,0.717977,0.756867,0.716073,0.731031,0.726679,0.712537,0.689965,0.684797,0.685069,0.688333,0.714985,0.798205,0.815067,0.810443,0.792494,0.763122,0.70873,0.664672
TUR,Q2,d1,0.561599,0.546641,0.538482,0.536307,0.542018,0.566494,0.638292,0.641556,0.636932,0.632037,0.621159,0.608648,0.588251,0.577101,0.575741,0.578189,0.587163,0.621974,0.678542,0.723688,0.724504,0.690509,0.649714,0.604841
TUR,Q2,d2,0.533859,0.522709,0.511286,0.513734,0.516454,0.542562,0.602121,0.519173,0.522709,0.603209,0.60049,0.586891,0.579277,0.568942,0.563503,0.493881,0.571662,0.667936,0.629045,0.689693,0.6935,0.659233,0.597226,0.556704
TUR,Q2,d3,0.561599,0.546641,0.538482,0.536307,0.542018,0.566494,0.638292,0.641556,0.636932,0.632037,0.621159,0.608648,0.588251,0.577101,0.575741,0.578189,0.587163,0.621974,0.678542,0.723688,0.724504,0.690509,0.649714,0.604841
TUR,Q3,d1,0.730215,0.713353,0.688877,0.673647,0.66712,0.630677,0.629589,0.666032,0.731031,0.77536,0.813979,0.846886,0.859124,0.867827,0.868371,0.865651,0.874354,0.869187,0.856405,0.847158,0.902094,0.913516,0.851509,0.796573
TUR,Q3,d2,0.527604,0.515366,0.508567,0.507751,0.504487,0.495241,0.516726,0.541474,0.589883,0.618711,0.644275,0.664944,0.674735,0.676911,0.682894,0.686157,0.68371,0.693228,0.700299,0.731575,0.744357,0.750884,0.689965,0.603753
TUR,Q3,d3,0.730215,0.713353,0.688877,0.673647,0.66712,0.630677,0.629589,0.666032,0.731031,0.77536,0.813979,0.846886,0.859124,0.867827,0.868371,0.865651,0.874354,0.869187,0.856405,0.847158,0.902094,0.913516,0.851509,0.796573
TUR,Q5,d1,0.829753,0.79195,0.764754,0.766114,0.76421,0.728039,0.728311,0.768833,0.832744,0.882785,0.925483,0.933914,0.928474,0.94316,0.931738,0.937721,0.936905,0.94588,0.934457,0.929562,0.994833,1,0.951591,0.899374
TUR,Q5,d2,0.54229,0.521349,0.516998,0.505303,0.505303,0.518629,0.524884,0.538482,0.565951,0.601033,0.618983,0.632581,0.651618,0.652434,0.664944,0.684525,0.685885,0.691868,0.702747,0.761218,0.745445,0.708458,0.659233,0.573021
TUR,Q5,d3,0.829753,0.79195,0.764754,0.766114,0.76421,0.728039,0.728311,0.768833,0.832744,0.882785,0.925483,0.933914,0.928474,0.94316,0.931738,0.937721,0.936905,0.94588,0.934457,0.929562,0.994833,1,0.951591,0.899374
TUR,Q4,d1,0.659777,0.652978,0.642915,0.63802,0.638836,0.658689,0.704379,0.734566,0.742725,0.749252,0.756323,0.744085,0.726407,0.728583,0.723416,0.726135,0.735654,0.826761,0.861572,0.856133,0.839815,0.799837,0.75306,0.710906
TUR,Q4,d2,0.524884,0.511014,0.512102,0.506663,0.508295,0.534947,0.583356,0.571934,0.564863,0.568126,0.549361,0.541474,0.52706,0.528692,0.531411,0.536307,0.576285,0.61028,0.676095,0.676367,0.655154,0.629045,0.579549,0.534403
TUR,Q4,d3,0.659777,0.652978,0.642915,0.63802,0.638836,0.658689,0.704379,0.734566,0.742725,0.749252,0.756323,0.744085,0.726407,0.728583,0.723416,0.726135,0.735654,0.826761,0.861572,0.856133,0.839815,0.799837,0.75306,0.710906
UZB,Q1,d1,0.841999,0.836385,0.818441,0.839054,0.843103,0.875771,0.925002,0.940462,0.958682,0.966596,0.963007,0.932824,0.93991,0.941014,0.942578,0.949572,0.967332,0.990798,0.993835,0.993651,0.985277,0.95767,0.927027,0.879452
UZB,Q1,d2,0.811023,0.794092,0.782275,0.784303,0.788977,0.814991,0.856614,0.870899,0.897002,0.90485,0.908289,0.897707,0.883333,0.882716,0.880335,0.881658,0.898148,0.929718,0.962522,0.952646,0.943474,0.92575,0.884656,0.837125
UZB,Q1,d3,0.803704,0.799471,0.79224,0.797354,0.800176,0.822663,0.864727,0.889771,0.918342,0.913316,0.908642,0.897443,0.889683,0.897795,0.890388,0.905115,0.922399,0.948413,0.949118,0.93254,0.918607,0.904145,0.869312,0.834039
UZB,Q2,d1,0.790283,0.772706,0.765989,0.773535,0.777491,0.825159,0.893899,0.896936,0.903009,0.8985,0.876139,0.858287,0.84614,0.843931,0.834545,0.843103,0.887826,0.905218,0.960615,0.953161,0.956106,0.922334,0.868225,0.819913
UZB,Q2,d2,0.611023,0.600176,0.603704,0.653527,0.632716,0.62575,0.662169,0.69224,0.726455,0.733245,0.734568,0.719577,0.709259,0.723633,0.717813,0.73933,0.74903,0.764374,0.781481,0.761376,0.765256,0.735273,0.695944,0.644974
UZB,Q2,d3,0.718959,0.70776,0.692152,0.680335,0.686067,0.72037,0.771869,0.785273,0.813051,0.820018,0.825044,0.820459,0.80485,0.823898,0.811993,0.82037,0.845679,0.864638,0.897795,0.891093,0.88448,0.861376,0.81552,0.784039
UZB,Q3,d1,0.798564,0.783381,0.764424,0.759915,0.757063,0.777952,0.829944,0.889574,0.960799,0.988313,1,0.979019,0.994663,0.989049,0.979295,0.988405,0.987117,0.990614,0.970921,0.971565,0.97451,0.954817,0.901997,0.844207
UZB,Q3,d2,0.579453,0.545238,0.543034,0.550265,0.562434,0.594797,0.634921,0.664903,0.708554,0.718254,0.727866,0.711464,0.690035,0.695944,0.708466,0.710053,0.726896,0.732451,0.733333,0.77231,0.771869,0.740476,0.679982,0.623986
UZB,Q3,d3,0.689771,0.667549,0.650441,0.654497,0.659436,0.68448,0.718342,0.775485,0.818519,0.858818,0.859788,0.862346,0.852381,0.86649,0.874515,0.879277,0.902734,0.890564,0.874868,0.879365,0.895679,0.862346,0.800529,0.741887
UZB,Q5,d1,0.690899,0.684458,0.668814,0.676452,0.67866,0.714365,0.741051,0.785497,0.843103,0.853685,0.865004,0.854422,0.835557,0.852673,0.869881,0.859483,0.865004,0.862888,0.85663,0.868501,0.868593,0.851569,0.811263,0.735069
UZB,Q5,d2,0.602293,0.581393,0.57716,0.569312,0.57769,0.613933,0.666578,0.682451,0.689065,0.75097,0.763933,0.755644,0.747972,0.76358,0.774956,0.764991,0.781658,0.783862,0.808554,0.792857,0.770282,0.730423,0.661905,0.623104
UZB,Q5,d3,0.636684,0.620988,0.612257,0.613316,0.613139,0.653263,0.674515,0.719929,0.76552,0.781041,0.797884,0.789418,0.785097,0.790741,0.803704,0.805379,0.804233,0.805467,0.787478,0.797972,0.822134,0.799206,0.740035,0.69806
UZB,Q4,d1,0.809515,0.790006,0.779792,0.786326,0.796816,0.848164,0.888194,0.903193,0.917733,0.899604,0.898408,0.868685,0.877887,0.886445,0.889666,0.901445,0.937517,0.978191,0.933744,0.96448,0.958958,0.93126,0.897672,0.853317
UZB,Q4,d2,0.606349,0.595767,0.589153,0.580335,0.574603,0.615785,0.651587,0.666931,0.697972,0.707496,0.704233,0.667901,0.645679,0.655026,0.674603,0.703968,0.720459,0.791182,0.827513,0.811023,0.797884,0.768519,0.704056,0.661905
UZB,Q4,d3,0.757319,0.742769,0.72866,0.73836,0.748589,0.791799,0.844444,0.869048,0.885273,0.879541,0.86358,0.849735,0.834215,0.831305,0.836332,0.848765,0.890741,0.933774,0.941534,0.942063,0.936067,0.905556,0.86067,0.812698
NEPS_HERAT,Q1,d1,0.69752,0.69752,0.69752,0.69752,0.69752,0.69752,0.711199,0.711199,0.711199,0.711199,0.711199,0.812329,0.812329,0.812329,0.80583,0.80583,0.80583,0.999352,0.999352,0.999352,0.999352,0.983252,0.983252,0.983252
NEPS_HERAT,Q1,d2,0.515892,0.515892,0.515892,0.515892,0.515892,0.515892,0.526009,0.526009,0.526009,0.526009,0.526009,0.600805,0.600805,0.600805,0.595999,0.595999,0.595999,0.73913,0.73913,0.73913,0.73913,0.727222,0.727222,0.727222
NEPS_HERAT,Q1,d3,0.515892,0.515892,0.515892,0.515892,0.515892,0.515892,0.526009,0.526009,0.526009,0.526009,0.526009,0.600805,0.600805,0.600805,0.595999,0.595999,0.595999,0.73913,0.73913,0.73913,0.73913,0.727222,0.727222,0.727222
NEPS_HERAT,Q2,d1,0.578884,0.578884,0.578884,0.578884,0.578884,0.578884,0.588952,0.588952,0.588952,0.588952,0.588952,0.674166,0.674166,0.674166,0.668773,0.668773,0.668773,0.84136,0.84136,0.84136,0.84136,0.859337,0.859337,0.859337
NEPS_HERAT,Q2,d2,0.428148,0.428148,0.428148,0.428148,0.428148,0.428148,0.435594,0.435594,0.435594,0.435594,0.435594,0.498619,0.498619,0.498619,0.49463,0.49463,0.49463,0.622277,0.622277,0.622277,0.622277,0.635573,0.635573,0.635573
NEPS_HERAT,Q2,d3,0.428148,0.428148,0.428148,0.428148,0.428148,0.428148,0.435594,0.435594,0.435594,0.435594,0.435594,0.498619,0.498619,0.498619,0.49463,0.49463,0.49463,0.622277,0.622277,0.622277,0.622277,0.635573,0.635573,0.635573
NEPS_HERAT,Q3,d1,0.537475,0.537475,0.537475,0.537475,0.537475,0.537475,0.546822,0.546822,0.546822,0.546822,0.546822,0.625982,0.625982,0.625982,0.620635,0.620635,0.620635,0.781956,0.781956,0.781956,0.781956,0.797501,0.797501,0.797501
NEPS_HERAT,Q3,d2,0.397521,0.397521,0.397521,0.397521,0.397521,0.397521,0.404434,0.404434,0.404434,0.404434,0.404434,0.462982,0.462982,0.462982,0.459027,0.459027,0.459027,0.578342,0.578342,0.578342,0.578342,0.589839,0.589839,0.589839
NEPS_HERAT,Q3,d3,0.397521,0.397521,0.397521,0.397521,0.397521,0.397521,0.404434,0.404434,0.404434,0.404434,0.404434,0.462982,0.462982,0.462982,0.459027,0.459027,0.459027,0.578342,0.578342,0.578342,0.578342,0.589839,0.589839,0.589839
NEPS_HERAT,Q5,d1,0.537475,0.537475,0.537475,0.537475,0.537475,0.537475,0.546822,0.546822,0.546822,0.546822,0.546822,0.625982,0.625982,0.625982,0.620635,0.620635,0.620635,0.781956,0.781956,0.781956,0.781956,0.797501,0.797501,0.797501
NEPS_HERAT,Q5,d2,0.397521,0.397521,0.397521,0.397521,0.397521,0.397521,0.404434,0.404434,0.404434,0.404434,0.404434,0.462982,0.462982,0.462982,0.459027,0.459027,0.459027,0.578342,0.578342,0.578342,0.578342,0.589839,0.589839,0.589839
NEPS_HERAT,Q5,d3,0.397521,0.397521,0.397521,0.397521,0.397521,0.397521,0.404434,0.404434,0.404434,0.404434,0.404434,0.462982,0.462982,0.462982,0.459027,0.459027,0.459027,0.578342,0.578342,0.578342,0.578342,0.589839,0.589839,0.589839
NEPS_HERAT,Q4,d1,0.67364,0.67364,0.67364,0.67364,0.67364,0.67364,0.685356,0.685356,0.685356,0.685356,0.685356,0.784519,0.784519,0.784519,0.778243,0.778243,0.778243,0.979079,0.979079,0.979079,0.979079,1,1,1
NEPS_HERAT,Q4,d2,0.49823,0.49823,0.49823,0.49823,0.49823,0.49823,0.506895,0.506895,0.506895,0.506895,0.506895,0.580237,0.580237,0.580237,0.575595,0.575595,0.575595,0.724136,0.724136,0.724136,0.724136,0.739609,0.739609,0.739609
NEPS_HERAT,Q4,d3,0.49823,0.49823,0.49823,0.49823,0.49823,0.49823,0.506895,0.506895,0.506895,0.506895,0.506895,0.580237,0.580237,0.580237,0.575595,0.575595,0.575595,0.724136,0.724136,0.724136,0.724136,0.739609,0.739609,0.739609
