g,z,tech,fuel,Status,StYr,RetrYr,Life,Capacity,UnitSize,BuildLimitperYear,DescreteCap,HeatRate,Capex,FOMperMW,VOM,ReserveCost,MinLimitShare,RampUpRate,RampDnRate,OverLoadFactor,ResLimShare,MinGenCommitment,HoursOn,HoursOff,minUT,minDT,StUpCost,InitialOn,fuel2,HeatRate2
ABADAN _CITY-1_CHP_2023,TUR,CHP,Gas,1,1959,2030,60,125,0,10000000,0,9.7486,0,12870,8.7120,0,0,0,0,0,0,0,0,0,0,0,0,0,0,0
ABADAN _CITY-2_CCGT_2028,TUR,CCGT,Gas,1,1998,2033,35,123,0,10000000,0,6.2036,0,12870,3.4650,0,0,0,0,0,0,0,0,0,0,0,0,0,0,0
AKSUSKAYA_ST_2023,KAZ_N,ST,Coal,1,1973,2033,60,1932,0,10000000,0,8.7688,0,31680,10.8900,0,0,0,0,0,0,0,0,0,0,0,0,0,0,0
ALMATY-1_CHP_2023,KAZ_S,CHP,Coal_KAZ_S,1,1967,2030,60,145,0,10000000,0,11.23,0,31680,12.87,0,0,0,0,0,0,0,0,0,0,0,0,0,0,0
ALMATY-2_CHP_2023,KAZ_S,CHP,Coal_KAZ_S,1,1986,2046,60,469,0,10000000,0,12.7940,0,31680,12.8700,0,0,0,0,0,0,0,0,0,0,0,0,0,0,0
ALMATY-3_CHP_2023,KAZ_S,CHP,Coal_KAZ_S,1,1964,2030,60,132,0,10000000,0,14.2404,0,31680,12.8700,0,0,0,0,0,0,0,0,0,0,0,0,0,0,0
ANGREN_ST_2023,UZB,ST,Coal,1,1961,2030,60,400,0,10000000,0,11.2982,0,31680,9.1000,0,0,0,0,0,0,0,0,0,0,0,0,0,0,0
ASTANA-2_CHP_2023,KAZ_N,CHP,Coal,1,1981,2041,60,221,0,10000000,0,16.4038,0,31680,12.8700,0,0,0,0,0,0,0,0,0,0,0,0,0,0,0
ATLAS _POWER_ICE_2029,PAK_N,ICE,HFO,1,2009,2039,30,214,0,10000000,0,7.68,0,31680,7.94366174,0,0,0,0,0,0,0,0,0,0,0,0,0,0,0
BIN _QASIM_ST_2023,PAK_KAR,ST,Gas,1,1983,2038,55,350,0,10000000,0,10.25,0,10820,3.9188,0,0,0,0,0,0,0,0,0,0,0,0,0,0,0
BIN _QASIM_ST_2024,PAK_KAR,ST,Gas,1,1984,2039,55,210,0,10000000,0,10.25,0,10820,3.9188,0,0,0,0,0,0,0,0,0,0,0,0,0,0,0
BIN _QASIM_ST_2029,PAK_KAR,ST,HFO,1,1989,2034,45,210,0,10000000,0,10.25,0,25000,3.9188,0,0,0,0,0,0,0,0,0,0,0,0,0,0,0
BIN _QASIM_ST_2031,PAK_KAR,ST,Gas,1,1994,2049,55,420,0,10000000,0,10.25,0,10820,3.9188,0,0,0,0,0,0,0,0,0,0,0,0,0,0,0
BISHKEK_CHP_2023,KGZ_N,CHP,Coal,1,1971,2050,60,666,0,10000000,0,11.2255,0,31680,12.8700,0,0,0,0,0,0,0,0,0,0,0,0,0,0,0
DUSHANBE-1_CHP_2023,TAJ_S,CHP,Gas,1,1964,2030,60,0,0,10000000,0,11.2255,0,12870,8.7120,0,0,0,0,0,0,0,0,0,0,0,0,0,0,0
FAISALABAD _LIBERTY_ICE_2031,PAK_N,ICE,HFO,1,2011,2041,30,187.836,0,10000000,0,10.07,0,31680,0.219317,0,0,0,0,0,0,0,0,0,0,0,0,0,0,0
FAISALABAD_CCGT_2023,PAK_N,CCGT,Gas,1,1979,2030,35,144.4,0,10000000,0,8.2851716079,0,12870,3.465,0,0,0,0,0,0,0,0,0,0,0,0,0,0,0
FERGANA_CHP_2023,UZB,CHP,HFO,1,1979,2039,60,260,0,10000000,0,13.43,0,10820,15.45,0,0,0,0,0,0,0,0,0,0,0,0,0,0,0
GUDDU_CCGT_2023,PAK_S,CCGT,HFO,1,1988,2030,35,826,0,10000000,0,11.5415,0,44550,0.604437652,0,0,0,0,0,0,0,0,0,0,0,0,0,0,0
GUDDU_CCGT_2024,PAK_S,CCGT,Gas,1,1994,2030,35,145,0,10000000,0,11.5415,0,12870,0.604437652,0,0,0,0,0,0,0,0,0,0,0,0,0,0,0
GUDDU_ST_2023,PAK_S,ST,Gas,1,1976,2031,55,430,0,10000000,0,17.25075,0,10820,2.630049464,0,0,0,0,0,0,0,0,0,0,0,0,0,0,0
GUDDU_ST_2026,PAK_S,ST,Gas,1,1986,2041,55,210,0,10000000,0,17.25075,0,10820,0.604437652,0,0,0,0,0,0,0,0,0,0,0,0,0,0,0
HABIBULLAH _COASTAL_CCGT_2029,PAK_S,CCGT,Gas,1,1999,2034,35,160,0,10000000,0,8.9,0,12870,8.4048239822,0,0,0,0,0,0,0,0,0,0,0,0,0,0,0
JAMSHORO_ST_2029,PAK_S,ST,Gas,1,1989,2044,55,200,0,10000000,0,13.202,0,10820,0.8114729,0,0,0,0,0,0,0,0,0,0,0,0,0,0,0
JAMSHORO_ST_2030,PAK_S,ST,HFO,1,1990,2035,45,450,0,10000000,0,13.202,0,25000,0.8114729,0,0,0,0,0,0,0,0,0,0,0,0,0,0,0
KABIRWALA_CCGT_2029,PAK_S,CCGT,Gas,1,1999,2034,35,157,0,10000000,0,8.5,0,12870,3.6057732516,0,0,0,0,0,0,0,0,0,0,0,0,0,0,0
KAPCHAGAY_HY_2031,KAZ_S,HY,Water,1,1971,2051,99,364,0,10000000,0,0,0,12870,2.772,0,0,0,0,0,0,0,0,0,0,0,0,0,0,0
KARACHI _TAPAL_ICE_2023,PAK_KAR,ICE,HFO,1,1997,2030,30,126,0,10000000,0,10.07,0,31680,3.96,0,0,0,0,0,0,0,0,0,0,0,0,0,0,0
KARAGANDA _HPS-2_CHP_2023,KAZ_N,CHP,Coal,1,1965,2030,60,610,0,10000000,0,10.3384,0,31680,12.8700,0,0,0,0,0,0,0,0,0,0,0,0,0,0,0
KARAGANDA _TPS-2_CHP_2023,KAZ_N,CHP,Coal,1,1977,2037,60,400,0,10000000,0,11.23,0,31680,12.87,0,0,0,0,0,0,0,0,0,0,0,0,0,0,0
KARAGANDA _TPS-3_CHP_2023,KAZ_N,CHP,Coal,1,1980,2040,60,405,0,10000000,0,12.7940,0,31680,12.8700,0,0,0,0,0,0,0,0,0,0,0,0,0,0,0
KAZ_N_CHP_2023,KAZ_N,CHP,Coal,1,1961,2030,60,399.5,0,10000000,0,11.23,0,31680,12.87,0,0,0,0,0,0,0,0,0,0,0,0,0,0,0
KAZ_S_CHP_2023,KAZ_S,CHP,Coal_KAZ_S,1,1959,2030,60,209,0,10000000,0,11.23,0,31680,12.87,0,0,0,0,0,0,0,0,0,0,0,0,0,0,0
KOHINOOR_ICE_2023,PAK_N,ICE,HFO,1,1997,2030,30,126,0,10000000,0,10.07,0,31680,3.96,0,0,0,0,0,0,0,0,0,0,0,0,0,0,0
KORANGI _KORANGI GUL _AHMED_ICE_2023,PAK_KAR,ICE,HFO,1,1998,2030,30,125.1,0,10000000,0,10.07,0,31680,3.96,0,0,0,0,0,0,0,0,0,0,0,0,0,0,0
KOT _ADDU_CCGT_2023,PAK_N,CCGT,HFO,1,1989,2030,35,892,0,10000000,0,7.8,0,44550,7.861198548,0,0,0,0,0,0,0,0,0,0,0,0,0,0,0
KOT _ADDU_CCGT_2024,PAK_N,CCGT,HFO,1,1994,2030,35,308,0,10000000,0,7.8,0,44550,7.861198548,0,0,0,0,0,0,0,0,0,0,0,0,0,0,0
KOT _ADDU_CCGT_2025,PAK_N,CCGT,Gas,1,1995,2030,35,783,0,10000000,0,8.2851716079,0,12870,3.465,0,0,0,0,0,0,0,0,0,0,0,0,0,0,0
KOT _ADDU_CCGT_2026,PAK_N,CCGT,Gas,1,1996,2031,35,144,0,10000000,0,8.633,0,12870,7.861198548,0,0,0,0,0,0,0,0,0,0,0,0,0,0,0
KOTRI_CCGT_2023,PAK_S,CCGT,Gas,1,1983,2030,35,144.4,0,10000000,0,8.2851716079,0,12870,3.465,0,0,0,0,0,0,0,0,0,0,0,0,0,0,0
LIBERTY _DAHARKI_CCGT_2031,PAK_S,CCGT,Gas,1,2001,2036,35,213,0,10000000,0,8.05,0,12870,2.8763863184,0,0,0,0,0,0,0,0,0,0,0,0,0,0,0
MARY_CHP_2023,TUR,CHP,Gas,1,1979,2039,60,1693,0,10000000,0,9.7486,0,12870,8.7120,0,0,0,0,0,0,0,0,0,0,0,0,0,0,0
MORGAH_ICE_2029,PAK_N,ICE,HFO,1,2009,2039,30,153.315,0,10000000,0,7.11,0,31680,8.072620136,0,0,0,0,0,0,0,0,0,0,0,0,0,0,0
MULTAN_ST_2023,PAK_S,ST,LNG,1,1963,2030,45,130,0,10000000,0,14.13475,0,10820,0.219317,0,0,0,0,0,0,0,0,0,0,0,0,0,0,0
NAROWAL_ICE_2031,PAK_N,ICE,HFO,1,2011,2041,30,207.9,0,10000000,0,7.65,0,31680,4.2108864,0,0,0,0,0,0,0,0,0,0,0,0,0,0,0
NAVOI_ST_2023,UZB,ST,Gas,1,1970,2030,55,1060,0,10000000,0,11.3733,0,10820,9.1000,0,0,0,0,0,0,0,0,0,0,0,0,0,0,0
NISHAT _CHUNIAN_ICE_2031,PAK_N,ICE,HFO,1,2011,2041,30,196,0,10000000,0,7.61,0,31680,7.924361844,0,0,0,0,0,0,0,0,0,0,0,0,0,0,0
NISHAT _POWER_ICE_2029,PAK_N,ICE,HFO,1,2009,2039,30,195,0,10000000,0,7.62,0,31680,7.94366174,0,0,0,0,0,0,0,0,0,0,0,0,0,0,0
PAK_N_ICE_2023,PAK_N,ICE,HFO,1,1996,2030,30,490.029,0,10000000,0,10.07,0,31680,3.96,0,0,0,0,0,0,0,0,0,0,0,0,0,0,0
PAK_N_ICE_2030,PAK_N,ICE,HFO,1,2010,2040,30,0,0,10000000,0,10.07,0,31680,3.96,0,0,0,0,0,0,0,0,0,0,0,0,0,0,0
PAVLODAR-1_CHP_2023,KAZ_N,CHP,Coal,1,1969,2030,60,322,0,10000000,0,12.7940,0,31680,12.8700,0,0,0,0,0,0,0,0,0,0,0,0,0,0,0
PAVLODAR-2_CHP_2023,KAZ_N,CHP,Coal,1,1962,2030,60,101,0,10000000,0,15.9186,0,31680,12.8700,0,0,0,0,0,0,0,0,0,0,0,0,0,0,0
PAVLODAR-3_CHP_2023,KAZ_N,CHP,Coal,1,1974,2034,60,202.5,0,10000000,0,12.4213,0,31680,12.8700,0,0,0,0,0,0,0,0,0,0,0,0,0,0,0
PETROPAVLOVSK-2_CHP_2023,KAZ_N,CHP,Coal,1,1965,2030,60,338,0,10000000,0,12.7940,0,31680,12.8700,0,0,0,0,0,0,0,0,0,0,0,0,0,0,0
RAIWIND _JPGL_ICE_2023,PAK_N,ICE,HFO,1,2000,2030,30,0,0,10000000,0,8.95,0,31680,4.9591082772,0,0,0,0,0,0,0,0,0,0,0,0,0,0,0
RAIWIND _SEPCOL_ICE_2023,PAK_N,ICE,HFO,1,1999,2030,30,0,0,10000000,0,9.09,0,31680,7.9166418856,0,0,0,0,0,0,0,0,0,0,0,0,0,0,0
ROUSCH_CCGT_2029,PAK_S,CCGT,LNG,1,1999,2034,35,395,0,10000000,0,8.02,0,12870,2.4303832672,0,0,0,0,0,0,0,0,0,0,0,0,0,0,0
SYRDARYA_ST_2023,UZB,ST,Gas,1,1978,2033,55,3000,0,10000000,0,10.2771,0,10820,9.1000,0,0,0,0,0,0,0,0,0,0,0,0,0,0,0
TAKAKHIL_ICE_2030,NEPS_AFG,ICE,HFO,1,2010,2040,30,108,0,10000000,0,7.5825387781,0,31680,3.96,0,0,0,0,0,0,0,0,0,0,0,0,0,0,0
TAKHIATASH_ST_2023,UZB,ST,Gas,1,1966,2030,55,100,0,10000000,0,11.6448,0,10820,3.5400,0,0,0,0,0,0,0,0,0,0,0,0,0,0,0
TAKHIATASH_ST_2027,UZB,ST,Gas,1,1987,2042,55,200,0,10000000,0,11.6448,0,10820,3.5400,0,0,0,0,0,0,0,0,0,0,0,0,0,0,0
TAKHIATASH_ST_2029,UZB,ST,Gas,1,1989,2044,55,200,0,10000000,0,11.6448,0,10820,3.5400,0,0,0,0,0,0,0,0,0,0,0,0,0,0,0
TCHIMKENT-3_CHP_2023,KAZ_S,CHP,Gas,1,1982,2042,60,160,0,10000000,0,6.0929,0,12870,39.1659,0,0,0,0,0,0,0,0,0,0,0,0,0,0,0
TURKMENBASHI-1_ST_2024,TUR,ST,Gas,1,1984,2039,55,210,0,10000000,0,9.7486,0,10820,15.4500,0,0,0,0,0,0,0,0,0,0,0,0,0,0,0
TURKMENBASHI-1_ST_2026,TUR,ST,Gas,1,1986,2041,55,210,0,10000000,0,9.7486,0,10820,15.4500,0,0,0,0,0,0,0,0,0,0,0,0,0,0,0
UCH_CCGT_2030,PAK_S,CCGT,LNG,1,2000,2035,35,549,0,10000000,0,7.61,0,12870,2.0728088304,0,0,0,0,0,0,0,0,0,0,0,0,0,0,0
UST-KAMENOGORSK _TETS_CHP_2023,KAZ_N,CHP,Coal,1,1959,2030,60,220,0,10000000,0,12.7940,0,31680,12.8700,0,0,0,0,0,0,0,0,0,0,0,0,0,0,0
YAVAN_CHP_2023,TAJ_S,CHP,Gas,1,1968,2030,60,0,0,10000000,0,11.3738081671,0,12870,8.712,0,0,0,0,0,0,0,0,0,0,0,0,0,0,0
ZHAMBYL_ST_2023,KAZ_S,ST,Gas,1,1972,2030,55,1230,0,10000000,0,9.3915,0,10820,18.9246,0,0,0,0,0,0,0,0,0,0,0,0,0,0,0
EKIBASTUZ-1_ST_2023,KAZ_N,ST,Coal,1,1982,2042,60,3000,0,10000000,0,10.0313,0,31680,10.8900,0,0,0,0,0,0,0,0,0,0,0,0,0,0,0
EKIBASTUZ-1_ST_2024,KAZ_N,ST,Coal,1,1984,2044,60,500,0,10000000,0,10.0313,0,31680,10.8900,0,0,0,0,0,0,0,0,0,0,0,0,0,0,0
EKIBASTUZ-2_ST_2030,KAZ_N,ST,Coal,1,1990,2050,60,460,0,10000000,0,10.2019,0,31680,10.8900,0,0,0,0,0,0,0,0,0,0,0,0,0,0,0
ABADAN _CITY-2_GT_2031,TUR,GT,Gas,1,2003,2038,35,126,0,10000000,0,9.7486,0,11880,7.6230,0,0,0,0,0,0,0,0,0,0,0,0,0,0,0
ABADAN _CITY-2_CCGT_2031,TUR,CCGT,Gas,1,2009,2044,35,363,0,10000000,0,6.2036,0,12870,3.4650,0,0,0,0,0,0,0,0,0,0,0,0,0,0,0
AHAL_GT_2031,TUR,GT,Gas,1,2013,2048,35,626.2,0,10000000,0,9.7486,0,11880,7.6230,0,0,0,0,0,0,0,0,0,0,0,0,0,0,0
UZB_HY_2031,UZB,HY,Water,1,1965,2051,99,618.903,0,10000000,0,0,0,12870,2.772,0,0,0,0,0,0,0,0,0,0,0,0,0,0,0
ANDIJAN-1_HY_2031,UZB,HY,Water,1,1981,2051,99,140,0,10000000,0,0,0,12870,2.772,0,0,0,0,0,0,0,0,0,0,0,0,0,0,0
ANGREN_ST_2031,UZB,ST,Coal,1,2016,2051,60,150,0,10000000,0,11.2982,0,31680,9.1000,0,0,0,0,0,0,0,0,0,0,0,0,0,0,0
ASHGABAT_GT_2031,TUR,GT,Gas,1,2006,2041,35,254.2,0,10000000,0,9.7486,0,11880,7.6230,0,0,0,0,0,0,0,0,0,0,0,0,0,0,0
ASTANA-2_CHP_2031,KAZ_N,CHP,Coal,1,2006,2051,60,110,0,10000000,0,16.4038,0,31680,12.8700,0,0,0,0,0,0,0,0,0,0,0,0,0,0,0
AVAZA_GT_2031,TUR,GT,Gas,1,2010,2045,35,254,0,10000000,0,9.7486,0,11880,7.6230,0,0,0,0,0,0,0,0,0,0,0,0,0,0,0
BAIPAZA_HY_2031,TAJ_S,HY,Water,1,1986,2051,99,600,0,10000000,0,0,0,12870,2.772,0,0,0,0,0,0,0,0,0,0,0,0,0,0,0
BALKANABAD-2_GT_2031,TUR,GT,Gas,1,2006,2041,35,380.2,0,10000000,0,9.7486,0,11880,7.6230,0,0,0,0,0,0,0,0,0,0,0,0,0,0,0
BALKHASH _ULKEN_CHP_NEW_2031,KAZ_S,CHP,Coal_KAZ_S,1,2022,2051,60,1320,0,10000000,0,9.7489784289,0,31680,12.87,0,0,0,0,0,0,0,0,0,0,0,0,0,0,0
CHARVAK_HY_2031,UZB,HY,Water,1,1971,2051,99,620,0,10000000,0,0,0,12870,2.772,0,0,0,0,0,0,0,0,0,0,0,0,0,0,0
DASHOGUZ _VELAYAT_CHP_2031,TUR,CHP,Gas,1,2007,2051,60,254.2,0,10000000,0,9.7486,0,12870,8.7120,0,0,0,0,0,0,0,0,0,0,0,0,0,0,0
DERWEZE_GT_2031,TUR,GT,Gas,1,2015,2050,35,504.4,0,10000000,0,9.7486,0,11880,7.6230,0,0,0,0,0,0,0,0,0,0,0,0,0,0,0
DUSHANBE-2_CHP_2031,TAJ_S,CHP,Coal,1,2014,2051,60,400,0,10000000,0,11.2255,0,31680,12.8700,0,0,0,0,0,0,0,0,0,0,0,0,0,0,0
DUSHANBE-2_CHP_NEW_2031,TAJ_S,CHP,Coal,1,2018,2051,60,0,0,10000000,0,11.2255,0,31680,12.8700,0,0,0,0,0,0,0,0,0,0,0,0,0,0,0
EKIBASTUZ-2_ST_2031,KAZ_N,ST,Coal,1,1993,2051,60,460,0,10000000,0,10.2019,0,31680,10.8900,0,0,0,0,0,0,0,0,0,0,0,0,0,0,0
EKIBASTUZ-2_ST_NEW_2031,KAZ_N,ST,Coal,1,2018,2051,60,630,0,10000000,0,10.2019,0,31680,10.8900,0,0,0,0,0,0,0,0,0,0,0,0,0,0,0
GAZALKENT_HY_2031,UZB,HY,Water,1,1980,2051,99,120,0,10000000,0,0,0,12870,2.772,0,0,0,0,0,0,0,0,0,0,0,0,0,0,0
KAMBARATA-2_HY_2031,KGZ_N,HY,Water,1,2010,2051,99,120,0,10000000,0,0,0,12870,2.772,0,0,0,0,0,0,0,0,0,0,0,0,0,0,0
KAMBARATA-2_HY_NEW_2031,KGZ_N,HY,Water,1,2023,2051,99,120,0,10000000,0,0,0,12870,2.772,0,0,0,0,0,0,0,0,0,0,0,0,0,0,0
KARAGANDA _TPS-3_CHP_2031,KAZ_N,CHP,Coal,1,2015,2051,60,160,0,10000000,0,12.7940,0,31680,12.8700,0,0,0,0,0,0,0,0,0,0,0,0,0,0,0
KHODZHIKENT_HY_2031,UZB,HY,Water,1,1976,2051,99,165,0,10000000,0,0,0,12870,2.772,0,0,0,0,0,0,0,0,0,0,0,0,0,0,0
KURPSAI_HY_2031,KGZ_S,HY,Water,1,1982,2051,99,800,0,10000000,0,0,0,12870,2.772,0,0,0,0,0,0,0,0,0,0,0,0,0,0,0
LEBAP_GT_2031,TUR,GT,Gas,1,2014,2049,35,149.1,0,10000000,0,9.7486,0,11880,7.6230,0,0,0,0,0,0,0,0,0,0,0,0,0,0,0
MARY_GT_2031,TUR,GT,Gas,1,2013,2048,35,150,0,10000000,0,9.7486,0,11880,7.6230,0,0,0,0,0,0,0,0,0,0,0,0,0,0,0
MOYNAK_HY_2031,KAZ_S,HY,Water,1,2012,2051,99,300,0,10000000,0,0,0,12870,2.772,0,0,0,0,0,0,0,0,0,0,0,0,0,0,0
NAVOI_ST_NEW_2031,UZB,ST,Gas,1,2023,2051,55,160,0,10000000,0,11.3733,0,10820,9.1000,0,0,0,0,0,0,0,0,0,0,0,0,0,0,0
NAVOI_CCGT_2031,UZB,CCGT,Gas,1,2015,2050,35,927.7,0,10000000,0,6.3122,0,12870,3.5000,0,0,0,0,0,0,0,0,0,0,0,0,0,0,0
PAVLODAR-1_CHP_2031,KAZ_N,CHP,Coal,1,2007,2051,60,120,0,10000000,0,12.7940,0,31680,12.8700,0,0,0,0,0,0,0,0,0,0,0,0,0,0,0
PAVLODAR-3_CHP_2031,KAZ_N,CHP,Coal,1,2015,2051,60,202.5,0,10000000,0,12.4213,0,31680,12.8700,0,0,0,0,0,0,0,0,0,0,0,0,0,0,0
PETROPAVLOVSK-2_CHP_2031,KAZ_N,CHP,Coal,1,2014,2051,60,113,0,10000000,0,12.7940,0,31680,12.8700,0,0,0,0,0,0,0,0,0,0,0,0,0,0,0
SANGTUDA-1_HY_2031,TAJ_S,HY,Water,1,2009,2051,99,670,0,10000000,0,0,0,12870,2.772,0,0,0,0,0,0,0,0,0,0,0,0,0,0,0
SANGTUDA-2_HY_2031,TAJ_S,HY,Water,1,2013,2051,99,225,0,10000000,0,0,0,12870,2.772,0,0,0,0,0,0,0,0,0,0,0,0,0,0,0
SHAMALDYSAI_HY_2031,KGZ_S,HY,Water,1,1994,2051,99,240,0,10000000,0,0,0,12870,2.772,0,0,0,0,0,0,0,0,0,0,0,0,0,0,0
SHARDARINSKYA_HY_2031,KAZ_S,HY,Water,1,2017,2051,99,126,0,10000000,0,0,0,12870,2.772,0,0,0,0,0,0,0,0,0,0,0,0,0,0,0
SHULBINSKAYA_HY_2031,KAZ_N,HY,Water,1,1989,2051,99,702,0,10000000,0,0,0,12870,2.772,0,0,0,0,0,0,0,0,0,0,0,0,0,0,0
TAKHIATASH_ST_NEW_2031,UZB,ST,Gas,1,2023,2051,55,200,0,10000000,0,11.6448,0,10820,3.5400,0,0,0,0,0,0,0,0,0,0,0,0,0,0,0
TASHKENT_CHP_2031,UZB,CHP,Gas,1,2016,2051,60,372,0,10000000,0,9.7486,0,12870,8.7120,0,0,0,0,0,0,0,0,0,0,0,0,0,0,0
TASH-KUMYR_HY_2031,KGZ_S,HY,Water,1,1986,2051,99,450,0,10000000,0,0,0,12870,2.772,0,0,0,0,0,0,0,0,0,0,0,0,0,0,0
TOKTOGUL_HY_2031,KGZ_S,HY,Water,1,1976,2051,99,1200,0,10000000,0,0,0,12870,2.772,0,0,0,0,0,0,0,0,0,0,0,0,0,0,0
TOLIMARJON_ST_2031,UZB,ST,Gas,1,2004,2051,55,720,0,10000000,0,10.9812,0,10820,9.1000,0,0,0,0,0,0,0,0,0,0,0,0,0,0,0
TOLIMARJON_CCGT_2031,UZB,CCGT,Gas,1,2016,2051,35,900,0,10000000,0,5.5032,0,12870,9.1000,0,0,0,0,0,0,0,0,0,0,0,0,0,0,0
TURKMENBASHI _REFINERY_GT_2031,TUR,GT,Gas,1,2003,2038,35,126,0,10000000,0,9.7486,0,11880,7.6230,0,0,0,0,0,0,0,0,0,0,0,0,0,0,0
TYUYAMUYUNSKAYA_HY_2031,UZB,HY,Water,1,1984,2051,99,156,0,10000000,0,0,0,12870,2.772,0,0,0,0,0,0,0,0,0,0,0,0,0,0,0
UST-KAMENOGORSK _HPP_HY_2031,KAZ_N,HY,Water,1,1970,2051,99,325,0,10000000,0,0,0,12870,2.772,0,0,0,0,0,0,0,0,0,0,0,0,0,0,0
UST-KAMENOGORSK _TETS_CHP_2031,KAZ_N,CHP,Coal,1,2016,2051,60,109,0,10000000,0,12.7940,0,31680,12.8700,0,0,0,0,0,0,0,0,0,0,0,0,0,0,0
WATAN_GT_2031,TUR,GT,Gas,1,2016,2051,35,254.2,0,10000000,0,9.7486,0,11880,7.6230,0,0,0,0,0,0,0,0,0,0,0,0,0,0,0
ZHAMBYL_ST_2031,KAZ_S,ST,Gas,1,2002,2051,55,150,0,10000000,0,9.3915,0,10820,18.9246,0,0,0,0,0,0,0,0,0,0,0,0,0,0,0
ALLAI _KHWAR_HY_2031,PAK_N,HY,Water,1,2013,2051,99,121,0,10000000,0,0,0,12870,2.772,0,0,0,0,0,0,0,0,0,0,0,0,0,0,0
PAK_N_HY_2031,PAK_N,HY,Water,1,1995,2051,99,799.603,0,10000000,0,0,0,12870,2.772,0,0,0,0,0,0,0,0,0,0,0,0,0,0,0
HAVELI _HAVELI BAHADUR _SHAH_CCGT_2031,PAK_N,CCGT,LNG,1,2017,2051,35,0,0,10000000,0,5.9862148248,0,12870,3.465,0,0,0,0,0,0,0,0,0,0,0,0,0,0,0
BALLOKI _RLNG_CCGT_2031,PAK_N,CCGT,LNG,1,2021,2051,35,746,0,10000000,0,5.9862148248,0,12870,3.465,0,0,0,0,0,0,0,0,0,0,0,0,0,0,0
BALLOKI _RLNG_CCGT_NEW_2031,PAK_N,CCGT,LNG,1,2021,2051,35,497,0,10000000,0,5.9862148248,0,12870,3.465,0,0,0,0,0,0,0,0,0,0,0,0,0,0,0
BHIKKI _RENTAL_GT_2031,PAK_N,GT,LNG,1,2008,2043,35,135.9,0,10000000,0,7.589,0,11880,7.623,0,0,0,0,0,0,0,0,0,0,0,0,0,0,0
BHIKKI _RLNG_CCGT_2031,PAK_N,CCGT,LNG,1,2017,2051,35,0,0,10000000,0,5.9862148248,0,12870,3.465,0,0,0,0,0,0,0,0,0,0,0,0,0,0,0
BHIKKI _RLNG_CCGT_NEW_2031,PAK_N,CCGT,Gas,1,2018,2051,35,0,0,10000000,0,5.9862148248,0,12870,3.465,0,0,0,0,0,0,0,0,0,0,0,0,0,0,0
BIN _QASIM_CCGT_2031,PAK_KAR,CCGT,LNG,1,2012,2047,35,560,0,10000000,0,7.8925,0,12870,2.62579,0,0,0,0,0,0,0,0,0,0,0,0,0,0,0
PAK_N_HY_NEW_2031,PAK_N,HY,Water,1,2023,2051,99,408.56,0,10000000,0,0,0,12870,2.772,0,0,0,0,0,0,0,0,0,0,0,0,0,0,0
CHASHMA _(CHASNUPP)_ST_2031,PAK_N,ST,UR,1,2011,2051,60,1232,0,10000000,0,8.3222986588,0,102960,16.83,0,0,0,0,0,0,0,0,0,0,0,0,0,0,0
CHASHMA_HY_2031,PAK_N,HY,Water,1,2001,2051,99,184,0,10000000,0,0,0,12870,2.772,0,0,0,0,0,0,0,0,0,0,0,0,0,0,0
DAHARKI _FOUNDATION_CCGT_2031,PAK_S,CCGT,LNG,1,2011,2046,35,202,0,10000000,0,10.25,0,12870,3.247646136,0,0,0,0,0,0,0,0,0,0,0,0,0,0,0
DASU _DHP-1_HY_NEW_2031,PAK_N,HY,Water,1,2023,2051,99,1977.397,0,10000000,0,0,0,12870,2.772,0,0,0,0,0,0,0,0,0,0,0,0,0,0,0
DIAMER _BASHA_HY_NEW_2031,PAK_N,HY,Water,1,2024,2051,99,4500,0,10000000,0,0,0,12870,2.772,0,0,0,0,0,0,0,0,0,0,0,0,0,0,0
DUBER _KHWAR_HY_2031,PAK_N,HY,Water,1,2014,2051,99,130,0,10000000,0,0,0,12870,2.772,0,0,0,0,0,0,0,0,0,0,0,0,0,0,0
GHAZI-BAROTHA_HY_2031,PAK_N,HY,Water,1,2004,2051,99,1450,0,10000000,0,0,0,12870,2.772,0,0,0,0,0,0,0,0,0,0,0,0,0,0,0
GUDDU_CCGT_2031,PAK_S,CCGT,Gas,1,2016,2051,35,0,0,10000000,0,5.9862148248,0,12870,3.465,0,0,0,0,0,0,0,0,0,0,0,0,0,0,0
GULPUR_HY_NEW_2031,PAK_N,HY,Water,1,2020,2051,99,104,0,10000000,0,0,0,12870,2.772,0,0,0,0,0,0,0,0,0,0,0,0,0,0,0
HALMORE _POWER_CCGT_2031,PAK_N,CCGT,LNG,1,2011,2046,35,207,0,10000000,0,7.56,0,12870,3.174832892,0,0,0,0,0,0,0,0,0,0,0,0,0,0,0
HUB _RIVER_ST_2031,PAK_S,ST,HFO,1,1997,2042,45,0,0,10000000,0,13.202,0,25000,1.71845976,0,0,0,0,0,0,0,0,0,0,0,0,0,0,0
KAJAKI I_HY,NEPS_AFG,HY,Water,1,2023,2051,99,51.5,0,10000000,0,0,0,12870,2.772,0,0,0,0,0,0,0,0,0,0,0,0,0,0,0
JAMSHORO_ST_2031,PAK_S,ST,LNG,1,1992,2037,45,200,0,10000000,0,13.202,0,10820,0.8114729,0,0,0,0,0,0,0,0,0,0,0,0,0,0,0
KARACHI _COASTAL_ST_NEW_2031,PAK_S,ST,UR,1,2024,2051,60,3300,0,10000000,0,8.3222986588,0,102960,16.83,0,0,0,0,0,0,0,0,0,0,0,0,0,0,0
KORANGI _CREEK_CCGT_2031,PAK_KAR,CCGT,LNG,1,2009,2044,35,188,0,10000000,0,13.817,0,12870,3.465,0,0,0,0,0,0,0,0,0,0,0,0,0,0,0
LAKHRA_ST_2031,PAK_S,ST,Coal,1,1996,2051,60,120,0,10000000,0,16.210975,0,31680,1.714181672,0,0,0,0,0,0,0,0,0,0,0,0,0,0,0
LAL _PIR_ST_2031,PAK_N,ST,HFO,1,1997,2042,45,0,0,10000000,0,9.4,0,25000,1.4873201672,0,0,0,0,0,0,0,0,0,0,0,0,0,0,0
MANGLA_HY_2031,PAK_N,HY,Water,1,1983,2051,99,1000,0,10000000,0,0,0,12870,2.772,0,0,0,0,0,0,0,0,0,0,0,0,0,0,0
MUZAFFARGARH_ST_2031,PAK_N,ST,LNG,1,1995,2040,45,1350,0,10000000,0,12.04375,0,10820,0.219317,0,0,0,0,0,0,0,0,0,0,0,0,0,0,0
NANDIPUR_CCGT_2031,PAK_N,CCGT,HFO,1,2015,2050,35,0,0,10000000,0,8.5228,0,44550,3.9915694,0,0,0,0,0,0,0,0,0,0,0,0,0,0,0
ORIENT _POWER_CCGT_2031,PAK_N,CCGT,LNG,1,2010,2045,35,720,0,10000000,0,7.66,0,12870,1.857176356,0,0,0,0,0,0,0,0,0,0,0,0,0,0,0
PAK _GEN_ST_2031,PAK_N,ST,HFO,1,1998,2043,45,0,0,10000000,0,9.37,0,25000,1.71845976,0,0,0,0,0,0,0,0,0,0,0,0,0,0,0
PATRIND_HY_2031,PAK_N,HY,Water,1,2017,2051,99,150,0,10000000,0,0,0,12870,2.772,0,0,0,0,0,0,0,0,0,0,0,0,0,0,0
PORT _PORT QASIM _THERMAL_ST_NEW_2031,PAK_KAR,ST,Coal,1,2017,2051,60,1320,0,10000000,0,8.1241486908,0,31680,10.89,0,0,0,0,0,0,0,0,0,0,0,0,0,0,0
QADIRPUR_CCGT_2031,PAK_S,CCGT,LNG,1,2010,2045,35,233,0,10000000,0,8.3,0,12870,0.8041652576,0,0,0,0,0,0,0,0,0,0,0,0,0,0,0
QUAID-E-AZAM _SOLAR_PV_2031,PAK_S,PV,Solar,1,2015,2040,25,130,0,10000000,0,0,0,13860,0,0,0,0,0,0,0,0,0,0,0,0,0,0,0,0
SABA_ST_2031,PAK_N,ST,HFO,1,1999,2044,45,61,0,10000000,0,9.36,0,25000,1.71845976,0,0,0,0,0,0,0,0,0,0,0,0,0,0,0
SAHIWAL_CCGT_2031,PAK_S,CCGT,LNG,1,2010,2045,35,222.5,0,10000000,0,7.7,0,12870,4.560916332,0,0,0,0,0,0,0,0,0,0,0,0,0,0,0
SAPPHIRE _ELECTRIC_CCGT_2031,PAK_N,CCGT,LNG,1,2010,2045,35,234,0,10000000,0,7.42,0,12870,3.124828616,0,0,0,0,0,0,0,0,0,0,0,0,0,0,0
TARBELA_HY_2031,PAK_N,HY,Water,1,1985,2051,99,3478,0,10000000,0,0,0,12870,2.772,0,0,0,0,0,0,0,0,0,0,0,0,0,0,0
THAR _THAR BLOCK-II _ENGRO_ST_NEW_2031,PAK_S,ST,Coal,1,2017,2051,60,1018,0,10000000,0,8.1241486908,0,31680,10.89,0,0,0,0,0,0,0,0,0,0,0,0,0,0,0
UCH_CCGT_2031,PAK_S,CCGT,LNG,1,2014,2049,35,375,0,10000000,0,7.61,0,12870,2.0728088304,0,0,0,0,0,0,0,0,0,0,0,0,0,0,0
WARSAK_HY_2031,PAK_N,HY,Water,1,1967,2051,99,243,0,10000000,0,0,0,12870,2.772,0,0,0,0,0,0,0,0,0,0,0,0,0,0,0
THAR _THAR BLOCK-II _HUB_ST_NEW_2031,PAK_S,ST,Coal,1,2021,2051,60,1533.3333333333,0,10000000,0,8.1241486908,0,31680,10.89,0,0,0,0,0,0,0,0,0,0,0,0,0,0,0
GRANGE _POWER_CCGT_NEW_2031,PAK_S,CCGT,Gas,3,2019,2031,25,163.3,0,10000000,0,5.5266,0.85,23000,1.7,0,0,0,0,0,0,0,0,0,0,0,0,0,0,0
JAMSHORO_ST_NEW_2031,PAK_S,ST,Coal,1,2023,2051,60,1533.3333333333,0,10000000,0,8.1241486908,2.328,31680,10.89,0,0,0,0,0,0,0,0,0,0,0,0,0,0,0
BIN _BIN QASIM _SIDDIQSONS_ST_NEW_2031,PAK_KAR,ST,Coal,3,2021,2031,35,350,0,10000000,0,7.3954,2.25,54000,2.5,0,0,0,0,0,0,0,0,0,0,0,0,0,0,0
THAR _BLOCK-I_ST_NEW_2031,PAK_S,ST,Coal,3,2020,2031,35,1400,0,10000000,0,7.3954,2.25,54000,2.5,0,0,0,0,0,0,0,0,0,0,0,0,0,0,0
OSH_CHP_NEW_2031,KGZ_N,CHP,Coal,3,2025,2031,30,50,0,10000000,0,9.7489784289,2.3,31680,12.87,0,0,0,0,0,0,0,0,0,0,0,0,0,0,0
TARBELA-V_HY_NEW_2031,PAK_N,HY,Water,3,2024,2031,60,1410,0,10000000,0,0,0.5858865248,12870,2.772,0,0,0,0,0,0,0,0,0,0,0,0,0,0,0
MANGLA_HY_NEW_2031,PAK_N,HY,Water,3,2024,2031,60,810,0,10000000,0,0,2.5,12870,2.772,0,0,0,0,0,0,0,0,0,0,0,0,0,0,0
BUNJI_HY_NEW_2031,PAK_N,HY,Water,3,2023,2031,60,7000,0,10000000,0,0,1.9011690141,12870,2.772,0,0,0,0,0,0,0,0,0,0,0,0,0,0,0
SEHRA_HY_NEW_2031,PAK_N,HY,Water,3,2024,2031,60,130,0,10000000,0,0,2.6461538462,12870,2.772,0,0,0,0,0,0,0,0,0,0,0,0,0,0,0
KAROT-JHELUM_HY_NEW_2031,PAK_N,HY,Water,3,2022,2031,60,720,0,10000000,0,0,1.9722222222,12870,2.772,0,0,0,0,0,0,0,0,0,0,0,0,0,0,0
AZAD-PATTAN_HY_NEW_2031,PAK_N,HY,Water,3,2024,2031,60,640,0,10000000,0,0,1.7890625,12870,2.772,0,0,0,0,0,0,0,0,0,0,0,0,0,0,0
CHAKOTHI-HATIAN_HY_NEW_2031,PAK_N,HY,Water,3,2025,2031,60,500,0,10000000,0,0,1.966,12870,2.772,0,0,0,0,0,0,0,0,0,0,0,0,0,0,0
KOHALA-JHELUM_HY_NEW_2031,PAK_N,HY,Water,3,2024,2031,60,1100,0,10000000,0,0,2.1790909091,12870,2.772,0,0,0,0,0,0,0,0,0,0,0,0,0,0,0
KAIGAH_HY_NEW_2031,PAK_N,HY,Water,3,2024,2031,60,548,0,10000000,0,0,2.8558394161,12870,2.772,0,0,0,0,0,0,0,0,0,0,0,0,0,0,0
MAHL_HY_NEW_2031,PAK_N,HY,Water,3,2024,2031,60,590,0,10000000,0,0,1.5,12870,2.772,0,0,0,0,0,0,0,0,0,0,0,0,0,0,0
KARRANG_HY_NEW_2031,PAK_N,HY,Water,3,2023,2031,60,458,0,10000000,0,0,1.8,12870,2.772,0,0,0,0,0,0,0,0,0,0,0,0,0,0,0
RAJDHANI_HY_NEW_2031,PAK_N,HY,Water,3,2025,2031,60,132,0,10000000,0,0,1.5,12870,2.772,0,0,0,0,0,0,0,0,0,0,0,0,0,0,0
KALAM-ASRTI_HY_NEW_2031,PAK_N,HY,Water,3,2024,2031,60,197,0,10000000,0,0,1.8,12870,2.772,0,0,0,0,0,0,0,0,0,0,0,0,0,0,0
SHOGOSIN_HY_NEW_2031,PAK_N,HY,Water,3,2023,2031,25,127,0,10000000,0,0,1.8,12870,2.772,0,0,0,0,0,0,0,0,0,0,0,0,0,0,0
TAUNSA_HY_NEW_2031,PAK_N,HY,Water,3,2023,2031,60,120,0,10000000,0,0,1.8,12870,2.772,0,0,0,0,0,0,0,0,0,0,0,0,0,0,0
SHARMAI_HY_NEW_2031,PAK_N,HY,Water,3,2023,2031,60,115,0,10000000,0,0,4.6553333333,12870,2.772,0,0,0,0,0,0,0,0,0,0,0,0,0,0,0
ASRIT-KEDAM_HY_NEW_2031,PAK_N,HY,Water,3,2024,2031,60,215,0,10000000,0,0,1.888372093,12870,2.772,0,0,0,0,0,0,0,0,0,0,0,0,0,0,0
MADYAN_HY_NEW_2031,PAK_N,HY,Water,3,2025,2031,60,157,0,10000000,0,0,2.7898089172,12870,2.772,0,0,0,0,0,0,0,0,0,0,0,0,0,0,0
SHUROB_HY_NEW_2031,TAJ_N,HY,Water,3,2026,2031,60,850,0,10000000,0,0,1.9826,12870,2.772,0,0,0,0,0,0,0,0,0,0,0,0,0,0,0
BAGHDARA_HY_NEW_2031,NEPS_UZB,HY,Water,3,2021,2031,60,240,0,10000000,0,0,2.857,12870,2.772,0,0,0,0,0,0,0,0,0,0,0,0,0,0,0
DASHTIJUM_HY_NEW_2031,TAJ_S,HY,Water,3,2035,2031,60,756,0,10000000,0,0,2.4653,12870,2.772,0,0,0,0,0,0,0,0,0,0,0,0,0,0,0
KOKEMEREN-1_HY_NEW_2031,KGZ_S,HY,Water,3,2035,2031,60,360,0,10000000,0,0,4.4667,12870,2.772,0,0,0,0,0,0,0,0,0,0,0,0,0,0,0
KOKEMEREN-2_HY_NEW_2031,KGZ_S,HY,Water,3,2035,2031,60,912,0,10000000,0,0,1.6206,12870,2.772,0,0,0,0,0,0,0,0,0,0,0,0,0,0,0
KAMBARATA-1_HY_NEW_2031,KGZ_N,HY,Water,1,2032,2051,99,1860,0,10000000,0,0,1.5677,12870,2.772,0,0,0,0,0,0,0,0,0,0,0,0,0,0,0
FAN-YAGNOB_ST_NEW_2031,TAJ_N,ST,Coal,3,2023,2031,35,700,0,10000000,0,7.3954,2.25,54000,2.5,0,0,0,0,0,0,0,0,0,0,0,0,0,0,0
BUKHTARMASKAYA_HY_2031,KAZ_N,HY,Water,1,1962,2051,99,675,0,10000000,0,0,0,12870,2.772,0,0,0,0,0,0,0,0,0,0,0,0,0,0,0
FARKHAD_HY_2031,UZB,HY,Water,1,1949,2051,99,311,0,10000000,0,0,0,12870,2.772,0,0,0,0,0,0,0,0,0,0,0,0,0,0,0
GOLOVNAYA_HY_2031,TAJ_S,HY,Water,1,1963,2051,99,240,0,10000000,0,0,0,12870,2.772,0,0,0,0,0,0,0,0,0,0,0,0,0,0,0
KAIRAKKUM_HY_2031,TAJ_N,HY,Water,1,1957,2051,99,126,0,10000000,0,0,0,12870,2.772,0,0,0,0,0,0,0,0,0,0,0,0,0,0,0
TASHKENT_ST_2023,UZB,ST,Gas,1,1968,2030,55,1800,0,10000000,0,10.6293,0,10820,9.1000,0,0,0,0,0,0,0,0,0,0,0,0,0,0,0
NOVO-ANGREN_ST_2030,UZB,ST,Coal,1,1987,2047,60,1440,0,10000000,0,10.8317,0,31680,9.1000,0,0,0,0,0,0,0,0,0,0,0,0,0,0,0
NOVO-ANGREN_ST_2031,UZB,ST,Coal,1,2000,2051,60,240,0,10000000,0,10.8317,0,31680,9.1000,0,0,0,0,0,0,0,0,0,0,0,0,0,0,0
KARACHI _KARACHI NPP _(KANUPP)_ST_2023,PAK_KAR,ST,UR,1,1972,2032,60,0,0,10000000,0,8.3222986588,0,102960,16.83,0,0,0,0,0,0,0,0,0,0,0,0,0,0,0
KESC _SITE_ICE_2031,PAK_KAR,ICE,LNG,1,2011,2041,30,107,0,10000000,0,10.66,0,9405,3.861,0,0,0,0,0,0,0,0,0,0,0,0,0,0,0
KORANGI_ICE_2030,PAK_KAR,ICE,LNG,1,2010,2040,30,107,0,10000000,0,10.66,0,9405,3.861,0,0,0,0,0,0,0,0,0,0,0,0,0,0,0
KABANBAI _BATYR_PV_2031,KAZ_N,PV,Solar,1,2017,2042,25,100,0,10000000,0,0,0,13860,0,0,0,0,0,0,0,0,0,0,0,0,0,0,0,0
KARAGANDA _HPS-1_ST_2031,KAZ_N,ST,Coal,1,1992,2051,60,100,0,10000000,0,16.0023,0,31680,10.8900,0,0,0,0,0,0,0,0,0,0,0,0,0,0,0
FAISALABAD_GT_2023,PAK_N,GT,LNG,1,1975,2030,35,1153,0,10000000,0,7.589,0,11880,7.623,0,0,0,0,0,0,0,0,0,0,0,0,0,0,0
NAGHLU_HY_2031,NEPS_AFG,HY,Water,1,1967,2051,99,100,0,10000000,0,0,0,12870,2.772,0,0,0,0,0,0,0,0,0,0,0,0,0,0,0
SUKI _KANARI_HY_NEW_2031,PAK_N,HY,Water,3,2023,2031,60,870,0,10000000,0,0,2.0701149425,12870,2.772,0,0,0,0,0,0,0,0,0,0,0,0,0,0,0
KOTLI_HY_NEW_2031,PAK_N,HY,Water,3,2023,2031,60,100,0,10000000,0,0,1.8,12870,2.772,0,0,0,0,0,0,0,0,0,0,0,0,0,0,0
LOWER _PALAS_HY_NEW_2031,PAK_N,HY,Water,3,2025,2031,60,496,0,10000000,0,0,1.1473684211,12870,2.772,0,0,0,0,0,0,0,0,0,0,0,0,0,0,0
LOWER _LOWER SPAT _GAH_HY_NEW_2031,PAK_N,HY,Water,3,2025,2031,60,666,0,10000000,0,0,1.4052419355,12870,2.772,0,0,0,0,0,0,0,0,0,0,0,0,0,0,0
AKHROI _DAM_HY_NEW_2031,PAK_N,HY,Water,3,2023,2031,60,600,0,10000000,0,0,6.6833333333,12870,2.772,0,0,0,0,0,0,0,0,0,0,0,0,0,0,0
MUNDA _DAM_HY_NEW_2031,PAK_N,HY,Water,3,2019,2031,60,740,0,10000000,0,0,2.5,12870,2.772,0,0,0,0,0,0,0,0,0,0,0,0,0,0,0
AYNI _(ZARAFSHAN)_HY_NEW_2031,TAJ_N,HY,Water,3,2025,2031,60,240,0,10000000,0,0,1.9,12870,2.772,0,0,0,0,0,0,0,0,0,0,0,0,0,0,0
APPOLO _SOLAR_PV_2031,PAK_S,PV,Solar,1,2016,2041,25,100,0,10000000,0,0,0,13860,0,0,0,0,0,0,0,0,0,0,0,0,0,0,0,0
BEST _GREEN_PV_2031,PAK_S,PV,Solar,1,2016,2041,25,100,0,10000000,0,0,0,13860,0,0,0,0,0,0,0,0,0,0,0,0,0,0,0,0
Crest _Solar_PV_2031,PAK_S,PV,Solar,1,2016,2041,25,100,0,10000000,0,0,0,13860,0,0,0,0,0,0,0,0,0,0,0,0,0,0,0,0
UCH-KURGANSK_HY_2020,KGZ_S,HY,Water,1,1963,2051,99,120,0,10000000,0,0,0,12870,2.772,0,0,0,0,0,0,0,0,0,0,0,0,0,0,0
SAHIWAL _PROJECT_ST_NEW_2031,PAK_S,ST,Coal,1,2023,2051,60,1533.3333333333,0,10000000,0,8.1241486908,0,31680,10.89,0,0,0,0,0,0,0,0,0,0,0,0,0,0,0
KEYAL _KHWAR_HY_NEW_2031,PAK_N,HY,Water,1,2021,2051,99,122,0,10000000,0,0,0,12870,2.772,0,0,0,0,0,0,0,0,0,0,0,0,0,0,0
THAR _THAR BLOCK-II _THAL_ST_NEW_2031,PAK_S,ST,Coal,3,2020,2031,35,330,0,10000000,0,7.3954,2.25,54000,2.5,0,0,0,0,0,0,0,0,0,0,0,0,0,0,0
FANDARYA_HY_NEW_2031,TAJ_N,HY,Water,3,2025,2031,60,182,0,10000000,0,0,1.6718,12870,2.772,0,0,0,0,0,0,0,0,0,0,0,0,0,0,0
Sanobad_HY_NEW_2031,TAJ_S,HY,Water,3,2025,2031,60,125,0,10000000,0,0,2.24,12870,2.772,0,0,0,0,0,0,0,0,0,0,0,0,0,0,0
NUREK-2_HY_NEW_2031,TAJ_S,HY,Water,1,2022,2051,99,0,0,10000000,0,0,1.485,12870,2.772,0,0,0,0,0,0,0,0,0,0,0,0,0,0,0
YAVAN_HY_NEW_2031,TAJ_N,HY,Water,3,2023,2031,60,126,0,10000000,0,0,2.0278,12870,2.772,0,0,0,0,0,0,0,0,0,0,0,0,0,0,0
Jumar_HY_NEW_2031,TAJ_S,HY,Water,3,2028,2031,60,2000,0,10000000,0,0,1.8844,12870,2.772,0,0,0,0,0,0,0,0,0,0,0,0,0,0,0
Moskov_HY_NEW_2031,TAJ_S,HY,Water,3,2025,2031,60,800,0,10000000,0,0,1.87625,12870,2.772,0,0,0,0,0,0,0,0,0,0,0,0,0,0,0
Kokcha_HY_NEW_2031,TAJ_S,HY,Water,3,2025,2031,60,350,0,10000000,0,0,1.9737142857,12870,2.772,0,0,0,0,0,0,0,0,0,0,0,0,0,0,0
Sangvor __HY_NEW_2031,TAJ_S,HY,Water,3,2025,2031,60,160,0,10000000,0,0,2.183125,12870,2.772,0,0,0,0,0,0,0,0,0,0,0,0,0,0,0
Oburdon _Oburdon  __HY_NEW_2031,TAJ_N,HY,Water,3,2020,2031,60,120,0,10000000,0,0,2.1225,12870,2.772,0,0,0,0,0,0,0,0,0,0,0,0,0,0,0
Sangiston _Sangiston  __HY_NEW_2031,TAJ_N,HY,Water,3,2020,2031,60,140,0,10000000,0,0,2.0878571429,12870,2.772,0,0,0,0,0,0,0,0,0,0,0,0,0,0,0
Garms _Garms  __HY_NEW_2031,TAJ_S,HY,Water,3,2025,2031,60,120,0,10000000,0,0,2.0783333333,12870,2.772,0,0,0,0,0,0,0,0,0,0,0,0,0,0,0
Urfatin _Urfatin  __HY_NEW_2031,TAJ_S,HY,Water,3,2025,2031,60,160,0,10000000,0,0,2.178125,12870,2.772,0,0,0,0,0,0,0,0,0,0,0,0,0,0,0
Shtien _Shtien  __HY_NEW_2031,TAJ_S,HY,Water,3,2025,2031,60,160,0,10000000,0,0,2.178125,12870,2.772,0,0,0,0,0,0,0,0,0,0,0,0,0,0,0
Surobi-2_HY_NEW_2031,NEPS_AFG,HY,Water,3,2023,2031,60,180,0,10000000,0,0,3.883,12870,2.772,0,0,0,0,0,0,0,0,0,0,0,0,0,0,0
Kunar-A_HY_NEW_2031,NEPS_AFG,HY,Water,3,2022,2031,60,789,0,10000000,0,0,2.534,12870,2.772,0,0,0,0,0,0,0,0,0,0,0,0,0,0,0
Kukcha_HY_NEW_2031,NEPS_AFG,HY,Water,3,2022,2031,60,445,0,10000000,0,0,3.146,12870,2.772,0,0,0,0,0,0,0,0,0,0,0,0,0,0,0
Gulbahar_HY_NEW_2031,NEPS_UZB,HY,Water,3,2025,2031,60,120,0,10000000,0,0,4.167,12870,2.772,0,0,0,0,0,0,0,0,0,0,0,0,0,0,0
Capar_HY_NEW_2031,NEPS_UZB,HY,Water,3,2027,2031,60,116,0,10000000,0,0,3.879,12870,2.772,0,0,0,0,0,0,0,0,0,0,0,0,0,0,0
Kunar-B_HY_NEW_2031,NEPS_AFG,HY,Water,3,2021,2031,60,300,0,10000000,0,0,2,12870,2.772,0,0,0,0,0,0,0,0,0,0,0,0,0,0,0
UCH-KURGANSK_HY_NEW_2031,KGZ_S,HY,Water,1,2021,2051,99,220,0,10000000,0,0,0,12870,2.772,0,0,0,0,0,0,0,0,0,0,0,0,0,0,0
NARYN_HY_NEW_2031,KGZ_N,HY,Water,3,2035,2031,60,237.7,0,10000000,0,0,3.0627,12870,2.772,0,0,0,0,0,0,0,0,0,0,0,0,0,0,0
Hodjikent_PSH_2_HY_NEW_2031,UZB,HY,Water,3,2024,2031,60,200,0,10000000,0,0,3,12870,2.772,0,0,0,0,0,0,0,0,0,0,0,0,0,0,0
HPP_in_Pskem_1_HY_NEW_2031,UZB,HY,Water,3,2026,2031,60,240,0,10000000,0,0,3,12870,2.772,0,0,0,0,0,0,0,0,0,0,0,0,0,0,0
HPP_in_Pskem_2_HY_NEW_2031,UZB,HY,Water,3,2027,2031,60,404,0,10000000,0,0,3,12870,2.772,0,0,0,0,0,0,0,0,0,0,0,0,0,0,0
HPP_in_Pskem_3_HY_NEW_2031,UZB,HY,Water,3,2028,2031,60,260,0,10000000,0,0,3,12870,2.772,0,0,0,0,0,0,0,0,0,0,0,0,0,0,0
HPP_in_Pskem_4_HY_NEW_2031,UZB,HY,Water,3,2029,2031,60,220,0,10000000,0,0,3,12870,2.772,0,0,0,0,0,0,0,0,0,0,0,0,0,0,0
HPP_in_Pskem_5_HY_NEW_2031,UZB,HY,Water,3,2030,2031,60,300,0,10000000,0,0,3,12870,2.772,0,0,0,0,0,0,0,0,0,0,0,0,0,0,0
HAVELI _HAVELI BAHADUR _SHAH_CCGT_NEW_2031,PAK_N,CCGT,Gas,1,2018,2051,35,0,0,10000000,0,5.9862148248,0,12870,3.465,0,0,0,0,0,0,0,0,0,0,0,0,0,0,0
CHASHMA _(CHASNUPP)_ST_NEW_2031,PAK_N,ST,UR,3,2024,2031,60,1100,0,10000000,0,10.3394,6,70204,0.67,0,0,0,0,0,0,0,0,0,0,0,0,0,0,0
GOLEN _GOL_HY_NEW_2031,PAK_N,HY,Water,1,2021,2051,99,526,0,10000000,0,0,0,12870,2.772,0,0,0,0,0,0,0,0,0,0,0,0,0,0,0
NEELUM-JHELUM_HY_NEW_2031,PAK_N,HY,Water,1,2026,2051,99,969,0,10000000,0,0,0,12870,2.772,0,0,0,0,0,0,0,0,0,0,0,0,0,0,0
TARBELA-IV_HY_NEW_2031,PAK_N,HY,Water,1,2026,2051,99,1410,0,10000000,0,0,0,12870,2.772,0,0,0,0,0,0,0,0,0,0,0,0,0,0,0
NUREK_1_HY_2022,TAJ_S,HY,Water,1,1972,2025,53,270,0,10000000,0,0,0,12870,2.772,0,0,0,0,0,0,0,0,0,0,0,0,0,0,0
NUREK_2_HY_2019,TAJ_S,HY,Water,1,1972,2022,50,270,0,10000000,0,0,0,12870,2.772,0,0,0,0,0,0,0,0,0,0,0,0,0,0,0
NUREK_3_HY_2023,TAJ_S,HY,Water,1,1973,2026,53,300,0,10000000,0,0,0,12870,2.772,0,0,0,0,0,0,0,0,0,0,0,0,0,0,0
NUREK_4_HY_2024,TAJ_S,HY,Water,1,1976,2027,51,300,0,10000000,0,0,0,12870,2.772,0,0,0,0,0,0,0,0,0,0,0,0,0,0,0
NUREK_5_HY_2020,TAJ_S,HY,Water,1,1977,2023,46,280,0,10000000,0,0,0,12870,2.772,0,0,0,0,0,0,0,0,0,0,0,0,0,0,0
NUREK_6_HY_2025,TAJ_S,HY,Water,1,1978,2028,50,300,0,10000000,0,0,0,12870,2.772,0,0,0,0,0,0,0,0,0,0,0,0,0,0,0
NUREK_7_HY_2021,TAJ_S,HY,Water,1,1979,2024,45,300,0,10000000,0,0,0,12870,2.772,0,0,0,0,0,0,0,0,0,0,0,0,0,0,0
NUREK_8_HY_2031,TAJ_S,HY,Water,1,2022,2051,99,340,0,10000000,0,0,0,12870,2.772,0,0,0,0,0,0,0,0,0,0,0,0,0,0,0
NUREK_9_HY_2026,TAJ_S,HY,Water,1,1979,2029,50,300,0,10000000,0,0,0,12870,2.772,0,0,0,0,0,0,0,0,0,0,0,0,0,0,0
NUREK_NUREK1-_REHAB_HY_NEW_2031,TAJ_S,HY,Water,1,2027,2051,99,333,0,10000000,0,0,0,12870,2.772,0,0,0,0,0,0,0,0,0,0,0,0,0,0,0
NUREK_NUREK2-_REHAB_HY_NEW_2031,TAJ_S,HY,Water,1,2024,2051,99,333,0,10000000,0,0,0,12870,2.772,0,0,0,0,0,0,0,0,0,0,0,0,0,0,0
NUREK_NUREK3-_REHAB_HY_NEW_2031,TAJ_S,HY,Water,1,2028,2051,99,333,0,10000000,0,0,0,12870,2.772,0,0,0,0,0,0,0,0,0,0,0,0,0,0,0
NUREK_NUREK4-_REHAB_HY_NEW_2031,TAJ_S,HY,Water,1,2029,2051,99,333,0,10000000,0,0,0,12870,2.772,0,0,0,0,0,0,0,0,0,0,0,0,0,0,0
NUREK_NUREK5-_REHAB_HY_NEW_2031,TAJ_S,HY,Water,1,2025,2051,99,333,0,10000000,0,0,0,12870,2.772,0,0,0,0,0,0,0,0,0,0,0,0,0,0,0
NUREK_6-REHAB_HY_NEW_2031,TAJ_S,HY,Water,1,2030,2051,99,333,0,10000000,0,0,0,12870,2.772,0,0,0,0,0,0,0,0,0,0,0,0,0,0,0
NUREK_7-REHAB_HY_NEW_2031,TAJ_S,HY,Water,1,2026,2051,99,333,0,10000000,0,0,0,12870,2.772,0,0,0,0,0,0,0,0,0,0,0,0,0,0,0
NUREK_9-REHAB_HY_NEW_2031,TAJ_S,HY,Water,1,2031,2051,99,333,0,10000000,0,0,0,12870,2.772,0,0,0,0,0,0,0,0,0,0,0,0,0,0,0
ROGUN_1_HY_NEW_2031,TAJ_S,HY,Water,1,2019,2051,99,600,0,10000000,0,0,0,12870,2.772,0,0,0,0,0,0,0,0,0,0,0,0,0,0,0
ROGUN_2_HY_NEW_2031,TAJ_S,HY,Water,1,2021,2051,99,600,0,10000000,0,0,0,12870,2.772,0,0,0,0,0,0,0,0,0,0,0,0,0,0,0
ROGUN_3_HY_NEW_2031,TAJ_S,HY,Water,1,2023,2051,99,600,0,10000000,0,0,0,12870,2.772,0,0,0,0,0,0,0,0,0,0,0,0,0,0,0
ROGUN_4_HY_NEW_2031,TAJ_S,HY,Water,1,2025,2051,99,600,0,10000000,0,0,0,12870,2.772,0,0,0,0,0,0,0,0,0,0,0,0,0,0,0
ROGUN_5_HY_NEW_2031,TAJ_S,HY,Water,1,2027,2051,99,600,0,10000000,0,0,0,12870,2.772,0,0,0,0,0,0,0,0,0,0,0,0,0,0,0
ROGUN_6_HY_NEW_2031,TAJ_S,HY,Water,1,2029,2051,99,600,0,10000000,0,0,0,12870,2.772,0,0,0,0,0,0,0,0,0,0,0,0,0,0,0
PAK_S_WT_2031,PAK_S,WT,Wind,1,2014,2039,25,934,0,10000000,0,0,0,22770,0,0,0,0,0,0,0,0,0,0,0,0,0,0,0,0
FWEL_WT_2031,PAK_S,WT,Wind,1,2014,2039,25,250,0,10000000,0,0,0,22770,0,0,0,0,0,0,0,0,0,0,0,0,0,0,0,0
JHAMPIR _TRICON_WT_NEW_2031,PAK_S,WT,Wind,1,2019,2044,25,0,0,10000000,0,0,0,22770,0,0,0,0,0,0,0,0,0,0,0,0,0,0,0,0
KAZ_N_ST_Coal_cand,KAZ_N,ST,Coal,3,2022,2031,35,8615.02,0,344.601,0,7.3954,2.25,54000,2.5,0,0,0,0,0,0,0,0,0,0,0,0,0,0,0
KAZ_N_CCGT_Gas_cand,KAZ_N,CCGT,Gas,3,2021,2031,25,14358.4,0,574.335,0,5.5266,0.85,23000,1.7,0,0,0,0,0,0,0,0,0,0,0,0,0,0,0
KAZ_N_CHP_Coal_cand,KAZ_N,CHP,Coal,3,2022,2031,30,8615.02,0,344.601,0,9.7489784289,2.3,31680,12.87,0,0,0,0,0,0,0,0,0,0,0,0,0,0,0
KAZ_N_GT_Gas_cand,KAZ_N,GT,Gas,3,2020,2031,25,14358.4,0,574.335,0,8.3839,0.48,24500,3.4,0,0,0,0,0,0,0,0,0,0,0,0,0,0,0
KAZ_N_HY_Water_cand,KAZ_N,HY,Water,3,2022,2031,60,5743.35,0,229.734,0,0,2.4,12870,2.772,0,0,0,0,0,0,0,0,0,0,0,0,0,0,0
KAZ_N_PV_Solar_cand,KAZ_N,PV,Solar,3,2019,2031,25,53583.9,0,2143.36,0,0,0.8,13860,0,0,0,0,0,0,0,0,0,0,0,0,0,0,0,0
KAZ_N_PV_Solar_cand_2031,KAZ_N,PV,Solar,3,2031,2031,25,42867.2,0,2143.36,0,0,0.8,13860,0,0,0,0,0,0,0,0,0,0,0,0,0,0,0,0
KAZ_N_WT_Wind_cand,KAZ_N,WT,Wind,3,2020,2031,25,53583.9,0,2143.36,0,0,1.432,22770,0,0,0,0,0,0,0,0,0,0,0,0,0,0,0,0
KAZ_N_WT_Wind_cand_2031,KAZ_N,WT,Wind,3,2031,2031,25,42867.2,0,2143.36,0,0,1.432,22770,0,0,0,0,0,0,0,0,0,0,0,0,0,0,0,0
KAZ_N_ICE_HFO_cand,KAZ_N,ICE,HFO,3,2019,2031,25,14358.4,0,574.335,0,7.2596,0.65,12500,5,0,0,0,0,0,0,0,0,0,0,0,0,0,0,0
KAZ_N_ST_UR_cand,KAZ_N,ST,UR,3,2035,2031,60,3675.74,0,229.734,0,10.3394,6,70204,0.67,0,0,0,0,0,0,0,0,0,0,0,0,0,0,0
KAZ_S_ST_Coal_cand,KAZ_S,ST,Coal_KAZ_S,3,2022,2031,35,7500,0,300,0,7.3954,2.25,54000,2.5,0,0,0,0,0,0,0,0,0,0,0,0,0,0,0
KAZ_S_CCGT_Gas_cand,KAZ_S,CCGT,Gas,3,2021,2031,25,10000,0,400,0,5.5266,0.85,23000,1.7,0,0,0,0,0,0,0,0,0,0,0,0,0,0,0
KAZ_S_CHP_Gas_cand,KAZ_S,CHP,Gas,3,2022,2031,25,3443.17,0,137.727,0,8.8712,1.1,30500,1.8,0,0,0,0,0,0,0,0,0,0,0,0,0,0,0
KAZ_S_GT_Gas_cand,KAZ_S,GT,Gas,3,2020,2031,25,5738.62,0,229.545,0,8.3839,0.48,24500,3.4,0,0,0,0,0,0,0,0,0,0,0,0,0,0,0
KAZ_S_HY_Water_cand,KAZ_S,HY,Water,3,2022,2031,60,2295.45,0,91.818,0,0,2.4,12870,2.772,0,0,0,0,0,0,0,0,0,0,0,0,0,0,0
KAZ_S_PV_Solar_cand,KAZ_S,PV,Solar,3,2019,2031,25,21416.1,0,856.642,0,0,0.8,13860,0,0,0,0,0,0,0,0,0,0,0,0,0,0,0,0
KAZ_S_PV_Solar_cand_2031,KAZ_S,PV,Solar,3,2031,2031,25,17132.8,0,856.642,0,0,0.8,13860,0,0,0,0,0,0,0,0,0,0,0,0,0,0,0,0
KAZ_S_WT_Wind_cand,KAZ_S,WT,Wind,3,2020,2031,25,21416.1,0,856.642,0,0,1.432,22770,0,0,0,0,0,0,0,0,0,0,0,0,0,0,0,0
KAZ_S_WT_Wind_cand_2031,KAZ_S,WT,Wind,3,2031,2031,25,17132.8,0,856.642,0,0,1.432,22770,0,0,0,0,0,0,0,0,0,0,0,0,0,0,0,0
KAZ_S_ICE_HFO_cand,KAZ_S,ICE,HFO,3,2019,2031,25,5738.62,0,229.545,0,7.2596,0.65,12500,5,0,0,0,0,0,0,0,0,0,0,0,0,0,0,0
KAZ_S_ST_UR_cand,KAZ_S,ST,UR,3,2035,2031,60,1469.09,0,91.818,0,10.3394,6,70204,0.67,0,0,0,0,0,0,0,0,0,0,0,0,0,0,0
KGZ_N_ST_Coal_cand,KGZ_N,ST,Coal,3,2022,2031,35,7500,0,300,0,7.3954,2.25,54000,2.5,0,0,0,0,0,0,0,0,0,0,0,0,0,0,0
KGZ_N_CCGT_Gas_cand,KGZ_N,CCGT,Gas,3,2021,2031,25,10000,0,400,0,5.5266,0.85,23000,1.7,0,0,0,0,0,0,0,0,0,0,0,0,0,0,0
KGZ_N_CHP_Gas_cand,KGZ_N,CHP,Gas,3,2022,2031,25,2500,0,100,0,8.8712,1.1,30500,1.8,0,0,0,0,0,0,0,0,0,0,0,0,0,0,0
KGZ_N_GT_Gas_cand,KGZ_N,GT,Gas,3,2020,2031,25,5000,0,200,0,8.3839,0.48,24500,3.4,0,0,0,0,0,0,0,0,0,0,0,0,0,0,0
KGZ_N_PV_Solar_cand,KGZ_N,PV,Solar,3,2019,2031,25,7794.14,0,311.765,0,0,0.8,13860,0,0,0,0,0,0,0,0,0,0,0,0,0,0,0,0
KGZ_N_PV_Solar_cand_2031,KGZ_N,PV,Solar,3,2031,2031,25,12470.6,0,623.531,0,0,0.8,13860,0,0,0,0,0,0,0,0,0,0,0,0,0,0,0,0
KGZ_N_WT_Wind_cand,KGZ_N,WT,Wind,3,2020,2031,25,7794.14,0,311.765,0,0,1.432,22770,0,0,0,0,0,0,0,0,0,0,0,0,0,0,0,0
KGZ_N_WT_Wind_cand_2031,KGZ_N,WT,Wind,3,2031,2031,25,12470.6,0,623.531,0,0,1.432,22770,0,0,0,0,0,0,0,0,0,0,0,0,0,0,0,0
KGZ_N_ICE_HFO_cand,KGZ_N,ICE,HFO,3,2019,2031,25,3156,0,126.24,0,7.2596,0.65,12500,5,0,0,0,0,0,0,0,0,0,0,0,0,0,0,0
KGZ_S_ST_Coal_cand,KGZ_S,ST,Coal,3,2022,2031,35,7500,0,300,0,7.3954,2.25,54000,2.5,0,0,0,0,0,0,0,0,0,0,0,0,0,0,0
KGZ_S_CCGT_Gas_cand,KGZ_S,CCGT,Gas,3,2021,2031,25,10000,0,400,0,5.5266,0.85,23000,1.7,0,0,0,0,0,0,0,0,0,0,0,0,0,0,0
KGZ_S_CHP_Gas_cand,KGZ_S,CHP,Gas,3,2022,2031,25,2500,0,100,0,8.8712,1.1,30500,1.8,0,0,0,0,0,0,0,0,0,0,0,0,0,0,0
KGZ_S_GT_Gas_cand,KGZ_S,GT,Gas,3,2020,2031,25,5000,0,200,0,8.3839,0.48,24500,3.4,0,0,0,0,0,0,0,0,0,0,0,0,0,0,0
KGZ_S_PV_Solar_cand,KGZ_S,PV,Solar,3,2019,2031,25,4705.86,0,188.235,0,0,0.8,13860,0,0,0,0,0,0,0,0,0,0,0,0,0,0,0,0
KGZ_S_PV_Solar_cand_2031,KGZ_S,PV,Solar,3,2031,2031,25,7529.38,0,376.469,0,0,0.8,13860,0,0,0,0,0,0,0,0,0,0,0,0,0,0,0,0
KGZ_S_WT_Wind_cand,KGZ_S,WT,Wind,3,2020,2031,25,4705.86,0,188.235,0,0,1.432,22770,0,0,0,0,0,0,0,0,0,0,0,0,0,0,0,0
KGZ_S_WT_Wind_cand_2031,KGZ_S,WT,Wind,3,2031,2031,25,7529.38,0,376.469,0,0,1.432,22770,0,0,0,0,0,0,0,0,0,0,0,0,0,0,0,0
KGZ_S_ICE_HFO_cand,KGZ_S,ICE,HFO,3,2019,2031,25,2500,0,100,0,7.2596,0.65,12500,5,0,0,0,0,0,0,0,0,0,0,0,0,0,0,0
NEPS_AFG_ST_Coal_cand,NEPS_AFG,ST,Coal,3,2022,2031,35,7500,0,300,0,7.3954,2.25,54000,2.5,0,0,0,0,0,0,0,0,0,0,0,0,0,0,0
NEPS_AFG_CCGT_Gas_cand,NEPS_AFG,CCGT,Gas,3,2021,2031,25,10000,0,400,0,5.5266,0.85,23000,1.7,0,0,0,0,0,0,0,0,0,0,0,0,0,0,0
NEPS_AFG_GT_Gas_cand,NEPS_AFG,GT,Gas,3,2020,2031,25,5000,0,200,0,8.3839,0.48,24500,3.4,0,0,0,0,0,0,0,0,0,0,0,0,0,0,0
NEPS_AFG_PV_Solar_cand,NEPS_AFG,PV,Solar,3,2020,2031,25,5930.78,0,237.231,0,0,0.8,13860,0,0,0,0,0,0,0,0,0,0,0,0,0,0,0,0
NEPS_AFG_ICE_HFO_cand,NEPS_AFG,ICE,HFO,3,2020,2031,25,2500,0,100,0,7.2596,0.65,12500,5,0,0,0,0,0,0,0,0,0,0,0,0,0,0,0
NEPS_TAJ_ST_Coal_cand,NEPS_TAJ,ST,Coal,3,2022,2031,35,7500,0,300,0,7.3954,2.25,54000,2.5,0,0,0,0,0,0,0,0,0,0,0,0,0,0,0
NEPS_TAJ_CCGT_Gas_cand,NEPS_TAJ,CCGT,Gas,3,2021,2031,25,10000,0,400,0,5.5266,0.85,23000,1.7,0,0,0,0,0,0,0,0,0,0,0,0,0,0,0
NEPS_TAJ_GT_Gas_cand,NEPS_TAJ,GT,Gas,3,2020,2031,25,5000,0,200,0,8.3839,0.48,24500,3.4,0,0,0,0,0,0,0,0,0,0,0,0,0,0,0
NEPS_TAJ_PV_Solar_cand,NEPS_TAJ,PV,Solar,3,2020,2031,25,1617.34,0,64.6937,0,0,0.8,13860,0,0,0,0,0,0,0,0,0,0,0,0,0,0,0,0
NEPS_TAJ_ICE_HFO_cand,NEPS_TAJ,ICE,HFO,3,2020,2031,25,2500,0,100,0,7.2596,0.65,12500,5,0,0,0,0,0,0,0,0,0,0,0,0,0,0,0
NEPS_TKM_ST_Coal_cand,NEPS_TKM,ST,Coal,3,2022,2031,35,7500,0,300,0,7.3954,2.25,54000,2.5,0,0,0,0,0,0,0,0,0,0,0,0,0,0,0
NEPS_TKM_CCGT_Gas_cand,NEPS_TKM,CCGT,Gas,3,2021,2031,25,10000,0,400,0,5.5266,0.85,23000,1.7,0,0,0,0,0,0,0,0,0,0,0,0,0,0,0
NEPS_TKM_GT_Gas_cand,NEPS_TKM,GT,Gas,3,2020,2031,25,5000,0,200,0,8.3839,0.48,24500,3.4,0,0,0,0,0,0,0,0,0,0,0,0,0,0,0
NEPS_TKM_PV_Solar_cand,NEPS_TKM,PV,Solar,3,2020,2031,25,670.289,0,26.8115,0,0,0.8,13860,0,0,0,0,0,0,0,0,0,0,0,0,0,0,0,0
NEPS_TKM_ICE_HFO_cand,NEPS_TKM,ICE,HFO,3,2020,2031,25,2500,0,100,0,7.2596,0.65,12500,5,0,0,0,0,0,0,0,0,0,0,0,0,0,0,0
NEPS_UZB_ST_Coal_cand,NEPS_UZB,ST,Coal,3,2022,2031,35,7500,0,300,0,7.3954,2.25,54000,2.5,0,0,0,0,0,0,0,0,0,0,0,0,0,0,0
NEPS_UZB_CCGT_Gas_cand,NEPS_UZB,CCGT,Gas,3,2021,2031,25,10000,0,400,0,5.5266,0.85,23000,1.7,0,0,0,0,0,0,0,0,0,0,0,0,0,0,0
NEPS_UZB_GT_Gas_cand,NEPS_UZB,GT,Gas,3,2020,2031,25,5000,0,200,0,8.3839,0.48,24500,3.4,0,0,0,0,0,0,0,0,0,0,0,0,0,0,0
NEPS_UZB_PV_Solar_cand,NEPS_UZB,PV,Solar,3,2020,2031,25,1617.34,0,64.6937,0,0,0.8,13860,0,0,0,0,0,0,0,0,0,0,0,0,0,0,0,0
NEPS_UZB_ICE_HFO_cand,NEPS_UZB,ICE,HFO,3,2020,2031,25,2500,0,100,0,7.2596,0.65,12500,5,0,0,0,0,0,0,0,0,0,0,0,0,0,0,0
PAK_KAR_ST_Coal_cand,PAK_KAR,ST,Coal,3,2022,2031,35,7500,0,300,0,7.3954,2.25,54000,2.5,0,0,0,0,0,0,0,0,0,0,0,0,0,0,0
PAK_KAR_CCGT_Gas_cand,PAK_KAR,CCGT,Gas,3,2021,2031,25,10000,0,400,0,5.5266,0.85,23000,1.7,0,0,0,0,0,0,0,0,0,0,0,0,0,0,0
PAK_KAR_GT_Gas_cand,PAK_KAR,GT,Gas,3,2020,2031,25,5020.38,0,200.815,0,8.3839,0.48,24500,3.4,0,0,0,0,0,0,0,0,0,0,0,0,0,0,0
PAK_KAR_CCGT_LNG_cand,PAK_KAR,CCGT,LNG,3,2021,2031,25,10000,0,400,0,5.5266,0.85,23000,1.7,0,0,0,0,0,0,0,0,0,0,0,0,0,0,0
PAK_KAR_GT_LNG_cand,PAK_KAR,GT,LNG,3,2020,2031,25,5020.38,0,200.815,0,8.3839,0.48,24500,3.4,0,0,0,0,0,0,0,0,0,0,0,0,0,0,0
PAK_KAR_PV_Solar_cand,PAK_KAR,PV,Solar,3,2019,2031,25,15789.3,0,631.573,0,0,0.8,13860,0,0,0,0,0,0,0,0,0,0,0,0,0,0,0,0
PAK_KAR_WT_Wind_cand,PAK_KAR,WT,Wind,3,2020,2031,25,15789.3,0,631.573,0,0,1.432,22770,0,0,0,0,0,0,0,0,0,0,0,0,0,0,0,0
PAK_KAR_ST_HFO_cand,PAK_KAR,ST,HFO,3,2022,2031,40,7500,0,300,0,9.32,0.97,25000,1.71845976,0,0,0,0,0,0,0,0,0,0,0,0,0,0,0
PAK_N_ST_Coal_cand,PAK_N,ST,Coal,3,2022,2031,35,13618.6,0,544.746,0,7.3954,2.25,54000,2.5,0,0,0,0,0,0,0,0,0,0,0,0,0,0,0
PAK_N_CCGT_Gas_cand,PAK_N,CCGT,Gas,3,2021,2031,25,22697.8,0,907.91,0,5.5266,0.85,23000,1.7,0,0,0,0,0,0,0,0,0,0,0,0,0,0,0
PAK_N_GT_Gas_cand,PAK_N,GT,Gas,3,2020,2031,25,22697.8,0,907.91,0,8.3839,0.48,24500,3.4,0,0,0,0,0,0,0,0,0,0,0,0,0,0,0
PAK_N_CCGT_LNG_cand,PAK_N,CCGT,LNG,3,2021,2031,25,22697.8,0,907.91,0,5.5266,0.85,23000,1.7,0,0,0,0,0,0,0,0,0,0,0,0,0,0,0
PAK_N_GT_LNG_cand,PAK_N,GT,LNG,3,2020,2031,25,22697.8,0,907.91,0,8.3839,0.48,24500,3.4,0,0,0,0,0,0,0,0,0,0,0,0,0,0,0
PAK_N_PV_Solar_cand,PAK_N,PV,Solar,3,2019,2031,25,71385.6,0,2855.42,0,0,0.8,13860,0,0,0,0,0,0,0,0,0,0,0,0,0,0,0,0
PAK_N_WT_Wind_cand,PAK_N,WT,Wind,3,2020,2031,25,71385.6,0,2855.42,0,0,1.432,22770,0,0,0,0,0,0,0,0,0,0,0,0,0,0,0,0
PAK_N_ST_HFO_cand,PAK_N,ST,HFO,3,2022,2031,40,13618.6,0,544.746,0,9.32,0.97,25000,1.71845976,0,0,0,0,0,0,0,0,0,0,0,0,0,0,0
PAK_S_ST_Coal_cand,PAK_S,ST,Coal,3,2022,2031,35,8707.27,0,348.291,0,7.3954,2.25,54000,2.5,0,0,0,0,0,0,0,0,0,0,0,0,0,0,0
PAK_S_CCGT_LNG_cand,PAK_S,CCGT,LNG,3,2021,2031,25,14512.1,0,580.485,0,5.5266,0.85,23000,1.7,0,0,0,0,0,0,0,0,0,0,0,0,0,0,0
PAK_S_GT_LNG_cand,PAK_S,GT,LNG,3,2020,2031,25,14512.1,0,580.485,0,8.3839,0.48,24500,3.4,0,0,0,0,0,0,0,0,0,0,0,0,0,0,0
PAK_S_CCGT_Gas_cand,PAK_S,CCGT,Gas,3,2021,2031,25,14512.1,0,580.485,0,5.5266,0.85,23000,1.7,0,0,0,0,0,0,0,0,0,0,0,0,0,0,0
PAK_S_GT_Gas_cand,PAK_S,GT,Gas,3,2020,2031,25,14512.1,0,580.485,0,8.3839,0.48,24500,3.4,0,0,0,0,0,0,0,0,0,0,0,0,0,0,0
PAK_S_PV_Solar_cand,PAK_S,PV,Solar,3,2019,2031,25,45641.4,0,1825.65,0,0,0.8,13860,0,0,0,0,0,0,0,0,0,0,0,0,0,0,0,0
PAK_S_WT_Wind_cand,PAK_S,WT,Wind,3,2020,2031,25,45641.4,0,1825.65,0,0,1.432,22770,0,0,0,0,0,0,0,0,0,0,0,0,0,0,0,0
PAK_S_ST_HFO_cand,PAK_S,ST,HFO,3,2022,2031,40,8707.27,0,348.291,0,9.32,0.97,25000,1.71845976,0,0,0,0,0,0,0,0,0,0,0,0,0,0,0
TAJ_N_ST_Coal_cand,TAJ_N,ST,Coal,3,2022,2031,35,7500,0,300,0,7.3954,2.25,54000,2.5,0,0,0,0,0,0,0,0,0,0,0,0,0,0,0
TAJ_N_CCGT_Gas_cand,TAJ_N,CCGT,Gas,3,2021,2031,25,10000,0,400,0,5.5266,0.85,23000,1.7,0,0,0,0,0,0,0,0,0,0,0,0,0,0,0
TAJ_N_CHP_Coal_cand,TAJ_N,CHP,Coal,3,2022,2031,30,2500,0,100,0,9.7489784289,2.3,31680,12.87,0,0,0,0,0,0,0,0,0,0,0,0,0,0,0
TAJ_N_GT_Gas_cand,TAJ_N,GT,Gas,3,2020,2031,25,5000,0,200,0,8.3839,0.48,24500,3.4,0,0,0,0,0,0,0,0,0,0,0,0,0,0,0
TAJ_N_PV_Solar_cand,TAJ_N,PV,Solar,3,2019,2031,25,3155.73,0,126.229,0,0,0.8,13860,0,0,0,0,0,0,0,0,0,0,0,0,0,0,0,0
TAJ_N_PV_Solar_cand_2031,TAJ_N,PV,Solar,3,2031,2031,25,5049.17,0,252.459,0,0,0.8,13860,0,0,0,0,0,0,0,0,0,0,0,0,0,0,0,0
TAJ_N_WT_Wind_cand,TAJ_N,WT,Wind,3,2020,2031,25,3155.73,0,126.229,0,0,1.432,22770,0,0,0,0,0,0,0,0,0,0,0,0,0,0,0,0
TAJ_N_WT_Wind_cand_2031,TAJ_N,WT,Wind,3,2031,2031,25,5049.17,0,252.459,0,0,1.432,22770,0,0,0,0,0,0,0,0,0,0,0,0,0,0,0,0
TAJ_N_ICE_HFO_cand,TAJ_N,ICE,HFO,3,2019,2031,25,2500,0,100,0,7.2596,0.65,12500,5,0,0,0,0,0,0,0,0,0,0,0,0,0,0,0
TAJ_S_ST_Coal_cand,TAJ_S,ST,Coal,3,2022,2031,35,7500,0,300,0,7.3954,2.25,54000,2.5,0,0,0,0,0,0,0,0,0,0,0,0,0,0,0
TAJ_S_CCGT_Gas_cand,TAJ_S,CCGT,Gas,3,2021,2031,25,10000,0,400,0,5.5266,0.85,23000,1.7,0,0,0,0,0,0,0,0,0,0,0,0,0,0,0
TAJ_S_CHP_Coal_cand,TAJ_S,CHP,Coal,3,2022,2031,30,2500,0,100,0,9.7489784289,2.3,31680,12.87,0,0,0,0,0,0,0,0,0,0,0,0,0,0,0
TAJ_S_GT_Gas_cand,TAJ_S,GT,Gas,3,2020,2031,25,5000,0,200,0,8.3839,0.48,24500,3.4,0,0,0,0,0,0,0,0,0,0,0,0,0,0,0
TAJ_S_PV_Solar_cand,TAJ_S,PV,Solar,3,2019,2031,25,9344.27,0,373.771,0,0,0.8,13860,0,0,0,0,0,0,0,0,0,0,0,0,0,0,0,0
TAJ_S_PV_Solar_cand_2031,TAJ_S,PV,Solar,3,2031,2031,25,14950.8,0,747.541,0,0,0.8,13860,0,0,0,0,0,0,0,0,0,0,0,0,0,0,0,0
TAJ_S_WT_Wind_cand,TAJ_S,WT,Wind,3,2020,2031,25,9344.27,0,373.771,0,0,1.432,22770,0,0,0,0,0,0,0,0,0,0,0,0,0,0,0,0
TAJ_S_WT_Wind_cand_2031,TAJ_S,WT,Wind,3,2031,2031,25,14950.8,0,747.541,0,0,1.432,22770,0,0,0,0,0,0,0,0,0,0,0,0,0,0,0,0
TAJ_S_ICE_HFO_cand,TAJ_S,ICE,HFO,3,2019,2031,25,4025.75,0,161.03,0,7.2596,0.65,12500,5,0,0,0,0,0,0,0,0,0,0,0,0,0,0,0
TUR_ST_Coal_cand,TUR,ST,Coal,3,2022,2031,35,7500,0,300,0,7.3954,2.25,54000,2.5,0,0,0,0,0,0,0,0,0,0,0,0,0,0,0
TUR_CCGT_Gas_cand,TUR,CCGT,Gas,3,2021,2031,25,10000,0,400,0,5.5266,0.85,23000,1.7,0,0,0,0,0,0,0,0,0,0,0,0,0,0,0
TUR_CHP_Gas_cand,TUR,CHP,Gas,3,2022,2031,25,2500,0,100,0,8.8712,1.1,30500,1.8,0,0,0,0,0,0,0,0,0,0,0,0,0,0,0
TUR_GT_Gas_cand,TUR,GT,Gas,3,2020,2031,25,5000,0,200,0,8.3839,0.48,24500,3.4,0,0,0,0,0,0,0,0,0,0,0,0,0,0,0
TUR_PV_Solar_cand,TUR,PV,Solar,3,2019,2031,25,12500,0,500,0,0,0.8,13860,0,0,0,0,0,0,0,0,0,0,0,0,0,0,0,0
TUR_PV_Solar_cand_2031,TUR,PV,Solar,3,2031,2031,25,50000,0,2500,0,0,0.8,13860,0,0,0,0,0,0,0,0,0,0,0,0,0,0,0,0
TUR_WT_Wind_cand,TUR,WT,Wind,3,2020,2031,25,12500,0,500,0,0,1.432,22770,0,0,0,0,0,0,0,0,0,0,0,0,0,0,0,0
TUR_WT_Wind_cand_2031,TUR,WT,Wind,3,2031,2031,25,50000,0,2500,0,0,1.432,22770,0,0,0,0,0,0,0,0,0,0,0,0,0,0,0,0
TUR_ICE_HFO_cand,TUR,ICE,HFO,3,2019,2031,25,3974.5,0,158.98,0,7.2596,0.65,12500,5,0,0,0,0,0,0,0,0,0,0,0,0,0,0,0
UZB_ST_Coal_cand,UZB,ST,Coal,3,2022,2031,35,9666.52,0,386.661,0,7.3954,2.25,54000,2.5,0,0,0,0,0,0,0,0,0,0,0,0,0,0,0
UZB_CCGT_Gas_cand,UZB,CCGT,Gas,3,2021,2031,25,16110.9,0,644.435,0,5.5266,0.85,23000,1.7,0,0,0,0,0,0,0,0,0,0,0,0,0,0,0
UZB_CHP_Gas_cand,UZB,CHP,Gas,3,2022,2031,25,9666.52,0,386.661,0,8.8712,1.1,30500,1.8,0,0,0,0,0,0,0,0,0,0,0,0,0,0,0
UZB_GT_Gas_cand,UZB,GT,Gas,3,2020,2031,25,16110.9,0,644.435,0,8.3839,0.48,24500,3.4,0,0,0,0,0,0,0,0,0,0,0,0,0,0,0
UZB_PV_Solar_cand,UZB,PV,Solar,3,2019,2031,25,75000,0,3000,0,0,0.8,13860,0,0,0,0,0,0,0,0,0,0,0,0,0,0,0,0
UZB_PV_Solar_cand_2031,UZB,PV,Solar,3,2031,2031,25,60000,0,3000,0,0,0.8,13860,0,0,0,0,0,0,0,0,0,0,0,0,0,0,0,0
UZB_WT_Wind_cand,UZB,WT,Wind,3,2020,2031,25,75000,0,3000,0,0,1.432,22770,0,0,0,0,0,1.432,0,0,0,0,0,0,0,0,0,0
UZB_WT_Wind_cand_2031,UZB,WT,Wind,3,2031,2031,25,60000,0,3000,0,0,1.432,22770,0,0,0,0,0,1.432,0,0,0,0,0,0,0,0,0,0
ATBASH_HY_2010,KGZ_N,HY,Water,1,2010,2051,99,40,0,10000000,0,0,0,12870,2.772,0,0,0,0,0,0,0,0,0,0,0,0,0,0,0
PAK_KAR_PV_Solar_committed,PAK_KAR,WT,Wind,1,2021,2046,25,600,0,10000000,0,0,0.8,13860,0,0,0,0,0,0,0,0,0,0,0,0,0,0,0,0
SALMA_HPP,NEPS_HERAT,HY,Water,1,2017,2051,99,42,0,10000000,0,0,0,12870,2.772,0,0,0,0,0,0,0,0,0,0,0,0,0,0,0
NEPS_HERAT_PV_1,NEPS_HERAT,PV,Solar,1,2022,2047,25,20,0,10000000,0,0,0,13860,0,0,0,0,0,0,0,0,0,0,0,0,0,0,0,0
NEPS_HERAT_WT,NEPS_HERAT,WT,Wind,1,2022,2047,25,25,0,10000000,0,0,0,22770,0,0,0,0,0,0,0,0,0,0,0,0,0,0,0,0
NEPS_HERAT_PV_2,NEPS_HERAT,PV,Solar,3,2022,2047,25,40,0,10000000,0,0,0.8,13860,0,0,0,0,0,0,0,0,0,0,0,0,0,0,0,0
NEPS_HERAT_ST_Coal_cand,NEPS_HERAT,ST,Coal,3,2022,2031,35,7500,0,300,0,7.3954,2.25,54000,2.5,0,0,0,0,0,0,0,0,0,0,0,0,0,0,0
NEPS_HERAT_CCGT_Gas_cand,NEPS_HERAT,CCGT,Gas,3,2021,2031,25,10000,0,400,0,5.5266,0.85,23000,1.7,0,0,0,0,0,0,0,0,0,0,0,0,0,0,0
NEPS_HERAT_Gas_cand,NEPS_HERAT,GT,Gas,3,2020,2031,25,5000,0,200,0,8.3839,0.48,24500,3.4,0,0,0,0,0,0,0,0,0,0,0,0,0,0,0
NEPS_HERAT_PV_Solar_cand,NEPS_HERAT,PV,Solar,3,2020,2031,25,1559.16,0,62.3663,0,0,0.8,13860,0,0,0,0,0,0,0,0,0,0,0,0,0,0,0,0
NEPS_HERAT_ICE_HFO_cand,NEPS_HERAT,ICE,HFO,3,2020,2031,25,2500,0,100,0,7.2596,0.65,12500,5,0,0,0,0,0,0,0,0,0,0,0,0,0,0,0
IRAN_Import,NEPS_HERAT,INT,Import,1,2015,2051,99,400,0,10000000,0,0,0,0,70,0,0,0,0,0,0,0,0,0,0,0,0,0,0,0
DARUNTA_HY,NEPS_AFG,HY,Water,1,1990,2051,99,11.55,0,10000000,0,0,0,12870,2.772,0,0,0,0,0,0,0,0,0,0,0,0,0,0,0
MAHIPER_HY,NEPS_AFG,HY,Water,1,1990,2051,99,66,0,10000000,0,0,0,12870,2.772,0,0,0,0,0,0,0,0,0,0,0,0,0,0,0
SOROBI_HY,NEPS_AFG,HY,Water,1,1990,2051,99,22,0,10000000,0,0,0,12870,2.772,0,0,0,0,0,0,0,0,0,0,0,0,0,0,0
PUL_E_KHUMRI_HY,NEPS_AFG,HY,Water,1,1990,2051,99,9,0,10000000,0,0,0,12870,2.772,0,0,0,0,0,0,0,0,0,0,0,0,0,0,0
KAJAKI II_HY,NEPS_AFG,HY,Water,1,2023,2051,99,100,0,10000000,0,0,0,12870,2.772,0,0,0,0,0,0,0,0,0,0,0,0,0,0,0
SEPS_PV,NEPS_AFG,PV,Solar,1,2023,2048,25,40,0,10000000,0,0,0,13860,0,0,0,0,0,0,0,0,0,0,0,0,0,0,0,0
