g,z,tech,fuel,StYr,RetrYr,Capacity,Status,MinLimitShare,HeatRate,RampUpRate,RampDnRate,OverLoadFactor,ResLimShare,FOMperMW,VOM,ReserveCost,Capex,Life,BuildLimitperYear,DescreteCap,fuel2,HeatRate2,MinUtilization,RETech,UnitSize
GenericDieselCan_TH_ZAF,South_Africa,ICE,HFO,2024,2054,2000,0,,,,,,,,,,,,1000,,,0,0.06,0,
Aggreko_IPP_ICE_MWI,Malawi,ICE,Diesel,2000,2019,0,1,,,,,,,,,,,,,,,,,0,
AH_Cambambe_C1_HY_AGO_NO,Angola_North,ReservoirHydro,Water,1962,2060,260,1,,,,,,,,,,,,,,,,,0,
AH_Cambambe_C2_HY_AGO_NO,Angola_North,ReservoirHydro,Water,2016,2060,700,1,,,,,,,,,,,,,,,,,0,
AH_Capanda_HY_AGO_NO,Angola_North,ReservoirHydro,Water,2004,2060,520,1,,,,,,,,,,,,,,,,,0,
CT_Biocom_TH_AGO_NO,Angola_North,ST,Biomass,2009,2051,20,1,,,,,,,,,,,,,,,,,0,
AH_Lauca_HY_AGO_NO,Angola_North,ReservoirHydro,Water,2017,2060,2070,1,,,,,,,,,,,,,,,,,0,
CT_COMBI_Diesel_TH_AGO_NO,Angola_North,ICE,Diesel,1979,2050,334,1,,,,,,,,,,,,,,,,,0,
CT_Soyo_TH_AGO_NO,Angola_North,CCGT,Gas,2017,2073,750,1,,,,,,,,,,,,,,12,9.7,,0,
AH_Gove_HY_AGO_CE,Angola_Central,ReservoirHydro,Water,2012,2092,60,1,,,,,,,,,,,,,,,,,0,
Anixas_TH_NAM,Namibia,ICE,HFO,2011,2051,22,1,,,,,,,,,,,,,,,,,0,
AnixasII_TH_NAM,Namibia,ICE,HFO,2024,2064,50,1,,,,,,,,,,,,,,,,,0,
New_CSP_ZAF,South_Africa,CSPPlant,CSP,2030,2060,2000,0,,,,,,,,,,,,2000,,,0,0,0,
New_CSP2024_ZAF,South_Africa,CSPPlant,CSP,2024,2054,100,0,,,,,,,,,,,,100,,,0,0,0,
Acacia_TH_ZAF,South_Africa,OCGT,Diesel,1976,2026,171,1,,,,,,,,,,,,,,,,,0,
Ankerlig(Atlantis)_TH_ZAF,South_Africa,OCGT,Diesel,2007,2057,1327,1,,,,,,,,,,,,,,,,,0,
Arnot1_TH_ZAF,South_Africa,ST,Coal,1975,2033,370,1,,,,,,,,,,,,,,,,,0,
CahoraBassa1_HY_MOZ,Mozambique_Central,ReservoirHydro,Water,1979,2060,2075,1,,,,,,,,,,,,,,,,,0,
Bagamoyo_TH_TZA,Tanzania,CCGT,Gas,2030,2060,200,3,,,,,,,,,,,,100,,,,,0,
Bagasse_co-generation_BM_MWI,Malawi,ST,Biomass,2030,2060,60,3,,,,,,,,,,,,60,,,,,0,
Baynes(Angola)_HY_AGO_SO,Angola_Central,ReservoirHydro,Water,2034,2112,430,3,,,,,,,,,,,,430,,,,,0,
Baynes(Namibia)_HY_NAM,Namibia,ReservoirHydro,Water,2034,2112,430,3,,,,,,,,,,,,430,,,,,0,
Arnot2_TH_ZAF,South_Africa,ST,Coal,1971,2033,390,1,,,,,,,,,,,,,,,,,0,
Arnot3_TH_ZAF,South_Africa,ST,Coal,1972,2033,396,1,,,,,,,,,,,,,,,,,0,
Arnot4_TH_ZAF,South_Africa,ST,Coal,1973,2033,396,1,,,,,,,,,,,,,,,,,0,
Arnot5_TH_ZAF,South_Africa,ST,Coal,1974,2033,400,1,,,,,,,,,,,,,,,,,0,
Arnot6_TH_ZAF,South_Africa,ST,Coal,1975,2033,400,1,,,,,,,,,,,,,,,,,0,
Busanga_HY_DRCSouth,DRC_South,ReservoirHydro,Water,2022,2060,240,1,,,,,,,,,,,,,,,,,0,
COMBI_Diesel_AGO_CE,Angola_Central,ICE,Diesel,2016,2046,88.7,1,,,,,,,,,,,,,,,,,0,
COMBI_Diesel_OFF_AGO_CE,Angola_Central,ICE,Diesel,2017,2049,7.25,1,,,,,,,,,,,,,,,,,0,
Bailundo_PV_AGO_CE,Angola_Central,PV,Solar,2025,2050,7,1,,,,,,,,,,,,,,,,,1,
CaculoCabaca_HY_AGO_NO,Angola_North,ReservoirHydro,Water,2027,2107,2172,2,,,,,,,,,,,,2172,,,,,0,
Athlone_TH_ZAF,South_Africa,ST,Coal,1962,2019,180,1,,,,,,,,,,,,,,,,,0,
BatokaGorgeNorth_HY_ZMB,Zambia,ReservoirHydro,Water,2035,2115,1200,3,,,,,,,,,,,,1200,,,,,0,
Cedar_Muloza_HY_MWI,Malawi,ROR,Water,2022,2102,3.3,1,,,,,,,,,,,,,,,,,0,
CF_Bafia_Farta_PV_AGO_CE,Angola_Central,PV,Solar,2022,2052,76,1,,,,,,,,,,,,,,,,,1,
AH_COMBI_HY_AGO_CE,Angola_Central,ReservoirHydro,Water,2012,2092,32,1,,,,,,,,,,,,,,,,,0,
CF_Biopio_PV_AGO_CE,Angola_Central,PV,Solar,2022,2052,145,1,,,,,,,,,,,,,,,,,1,
ChishimbaFalls_HY_ZMB,Zambia,ROR,Water,2004,2060,6,1,,,,,,,,,,,,,,,,,0,
ChishimbaFallsExt_HY_ZMB,Zambia,ROR,Water,2026,2106,9,2,,,,,,,,,,,,9,,,,,0,
CTMJICA1_TH_MOZ,Mozambique_South,OCGT,Gas,2018,2068,106,1,,,,,,,,,,,,,,7,9,,0,
Biomass_Candidate_TZA,Tanzania,ST,Biomass,2025,2060,32,3,,,,,,,,,,,,32,,,,,0,
Existing_HY_MOZ,Mozambique_Central,ReservoirHydro,Water,2000,2060,85,1,,,,,,,,,,,,,,,,,0,
Luapula_HY_ZMB,Zambia,ROR,Water,2033,2110,1200,3,,,,,,,,,,,,300,,,,,0,
Luapula_PV_ZMB,Zambia,PV,Solar,2026,2056,50,2,,,,,,,,,,,,50,,,,,1,
CandidateHydro_HY_ZMB,Zambia,ReservoirHydro,Water,2036,2109,315,0,,,,,,,,,,,,315,,,0,0,0,
AH_Matala_HY_AGO_SO,Angola_South,ROR,Water,1959,2060,41,1,,,,,,,,,,,,,,,,,0,
Francistown_TH_BWA,Botswana,ICE,HFO,2000,2026,73,1,,,,,,,,,,,,,,,,,0,
GasPower_TH_MWI,Malawi,OCGT,Gas,2027,2077,50,3,,,,,,,,,,,,50,,,,,0,
Chasombo_HY_MWI,Malawi,ReservoirHydro,Water,2033,2060,40,3,,,,,,,,,,,,40,,,,,0,
MorupuleA_TH_BWA,Botswana,ST,Coal,1989,2028,132,1,,,,,,,,,,,,,,,,,0,
MorupuleB_TH_BWA,Botswana,ST,Coal,2012,2055,390,1,,,,,,,,,,,,,,,,,0,
MorupuleBupgrade_TH_BWA,Botswana,ST,Coal,2022,2052,130,1,,,,,,,,,,,,,,,,,0,
Orapa1and2_TH_BWA,Botswana,OCGT,HFO,2000,2031,90,1,,,,,,,,,,,,,,,,,0,
SelibePhikwe_PV1-1_BWA,Botswana,PV,Solar,2025,2056,100,1,,,,,,,,,,,,,,,,,1,
Cuito_PV_AGO_SO,Angola_South,PV,Solar,2025,2055,11,1,,,,,,,,,,,,,,,,,1,
Quilemba_PV_AGO_SO,Angola_South,PV,Solar,2027,2057,25,2,,,,,,,,,,,,25,,,,,1,
Cunene_PV_AGO_SO,Angola_South,PV,Solar,2027,2057,8,2,,,,,,,,,,,,8,,,,,1,
Cuango_PV_AGO_EA,Angola_East,PV,Solar,2028,2057,11.5,2,,,,,,,,,,,,11.5,,,,,1,
CafunfoHybrid_PV_AGO_EA,Angola_East,PV,Solar,2028,2058,41.4,2,,,,,,,,,,,,41.4,,,,,1,
Lau_PV_AGO_EA,Angola_East,PV,Solar,2028,2057,32.2,2,,,,,,,,,,,,32.2,,,,,1,
CambuloHybrid_PV_AGO_EA,Angola_East,PV,Solar,2028,2057,36.8,2,,,,,,,,,,,,36.8,,,,,1,
Inga1_HY_DRC,DRC,ReservoirHydro,Water,1974,2060,227,1,,,,,,,,,,,,,,,,,0,
CommittedWind1-5_NAM,Namibia,OnshoreWind,Wind,2036,2066,0,2,,,,,,,,,,,,0,,,,,1,
CT_COMBI_Diesel_TH_AGO_SO,Angola_South,ICE,Diesel,2012,2055,384.07,1,,,,,,,,,,,,,,7,12.19838981,,0,
CT_PV_Diesel_Hybrid_AGO_SO,Angola_South,PV,Solar,2017,2051,36.6,1,,,,,,,,,,,,,,12,10.42,,1,
Avon_TH_ZAF,South_Africa,OCGT,Diesel,2015,2065,837,1,,,,,,,,,,,,,,,,,0,
Chitipa_WIND_MWI,Malawi,OnshoreWind,Wind,2027,2057,0,3,,,,,,,,,,,,0,,,,,1,
Chiweta_GT_MWI,Malawi,ST,Geothermal,2055,2060,12,3,,,,,,,,,,,,12,,,,,0,
Chizuma_HY_MWI,Malawi,ROR,Water,2055,2060,40,0,,,,,,,,,,,,40,,,0,0,0,
Diaz_Wind_NAM,Namibia,OnshoreWind,Wind,2027,2057,44,2,,,,,,,,,,,,44,,,,,1,
Bloemfontein_TH_ZAF,South_Africa,ST,Coal,1965,2015,103,1,,,,,,,,,,,,,,,,,0,
Edwaleni1_4_HY_SWZ,Eswatini,ROR,Water,1964,2050,10,1,,,,,,,,,,,,,,,,,0,
Solar_PV_BWA,Botswana,PV,Solar,2020,2050,10,1,,,,,,,,,,,,,,,,,1,
Mmashoro_TH_BWA,Botswana,OCGT,Gas,2028,2058,10,2,,,,,,,,,,,,10,,,,,0,
Jwaneng_PV1-1_BWA,Botswana,PV,Solar,2027,2056,100,2,,,,,,,,,,,,100,,,,,1,
Committed_Wind1-1_BWA,Botswana,OnshoreWind,Wind,2027,2057,0,2,,,,,,,,,,,,0,,,,,1,
Committed_PV1-3_BWA,Botswana,PV,Solar,2035,2060,1000,0,,,,,,,,,,,,40,,,,,1,
Corumana_HY_MOZ,Mozambique_Central,ReservoirHydro,Water,2000,2060,16.6,1,,,,,,,,,,,,,,,,,0,
ExistingSolar_REN_MOZ,Mozambique_North,PV,Solar,2019,2060,20,1,,,,,,,,,,,,,,,,,1,
Dedza_WIND_MWI,Malawi,OnshoreWind,Wind,2027,2057,0,3,,,,,,,,,,,,0,,,,,1,
Existing_PV_NAM,Namibia,PV,Solar,2015,2060,127,1,,,,,,,,,,,,,,,,,1,
Existing_AusWind_NAM,Namibia,OnshoreWind,Wind,2020,2055,5,1,,,,,,,,,,,,,,,,,1,
Camden_TH_ZAF,South_Africa,ST,Coal,1967,2030,1480,1,,,,,,,,,,,,,,,,,0,
Dedisa_TH_ZAF,South_Africa,OCGT,Diesel,2015,2065,335,1,,,,,,,,,,,,,,,,,0,
Duvha_TH_ZAF,South_Africa,ST,Coal,1980,2032,2875,1,,,,,,,,,,,,,,,,,0,
AH_HIDROCHICAPA_OFF_AGO_EA,Angola_East,ROR,Water,2000,2060,16,1,,,,,,,,,,,,,,,,,0,
AH_TCHIUMBEDALA_OFF_AGO_EA,Angola_East,ROR,Water,2017,2097,12.42,1,,,,,,,,,,,,,,,,,0,
COMBI_Diesel_OFF_AGO_EA,Angola_East,ICE,Diesel,2011,2053,80.05,1,,,,,,,,,,,,,,,,,0,
ExistingSmallHydro2012_HY_AGO,Angola,ReservoirHydro,Water,2012,2060,136,0,,,,,,,,,,,,,,,0,0,0,
BokpoortCSP_REN_ZAF,South_Africa,CSPPlant,CSP,2016,2041,50,1,,,,,,,,,,,,,,,,,0,
IlangaCSP_REN_ZAF,South_Africa,CSPPlant,CSP,2019,2044,100,1,,,,,,,,,,,,,,,,,0,
KathuSolarCSP_REN_ZAF,South_Africa,CSPPlant,CSP,2019,2044,100,1,,,,,,,,,,,,,,,,,0,
KaxuSolarCSP_REN_ZAF,South_Africa,CSPPlant,CSP,2015,2040,100,1,,,,,,,,,,,,,,,,,0,
KhiSolarCSP_REN_ZAF,South_Africa,CSPPlant,CSP,2016,2041,50,1,,,,,,,,,,,,,,,,,0,
RedStoneSolarCSP_REN_ZAF,South_Africa,CSPPlant,CSP,2019,2044,100,1,,,,,,,,,,,,,,,,,0,
XinaSolarCSP_REN_ZAF,South_Africa,CSPPlant,CSP,2017,2042,100,1,,,,,,,,,,,,,,,,,0,
Collywobbles_HY_ZAF,South_Africa,ReservoirHydro,Water,1985,2060,42,1,,,,,,,,,,,,,,,,,0,
Devil'sGorgeNorth_HY_ZMB,Zambia,ReservoirHydro,Water,2037,2112,600,3,,,,,,,,,,,,600,,,,,0,
Committed_Wind1-2_BWA,Botswana,OnshoreWind,Wind,2035,2065,100,3,,,,,,,,,,,,0,,,,,1,
Bethlem_HY_ZAF,South_Africa,ROR,Water,2020,2090,2.1,1,,,,,,,,,,,,,,,,,0,
Kruisvallei_HY_ZAF,South_Africa,ROR,Water,2020,2090,4.3,1,,,,,,,,,,,,,,,,,0,
Stortemelk_HY_ZAF,South_Africa,ROR,Water,2018,2088,4.3,1,,,,,,,,,,,,,,,,,0,
Neusberg_HY_ZAF,South_Africa,ROR,Water,2015,2060,10,1,,,,,,,,,,,,,,,,,0,
Edwaleni5_HY_SWZ,Eswatini,ROR,Water,1964,2050,5,1,,,,,,,,,,,,,,,,,0,
Kuvaninga_TH_MOZ,Mozambique_South,OCGT,Gas,2017,2067,40,1,,,,,,,,,,,,,,7,9,,0,
ExistingSolarPV(PV)_REN_ZAF,South_Africa,PV,Solar,2017,2060,2673.1,1,,,,,,,,,,,,,,,,,1,
Thyolo_HY_MWI,Malawi,ReservoirHydro,Water,2035,2098,20,3,,,,,,,,,,,,20,,,,,0,
Dwambazi_HY_MWI,Malawi,ReservoirHydro,Water,2033,2093,22,3,,,,,,,,,,,,22,,,,,0,
Ethanol_project_BM_MWI,Malawi,ST,Biomass,2032,2062,28,3,,,,,,,,,,,,28,,,,,0,
EdwaleniThermal_TH_SWZ,Eswatini,ICE,HFO,2000,2050,9,0,,,,,,,,,,,,,,,,,0,
GasTurbine_TH_LSO,Lesotho,OCGT,Gas,2027,2077,500,0,,,,,,,,,,,,75,,7,9.7,0.05,0,
GasTurbine_TH_SWZ,Eswatini,OCGT,Gas,2027,2077,500,0,,,,,,,,,,,,80,,7,9.7,0.05,0,
Golomoti_PV_MWI,Malawi,PV,Solar,2022,2060,20,1,,,,,,,,,,,,,,,,,1,
ExistingWind_REN_ZAF,South_Africa,OnshoreWind,Wind,2015,2045,3644,1,,,,,,,,,,,,,,,,,1,
GecaminesCoal(100)_TH_AGO,Lesotho,ST,Coal,2025,2070,300,0,,,,,,,,,,,,0,,,0,0.05,0,
Gariep_HY_ZAF,South_Africa,ReservoirHydro,Water,1971,2060,360,1,,,,,,,,,,,,,,,,,0,
LavumisaSolar_PV_SWZ,Eswatini,PV,Solar,2021,2051,10,1,,,,,,,,,,,,,,,,,1,
Gourikwa_TH_ZAF,South_Africa,OCGT,Diesel,2007,2057,740,1,,,,,,,,,,,,,,,,,0,
IndolaHFO_TH_ZMB,Zambia,ICE,HFO,2020,2055,110,1,,,,,,,,,,,,,,,,,0,
Inga2_HY_DRC,DRC,ReservoirHydro,Water,1982,2060,835,1,,,,,,,,,,,,,,,,,0,
Kilubi_HY_DRCSouth,DRC_South,ROR,Water,1954,2060,3,1,,,,,,,,,,,,,,,,,0,
Generic_PV_NAM,Namibia,PV,Solar,2029,2054,300,0,,,,,,,,,,,,25,,,,,1,
IPP_Luderitz_Wind_NAM,Namibia,OnshoreWind,Wind,2027,2057,50,2,,,,,,,,,,,,50,,,,,1,
ItheziThezi_HY_ZMB,Zambia,ReservoirHydro,Water,2016,2060,120,1,,,,,,,,,,,,,,,,,0,
Grootvlei_TH_ZAF,South_Africa,ST,Coal,1969,2030,570,1,,,,,,,,,,,,,,,,,0,
KafueGorge_HY_ZMB,Zambia,ReservoirHydro,Water,1977,2060,990,1,,,,,,,,,,,,,,,,,0,
KafueGorgeLower_HY_ZMB,Zambia,ReservoirHydro,Water,2023,2060,750,1,,,,,,,,,,,,,,,,,0,
GenericDieselCan_DRC,DRC,ICE,HFO,2024,2054,500,0,,,,,,,,,,,,500,,,0,0.06,0,
GenericDieselCan_LSO,Lesotho,ICE,HFO,2024,2054,200,0,,,,,,,,,,,,200,,,0,0.06,0,
KanengoI_TH_MWI,Malawi,ICE,Diesel,2000,2050,8,1,,,,,,,,,,,,,,,,,0,
KanengoII_TH_MWI,Malawi,ICE,Diesel,2000,2050,7,1,,,,,,,,,,,,,,,,,0,
Kapichira_HY_MWI,Malawi,ROR,Water,2013,2093,129.6,1,,,,,,,,,,,,,,,,,0,
KaribaNB_HY_ZMB,Zambia,ReservoirHydro,Water,1976,2060,1080,1,,,,,,,,,,,,,,,,,0,
KaribaNBE_HY_ZMB,Zambia,ReservoirHydro,Water,2015,2060,360,1,,,,,,,,,,,,,,,,,0,
GenericDieselCan_SWZ,Eswatini,ICE,HFO,2024,2054,60,0,,,,,,,,,,,,60,,,0,0.06,0,
Hendrina_TH_ZAF,South_Africa,ST,Coal,1976,2030,1158,1,,,,,,,,,,,,,,,,,0,
JohannesburgLandfillGas_TH_ZAF,South_Africa,OCGT,Diesel,2000,2050,18,1,,,,,,,,,,,,,,7,10.7,,0,
KelvinA_TH_ZAF,South_Africa,ST,Coal,1957,2012,180,1,,,,,,,,,,,,,,,,,0,
Khan_PV_NAM,Namibia,PV,Solar,2027,2060,25,2,,,,,,,,,,,,25,,,,,1,
KelvinB_TH_ZAF,South_Africa,ST,Coal,1964,2025,389,1,,,,,,,,,,,,,,,,,0,
Koni_HY_DRCSouth,DRC_South,ROR,Water,1950,2060,42,1,,,,,,,,,,,,,,,,,0,
Tazama_Gas_ZMB,Zambia,OCGT,Gas,2035,2065,400,3,,,,,,,,,,,,200,,,,,0,
GenericDieselCan_ZMB,Zambia,ICE,HFO,2026,2053,100,0,,,,,,,,,,,,100,,,0,0.06,0,
Kendal_TH_ZAF,South_Africa,ST,Coal,1985,2042,3869,1,,,,,,,,,,,,,,,,,0,
Koeberg_NU_ZAF,South_Africa,Nuclear,Uranium,1985,2045,1860,1,,,,,,,,,,,,,,,,,0,
KomatiI_TH_ZAF,South_Africa,ST,Coal,1966,2022,500,1,,,,,,,,,,,,,,,,,0,
Muanda_TH_DRC,DRC,ICE,HFO,2000,2050,4.8,1,,,,,,,,,,,,,,,,,0,
KomatiII_TH_ZAF,South_Africa,ST,Coal,1966,2022,500,1,,,,,,,,,,,,,,,,,0,
Kriel_TH_ZAF,South_Africa,ST,Coal,1979,2032,2850,1,,,,,,,,,,,,,,,,,0,
Kusile_I_TH_ZAF,South_Africa,ST,Coal,2020,2070,1440,1,,,,,,,,,,,,,,,,,0,
Kusile_II_TH_ZAF,South_Africa,ST,Coal,2023,2073,1440,1,,,,,,,,,,,,,,,,,0,
LesothoSolar_REN_LSO,Lesotho,PV,Solar,2023,2053,28,1,,,,,,,,,,,,,,,,,1,
Lethabo_TH_ZAF,South_Africa,ST,Coal,1990,2038,3559,1,,,,,,,,,,,,,,,,,0,
Likoma_TH_MWI,Malawi,ST,HFO,2019,2054,0.4,1,,,,,,,,,,,,,,,,,0,
Chizumulu_TH_MWI,Malawi,ST,HFO,2019,2054,0.7,1,,,,,,,,,,,,,,,,,0,
Lilongwe_TH_MWI,Malawi,OCGT,Diesel,2000,2050,5,1,,,,,,,,,,,,,,,,,0,
Hamilton_Falls_HY_MWI,Malawi,ReservoirHydro,Water,2055,2060,87,0,,,,,,,,,,,,87,,,0,0,0,
CandidateHydro_TZA,Tanzania,ROR,Water,2030,2110,5000,0,,,,,,,,,,,,100,,,,,0,
Inga3BC_HY_DRC,DRC,ReservoirHydro,Water,2037,2085,3500,2,,,,,,,,,,,,1400,,,0,0,0,
Ezulwini_HY_SWZ,Eswatini,ROR,Water,2000,2080,20,1,,,,,,,,,,,,,,,,,0,
Maguduza_HY_SWZ,Eswatini,ROR,Water,2000,2080,5.6,1,,,,,,,,,,,,,,,,,0,
SSEG_Rooftop_PV_SWZ,Eswatini,PV,Solar,2022,2045,15,1,,,,,,,,,,,,,,,,,1,
LuandaOCGT_TH_AGO,Angola,OCGT,Gas,1980,2019,125,0,,,,,,,,,,,,,,7,14.32126767,0.25,0,
Iringa_Ibosa_HY_TZA,Tanzania,ROR,Water,2035,2108,36,3,,,,,,,,,,,,36,,,,,0,
Mwadingusha_HY_DRCSouth,DRC_South,ReservoirHydro,Water,1954,2060,0,1,,,,,,,,,,,,,,,,,0,
Iringa_Nginayo_HY_TZA,Tanzania,ROR,Water,2035,2110,52,3,,,,,,,,,,,,52,,,,,0,
Lunsemfwa+Mulungushi_HY_ZMB,Zambia,ReservoirHydro,Water,1982,2060,56,1,,,,,,,,,,,,,,,,,0,
Lunzua_HY_ZMB,Zambia,ROR,Water,2000,2060,15,1,,,,,,,,,,,,,,,,,0,
Lusiwasi_HY_ZMB,Zambia,ReservoirHydro,Water,1967,2021,12,1,,,,,,,,,,,,,,,,,0,
LuisCabral_TH_MOZ,Mozambique_South,OCGT,HFO,2000,2050,14,1,,,,,,,,,,,,,,,,,0,
Kakono_HY_TZA,Tanzania,ROR,Water,2031,2110,87,0,,,,,,,,,,,,87,,,,,0,
LusiwasiUpper_HY_ZMB,Zambia,ReservoirHydro,Water,2017,2060,15,1,,,,,,,,,,,,,,,,,0,
MaambaCoalI_TH_ZMB,Zambia,ST,Coal,2016,2066,300,1,,,,,,,,,,,,,,,,,0,
KalungwishiI_HY_ZMB,Zambia,ReservoirHydro,Water,2033,2110,101,3,,,,,,,,,,,,101,,,,,0,
Kam'mwamba_C_MWI,Malawi,ST,Coal,2055,2060,400,0,,,,,,,,,,,,0,,,0,0.05,0,
Maguga_HY_SWZ,Eswatini,ReservoirHydro,Water,2000,2080,19.8,1,,,,,,,,,,,,,,,,,0,
USL_biomass_SWZ,Eswatini,ST,Bagasse,2011,2050,40,1,,,,,,,,,,,,,,,,,0,
USL_hydro_SWA,Eswatini,ROR,Water,2011,2061,1,0,,,,,,,,,,,,,,,,,0,
LowerMaguduza_HY_SWZ,Eswatini,ROR,Water,2027,2107,13.5,2,,,,,,,,,,,,13,,,,,0,
Kasitu_GT_MWI,Malawi,ST,Geothermal,2055,2060,6,3,,,,,,,,,,,,6,,,,,0,
MajubaI_TH_ZAF,South_Africa,ST,Coal,1990,2051,1825,1,,,,,,,,,,,,,,,,,0,
MajubaII_TH_ZAF,South_Africa,ST,Coal,1985,2051,1981,1,,,,,,,,,,,,,,,,,0,
Kholombizo_HY_MWI,Malawi,ReservoirHydro,Water,2033,2093,213,0,,,,,,,,,,,,213,,,0,0,0,
Mapanga_ICE_MWI,Malawi,ICE,Diesel,2000,2060,16,1,,,,,,,,,,,,,,,,,0,
Matimba_TH_ZAF,South_Africa,ST,Coal,1987,2039,3695,1,,,,,,,,,,,,,,,,,0,
Matla_TH_ZAF,South_Africa,ST,Coal,1979,2031,3450,1,,,,,,,,,,,,,,,,,0,
Kibo_Mining_TH_TZA,Tanzania,ST,Coal,2060,2060,300,0,,,,,,,,,,,,300,,,,,,
MCT_Morro_Bento_TH_AGO,Angola,ICE,Diesel,2012,2062,25,0,,,,,,,,,,,,,,,0,0,0,
Medupi_TH_ZAF,South_Africa,ST,Coal,2015,2065,4320,1,,,,,,,,,,,,,,,,,0,
MkuzeBiomass_BIO_ZAF,South_Africa,ST,Biomass,2000,2055,16,1,,,,,,,,,,,,,,,,,0,
Committed_Wind1-3_BWA,Botswana,OnshoreWind,Wind,2028,2058,0,2,,,,,,,,,,,,50,,,,,1,
Committed_Wind1-4_BWA,Botswana,OnshoreWind,Wind,2031,2061,0,2,,,,,,,,,,,,0,,,,,1,
Committed_Wind1-5_BWA,Botswana,OnshoreWind,Wind,2035,2065,0,2,,,,,,,,,,,,50,,,,,1,
Kidunda_HY_TZA,Tanzania,ROR,Water,2028,2108,20,0,,,,,,,,,,,,20,,,,,0,
Mpatamanga_Opt_HY_MWI,Malawi,ReservoirHydro,Water,2033,2101,358,2,,,,,,,,,,,,359,,,,,0,
Nseke_HY_DRCSouth,DRC_South,ReservoirHydro,Water,1957,2060,260,1,,,,,,,,,,,,,,,,,0,
Muela_HY_LSO,Lesotho,ReservoirHydro,Water,2000,2080,74,1,,,,,,,,,,,,,,,,,0,
Kiejo_Mbaka_I_TH_TZA,Tanzania,ST,Geothermal,2035,2060,60,3,,,,,,,,,,,,60,,,,,0,
Mulanje_Ruo_Ndiza_HY_MWI,Malawi,ReservoirHydro,Water,2020,2100,8.25,1,,,,,,,,,,,,,,,,,0,
Kiejo_Mbaka_II_TH_TZA,Tanzania,ST,Geothermal,2035,2060,20,3,,,,,,,,,,,,20,,,,,0,
Kikonge_HY_TZA,Tanzania,ReservoirHydro,Water,2032,2112,300,3,,,,,,,,,,,,300,,,,,0,
Kinyerezi_IV_TH_TZA,Tanzania,CCGT,Gas,2030,2060,330,3,,,,,,,,,,,,30,,,,,0,
MusondaFalls_HY_ZMB,Zambia,ReservoirHydro,Water,1972,2060,10,1,,,,,,,,,,,,,,,,,0,
Nzilo_HY_DRCSouth,DRC_South,ReservoirHydro,Water,1954,2060,100,1,,,,,,,,,,,,,,,,,0,
Kinyezeri_III_PH_I_TH_TZA,Tanzania,OCGT,Gas,2030,2060,300,3,,,,,,,,,,,,30,,,,,0,
Kinyezeri_III_PH_II_TH_TZA,Tanzania,CCGT,Gas,2030,2060,300,3,,,,,,,,,,,,30,,,,,0,
Mzuzu_Luwinga_ICE_MWI,Malawi,ICE,Diesel,2000,2050,5,1,,,,,,,,,,,,,,,,,0,
Kisaki_TH_TZA,Tanzania,ST,Geothermal,2035,2060,300,3,,,,,,,,,,,,300,,,,,0,
Kiwaba_Nzogi_WIND_AGO_NO,Angola_North,OnshoreWind,Wind,2033,2063,106,3,,,,,,,,,,,,50,,,,,1,
Kiwira_I_TH_TZA,Tanzania,ST,Coal,2060,2060,200,0,,,,,,,,,,,,,,,,,,
Kiwira_II_TH_TZA,Tanzania,ST,Coal,2060,2060,200,0,,,,,,,,,,,,,,,,,,
Kiwira_III_TH_TZA,Tanzania,ST,Coal,2060,2060,600,0,,,,,,,,,,,,,,,,,,
Kudu_Gas_TH_NAM,Namibia,CCGT,Gas,2034,2064,475,3,,,,,,,,,,,,475,,,,,0,
LesothoLetsengWind_REN_LSO,Lesotho,OnshoreWind,Wind,2028,2055,35,3,,,,,,,,,,,,35,,,,,1,
MetoroSolarPV_REN_MOZ,Mozambique_North,PV,Solar,2023,2060,30,1,,,,,,,,,,,,,,,,,1,
LobitoI_TH_AGO_CE,Angola_Central,CCGT,Gas,2030,2082,500,3,,,,,,,,,,,,200,,,,,0,
Lower_Fufu_HY_MWI,Malawi,ReservoirHydro,Water,2033,2093,261,3,,,,,,,,,,,,261,,,,,0,
Lower_Songwe_HY_MWI,Malawi,ReservoirHydro,Water,2035,2060,90,3,,,,,,,,,,,,90,,,,,0,
UsuthuSwamil_BIO_SWZ,Eswatini,ST,Woodchip,2031,2061,20,0,,,,,,,,,,,,35,,,,,0,
Balekane_Solar_SWZ,Eswatini,PV,Solar,2030,2056,15,2,,,,,,,,,,,,75,,,,,1,
Ngwenya_Solar_SWZ,Eswatini,PV,Solar,2027,2056,15,2,,,,,,,,,,,,75,,,,,1,
Luchenene_HY_ZMB,Zambia,ReservoirHydro,Water,2034,2110,30,3,,,,,,,,,,,,30,,,,,0,
MocubaSolarPV_REN_MOZ,Mozambique_North,PV,Solar,2019,2060,30,1,,,,,,,,,,,,,,,,,1,
LusiwasiLower_HY_ZMB,Zambia,ReservoirHydro,Water,2034,2108,86,3,,,,,,,,,,,,86,,,,,0,
LusiwasiLowerExts_HY_ZMB,Zambia,ReservoirHydro,Water,2034,2110,84,3,,,,,,,,,,,,84,,,,,0,
MagugaII_HY_SWZ,Eswatini,ReservoirHydro,Water,2030,2107,10,0,,,,,,,,,,,,10,,,0,0,0,
MambilimbaFallsI_HY_ZMB,Zambia,ReservoirHydro,Water,2035,2110,124,3,,,,,,,,,,,,124,,,,,0,
NacalaJICA_TH_MOZ,Mozambique_North,ICE,HFO,2021,2071,102,1,,,,,,,,,,,,,,,,,0,
RessanoGarciaEDM/Sasol_TH_MOZ,Mozambique_South,OCGT,Gas,2015,2065,175,1,,,,,,,,,,,,,,7,9,,0,
Masigira_HY_TZA,Tanzania,ROR,Water,2030,2110,118,3,,,,,,,,,,,,118,,,,,0,
RessanoGarciaGigawatt_TH_MOZ,Mozambique_South,OCGT,Gas,2016,2066,120,1,,,,,,,,,,,,,,7,9,,0,
Temane_TH_MOZ,Mozambique_South,OCGT,Gas,2000,2055,1,1,,,,,,,,,,,,,,7,9,,0,
Mbongozi_HY_MWI,Malawi,ReservoirHydro,Water,2035,2088,41,3,,,,,,,,,,,,41,,,,,0,
Mchuchuma_I_TH_TZA,Tanzania,ST,Coal,2060,2060,300,0,,,,,,,,,,,,300,,,,,,
Mchuchuma_II_TH_TZA,Tanzania,ST,Coal,2060,2060,300,0,,,,,,,,,,,,300,,,,,,
Mchuchuma_III_TH_TZA,Tanzania,ST,Coal,2060,2060,300,0,,,,,,,,,,,,300,,,,,,
Mchuchuma_IV_TH_TZA,Tanzania,ST,Coal,2060,2060,300,0,,,,,,,,,,,,300,,,,,,
Mkuranga_TH_TZA,Tanzania,CCGT,Gas,2030,2060,300,3,,,,,,,,,,,,30,,,,,0,
Mnyera_Kisingo_HY_TZA,Tanzania,ROR,Water,2030,2110,120,3,,,,,,,,,,,,120,,,,,0,
Mnyera_Kwanini_HY_TZA,Tanzania,ROR,Water,2030,2110,144,3,,,,,,,,,,,,144,,,,,0,
Mnyera_Mnyera_HY_TZA,Tanzania,ROR,Water,2030,2110,137,3,,,,,,,,,,,,137,,,,,0,
Mnyera_Pumbwe_HY_TZA,Tanzania,ROR,Water,2030,2110,123,3,,,,,,,,,,,,123,,,,,0,
Mnyera_Ruaha_HY_TZA,Tanzania,ReservoirHydro,Water,2030,2110,60,3,,,,,,,,,,,,60,,,,,0,
Mnyera_Taveta_HY_TZA,Tanzania,ROR,Water,2030,2110,84,3,,,,,,,,,,,,84,,,,,0,
NgwenyaI_Solar_SWZ,Eswatini,PV,Solar,2027,2056,20,2,,,,,,,,,,,,75,,,,,1,
Ndzevane_Solar_SWZ,Eswatini,PV,Solar,2027,2056,15,2,,,,,,,,,,,,75,,,,,1,
Nsoko_Solar_SWZ,Eswatini,PV,Solar,2027,2056,10,2,,,,,,,,,,,,75,,,,,1,
WundersightII_Solar_SWZ,Eswatini,PV,Solar,2030,2056,0.9,0,,,,,,,,,,,,75,,,,,1,
RSSC_biomass_SWZ,Eswatini,ST,Bagasse,2030,2055,40,3,,,,,,,,,,,,20,,,,,0,
Biomass_tender_SWZ,Eswatini,ST,Bagasse,2033,2055,60,0,,,,,,,,,,,,20,,,,,0,
Lubhuku_TH_SWZ,Eswatini,ST,Coal,2035,2085,300,3,,,,,,,,,,,,150,,,,,0,
Mota_Engil_C_MWI,Malawi,ST,Coal,2055,2060,300,0,,,,,,,,,,,,300,,,0,0.05,0,
Mpanga_HY_TZA,Tanzania,ReservoirHydro,Water,2040,2110,160,3,,,,,,,,,,,,160,,,,,0,
Mtwara_I_TH_TZA,Tanzania,CCGT,Gas,2030,2060,300,3,,,,,,,,,,,,75,,,,,0,
Mtwara_II_TH_TZA,Tanzania,CCGT,Gas,2030,2060,300,3,,,,,,,,,,,,75,,,,,0,
Bio2watt_BIO_ZAF,South_Africa,ST,Biomass,2015,2050,4.7,1,,,,,,,,,,,,,,,,,0,
IllovoEston_BIO_ZAF,South_Africa,ST,Biomass,2022,2057,2.5,1,,,,,,,,,,,,,,,,,0,
MalelaneSugar_BIO_ZAF,South_Africa,ST,Biomass,2023,2058,6,1,,,,,,,,,,,,,,,,,0,
SappiSaiccorCoGen_BIO_ZAF,South_Africa,ST,Biomass,2022,2057,5,1,,,,,,,,,,,,,,,,,0,
TongaatFelixton_BIO_ZAF,South_Africa,ST,Biomass,2021,2056,20,1,,,,,,,,,,,,,,,,,0,
TongaatHulett_BIO_ZAF,South_Africa,ST,Biomass,2013,2048,5,1,,,,,,,,,,,,,,,,,0,
UCLCompany_BIO_ZAF,South_Africa,ST,Biomass,2024,2059,3,1,,,,,,,,,,,,,,,,,0,
UmfoloziSugar_BIO_ZAF,South_Africa,ST,Biomass,2013,2048,4.5,1,,,,,,,,,,,,,,,,,0,
Ennerdale_BIO_ZAF,South_Africa,ST,Biogas,2019,2054,6,1,,,,,,,,,,,,,,,,,0,
Goudkoppies_BIO_ZAF,South_Africa,ST,Biogas,2017,2052,5.1,1,,,,,,,,,,,,,,,,,0,
LinbroPark_BIO_ZAF,South_Africa,ST,Biogas,2019,2054,6.3,1,,,,,,,,,,,,,,,,,0,
MarieLouise_BIO_ZAF,South_Africa,ST,Biogas,2017,2052,4,1,,,,,,,,,,,,,,,,,0,
RobinsonDee_BIO_ZAF,South_Africa,ST,Biogas,2016,2051,20,1,,,,,,,,,,,,,,,,,0,
NgodwanaEnergyProject_BIO_ZAF,South_Africa,ST,Biomass,2000,2055,25,1,,,,,,,,,,,,,,,,,0,
Nkula_(A.B)_+_upgrade_HY_MWI,Malawi,ReservoirHydro,Water,2000,2080,136,1,,,,,,,,,,,,,,,,,0,
Nzongo_HY_DRC,DRC,ReservoirHydro,Water,1965,2060,75,1,,,,,,,,,,,,,,,,,0,
NzongoII_HY_DRC,DRC,ReservoirHydro,Water,2022,2060,150,1,,,,,,,,,,,,,,,,,0,
Ruzizi1_HY_DRC,DRC,ROR,Water,1972,2060,29.8,1,,,,,,,,,,,,,,,,,0,
Ruzizi2_HY_DRC,DRC,ROR,Water,1972,2060,43.8,1,,,,,,,,,,,,,,,,,0,
New_HY_LHWP_LSO,Lesotho,ReservoirHydro,Water,2037,2060,210,3,,,,,,,,,,,,110,,,,,0,
Omburru_PV_NAM,Namibia,PV,Solar,2022,2055,20,1,,,,,,,,,,,,,,,,,1,
SmallScale_PV_BWA,Botswana,PV,Solar,2027,2057,188,2,,,,,,,,,,,,60,,,,,1,
Mmadinare_PV_BWA,Botswana,PV,Solar,2026,2056,100,2,,,,,,,,,,,,40,,,,,1,
Otikojoto_Biomass_NAM,Namibia,ST,Biomass,2027,2057,40,2,,,,,,,,,,,,40,,,,,0,
Temane2_TH_MOZ,Mozambique_South,OCGT,Gas,2014,2064,9.2,1,,,,,,,,,,,,,,7,9,,0,
Paratus_TH_NAM,Namibia,ICE,HFO,1976,2017,25,1,,,,,,,,,,,,,,,,,0,
PortRexGas_TH_ZAF,South_Africa,OCGT,Diesel,1976,2026,171,1,,,,,,,,,,,,,,,,,0,
PretoriaWest_TH_ZAF,South_Africa,ST,Coal,1952,2019,180,1,,,,,,,,,,,,,,,,,0,
MumbotutaFalls_HY_ZMB,Zambia,ReservoirHydro,Water,2035,2110,271,3,,,,,,,,,,,,301,,,,,0,
NgonyeFalls_HY_ZMB,Zambia,ReservoirHydro,Water,2028,2108,180,3,,,,,,,,,,,,180,,,,,0,
MupataGorgeNorth_HY_ZMB,Zambia,ReservoirHydro,Water,2040,2110,600,3,,,,,,,,,,,,600,,,,,0,
Caraculo_OffGrid_PV_AGO,Angola,PV,Solar,2022,2052,25,0,,,,,,,,,,,,0,,,0,0,1,
RochaPinto_TH_AGO,Angola,OCGT,Gas,2000,2019,40,0,,,,,,,,,,,,,,7,14.32126767,0.25,0,
Rooiwal_TH_ZAF,South_Africa,ST,Coal,1963,2019,300,1,,,,,,,,,,,,,,,,,0,
Mzimba_I_WIND_MWI,Malawi,OnshoreWind,Wind,2030,2055,0,3,,,,,,,,,,,,50,,,,,1,
RoshPinah_PV_NAM,Namibia,PV,Solar,2026,2056,70,2,,,,,,,,,,,,70,,,,,1,
New_PV_NAM,Namibia,PV,Solar,2031,2060,2000,3,,,,,,,,,,,,40,,,,,1,
OmburruII_PV_NAM,Namibia,PV,Solar,2029,2059,80,2,,,,,,,,,,,,50,,,,,1,
RoshPinah_Wind_NAM,Namibia,OnshoreWind,Wind,2027,2057,40,2,,,,,,,,,,,,40,,,,,1,
RuacanaROR_HY_NAM,Namibia,ReservoirHydro,Water,1975,2060,347,1,,,,,,,,,,,,,,,,,0,
Mzimba_II_WIND_MWI,Malawi,OnshoreWind,Wind,2032,2062,0,3,,,,,,,,,,,,0,,,,,1,
CommittedSolar_REN_DRC,DRC,PV,Solar,2028,2060,200,2,,,,,,,,,,,,200,,,,,1,
LubumbashiSolar_REN_DRCSouth,DRC_South,PV,Solar,2030,2060,100,2,,,,,,,,,,,,100,,,,,1,
Ruzizi3_HY_DRC,DRC,ReservoirHydro,Water,2031,2111,69,2,,,,,,,,,,,,69,,,,,0,
Lurio_HY_MOZ,Mozambique_North,ReservoirHydro,Water,2035,2110,120,2,,,,,,,,,,,,120,,,,,0,
Sasolburg_TH_ZAF,South_Africa,CCGT,Gas,2012,2062,280,1,,,,,,,,,,,,,,7,10.690939,,0,
Secunda(SasolChemical)_TH_ZAF,South_Africa,ST,Coal,2010,2060,130,1,,,,,,,,,,,,,,,,,0,
Secunda(SasolSynthetic)_TH_ZAF,South_Africa,CCGT,Gas,2010,2060,280,1,,,,,,,,,,,,,,7,12.19796803,,0,
Tutuka_TH_ZAF,South_Africa,ST,Coal,1985,2040,3510,1,,,,,,,,,,,,,,,,,0,
Vanderkloof_HY_ZAF,South_Africa,ReservoirHydro,Water,1977,2060,240,1,,,,,,,,,,,,,,,,,0,
Kusile_III_TH_ZAF,South_Africa,ST,Coal,2024,2074,1440,1,,,,,,,,,,,,,,,,,0,
ExistingSolarPrivate22(PV)_REN_ZAF,South_Africa,PV,Solar,2022,2054,2576,1,,,,,,,,,,,,,,,,,1,
ExistingSolarPrivate23(PV)_REN_ZAF,South_Africa,PV,Solar,2023,2054,2629,1,,,,,,,,,,,,,,,,,1,
ExistingSolarPrivate24(PV)_REN_ZAF,South_Africa,PV,Solar,2024,2054,937,1,,,,,,,,,,,,,,,,,1,
SA_SolarPrivate25_REN_ZAF,South_Africa,PV,Solar,2025,2055,1209,2,,,,,,,,,,,,1209,,,,,1,
SA_SolarPrivate26_REN_ZAF,South_Africa,PV,Solar,2026,2056,3328,3,,,,,,,,,,,,400,,,,,1,
MozMGTPEDMSasolGT_TH_MOZ,Mozambique_South,CCGT,Gas,2028,2058,450,2,,,,,,,,,,,,450,,,,,0,
SA_SolarPrivate27_REN_ZAF,South_Africa,PV,Solar,2027,2057,2526,3,,,,,,,,,,,,400,,,,,1,
SA_SolarPrivate29_REN_ZAF,South_Africa,PV,Solar,2029,2056,24,2,,,,,,,,,,,,500,,,,,1,
SA_SolarPublicProcurement25_REN_ZAF,South_Africa,PV,Solar,2025,2055,150,2,,,,,,,,,,,,500,,,,,1,
SA_SolarPublicProcurement26_REN_ZAF,South_Africa,PV,Solar,2026,2056,225,2,,,,,,,,,,,,500,,,,,1,
SA_SolarPublicProcurement28_REN_ZAF,South_Africa,PV,Solar,2028,2058,1760,3,,,,,,,,,,,,400,,,,,1,
SA_SolarPublicProcurement29_REN_ZAF,South_Africa,PV,Solar,2029,2059,1690,3,,,,,,,,,,,,400,,,,,1,
SA_SolarPublicProcurement30_REN_ZAF,South_Africa,PV,Solar,2030,2060,800,2,,,,,,,,,,,,800,,,,,1,
SA_SolarPublicProcurement27_REN_ZAF,South_Africa,PV,Solar,2027,2057,360,2,,,,,,,,,,,,500,,,,,1,
SA_WindEskom28_REN_ZAF,South_Africa,OnshoreWind,Wind,2028,2060,70,2,,,,,,,,,,,,1500,,,,,1,
Namibe_TH_AGO_SO,Angola_South,CCGT,Gas,2034,2082,500,3,,,,,,,,,,,,200,,,,,0,
SA_WindPrivate25_REN_ZAF,South_Africa,OnshoreWind,Wind,2025,2055,301,2,,,,,,,,,,,,1500,,,,,1,
New_PV_2040_NAM,Namibia,PV,Solar,2040,2070,2000,3,,,,,,,,,,,,40,,,,,1,
NamibiaCCGT_TH_NAM,Namibia,CCGT,Gas,2034,2064,200,3,,,,,,,,,,,,200,,,,,0,
Salima_PV_MWI,Malawi,PV,Solar,2022,2052,60,1,,,,,,,,,,,,,,,,,1,
SA_WindPrivate26_REN_ZAF,South_Africa,OnshoreWind,Wind,2026,2056,964,2,,,,,,,,,,,,1500,,,,,1,
SA_WindPrivate27_REN_ZAF,South_Africa,OnshoreWind,Wind,2027,2057,2847,2,,,,,,,,,,,,2847,,,,,1,
SA_WindPrivate28_REN_ZAF,South_Africa,OnshoreWind,Wind,2028,2058,700,2,,,,,,,,,,,,1500,,,,,1,
Serengeti_Nkhotakota_PV_MWI,Malawi,PV,Solar,2022,2052,21,1,,,,,,,,,,,,,,,,,1,
SolarRound(PV)_ZMB,Zambia,PV,Solar,2019,2060,88,1,,,,,,,,,,,,,,,,,1,
SolarRound(PV)New_ZMB,Zambia,PV,Solar,2023,2060,35,1,,,,,,,,,,,,,,,,,1,
NamibiaCoal_TH_NAM,Namibia,ST,Coal,2035,2085,200,0,,,,,,,,,,,,200,,,0,0.05,0,
NamibiaOCGTNG_TH_NAM,Namibia,OCGT,Gas,2037,2056,200,0,,,,,,,,,,,,200,,7,9.7,0.05,0,
LowerMaguga_Ext2HY_SWZ,Eswatini,ROR,Water,2035,2111,23,3,,,,,,,,,,,,13,,,,,0,
Tedzani_I._II._III_HY_MWI,Malawi,ROR,Water,2000,2080,92.7,1,,,,,,,,,,,,,,,,,0,
Tedzani_IV_HY_MWI,Malawi,ROR,Water,2021,2101,19,1,,,,,,,,,,,,,,,,,0,
NamPowerWindFarm_2031_NAM,Namibia,OnshoreWind,Wind,2030,2062,100,3,,,,,,,,,,,,25,,,,,1,
SA_WindPrivate29_REN_ZAF,South_Africa,OnshoreWind,Wind,2029,2059,760,2,,,,,,,,,,,,1500,,,,,1,
SA_WindPrivate30_REN_ZAF,South_Africa,OnshoreWind,Wind,2030,2060,2000,2,,,,,,,,,,,,2000,,,,,1,
VanEck_TH_NAM,Namibia,ST,Coal,1972,2027,50,1,,,,,,,,,,,,,,,,,0,
VictoriaFalls_HY_ZMB,Zambia,ReservoirHydro,Water,1968,2060,108,1,,,,,,,,,,,,,,,,,0,
Natron_TH_TZA,Tanzania,ST,Geothermal,2035,2060,60,3,,,,,,,,,,,,60,,,,,0,
Nyika_HY_MWI,Malawi,ROR,Water,2030,2100,51,3,,,,,,,,,,,,261,,,,,0,
Near_Salima_Nanjoka_LNG_MWI,Malawi,OCGT,Gas,2038,2060,73,3,,,,,,,,,,,,73,,7,9.7,0.05,0,
Mmamabula_TH_BWA,Botswana,ST,Coal,2028,2060,600,2,,,,,,,,,,,,300,,,,,0,
Wovwe_additional_HY_MWI,Malawi,ROR,Water,2027,2107,4.5,2,,,,,,,,,,,,4.5,,,,,0,
Wovwe_HY_MWI,Malawi,ROR,Water,2000,2080,4,1,,,,,,,,,,,,,,,,,0,
ZambiaOCGTDiesel_TH_ZMB,Zambia,ICE,Diesel,2020,2070,84,1,,,,,,,,,,,,,,,,,0,
MmashoroII_TH_BWA,Botswana,OCGT,Gas,2035,2060,90,3,,,,,,,,,,,,25,,,,,0,
MaunI_PV_BWA,Botswana,PV,Solar,2028,2047,200,2,,,,,,,,,,,,30,,,,,1,
MaunII_PV_BWA,Botswana,PV,Solar,2028,2056,200,2,,,,,,,,,,,,30,,,,,1,
LetlhakaneI_PV_BWA,Botswana,PV,Solar,2030,2060,180,3,,,,,,,,,,,,30,,,,,1,
LetlhakaneII_PV_BWA,Botswana,PV,Solar,2032,2062,180,3,,,,,,,,,,,,30,,,,,1,
IsangI_PV_BWA,Botswana,PV,Solar,2033,2063,180,3,,,,,,,,,,,,30,,,,,1,
New_PV_2033_BWA,Botswana,PV,Solar,2033,2063,8000,3,,,,,,,,,,,,80,,,,,1,
IsangII_PV_BWA,Botswana,PV,Solar,2035,2065,180,3,,,,,,,,,,,,30,,,,,1,
Morupule_TH_BWA,Botswana,ST,Coal,2029,2060,615,3,,,,,,,,,,,,300,,,,,0,
New_CSP_AGO,Angola,CSPPlant,CSP,2024,2050,0,3,,,,,,,,,,,,500,,,,,0,
New_CSP_BWA,Botswana,CSPPlant,CSP,2030,2060,0,3,,,,,,,,,,,,200,,,,,0,
Muela2_HY_LSO,Lesotho,ReservoirHydro,Water,2037,2060,110,0,,,,,,,,,,,,110,,,0,0,0,
New_CSP_LSO,Lesotho,CSPPlant,CSP,2024,2050,0,3,,,,,,,,,,,,50,,,,,0,
Maguga_Expansion_HY_SWZ,Eswatini,ROR,Water,2030,2110,10,2,,,,,,,,,,,,,,,,,,
New_CSP_SWZ,Eswatini,CSPPlant,CSP,2024,2050,100,0,,,,,,,,,,,,100,,,0,0,0,
SA_WindPublicProcurement25_REN_ZAF,South_Africa,OnshoreWind,Wind,2025,2055,784,2,,,,,,,,,,,,1500,,,,,1,
SACCGTNG2029_TH_ZAF,South_Africa,CCGT,Gas,2029,2059,3000,2,,,,,,,,,,,,3000,,,,,0,
SACCGTNG2030_TH_ZAF,South_Africa,CCGT,Gas,2030,2060,3000,2,,,,,,,,,,,,3000,,,,,0,
Hale_HY_TZA,Tanzania,ROR,Water,2024,2060,21,1,,,,,,,,,,,,,,,,,0,
Kinyerezi_II_TH_TZA,Tanzania,CCGT,Gas,2018,2044,248,1,,,,,,,,,,,,,,,,,0,
Duynefontein_NU_ZAF,South_Africa,Nuclear,Uranium,2040,2095,5200,3,,,,,,,,,,,,1250,,,,,0,
Songas_TH_TZA,Tanzania,OCGT,Gas,2004,2034,189,1,,,,,,,,,,,,,,,,,0,
Kinyerezi_I_Ext_TH_TZA,Tanzania,OCGT,Gas,2022,2047,185,1,,,,,,,,,,,,,,,,,0,
New_CSP_ZMB,Zambia,CSPPlant,CSP,2024,2055,0,0,,,,,,,,,,,,500,,,0,0,0,
Kinyerezi_I_TH_TZA,Tanzania,OCGT,Gas,2015,2035,150,1,,,,,,,,,,,,,,,,,0,
Ubungo_II_TH_TZA,Tanzania,OCGT,Gas,2012,2031,129,1,,,,,,,,,,,,,,,,,0,
Ubungo_III_TH_TZA,Tanzania,OCGT,Gas,2022,2042,112,1,,,,,,,,,,,,,,,,,0,
Ubongo_I_TH_TZA,Tanzania,ICE,Gas,2007,2027,102,1,,,,,,,,,,,,,,,,,0,
New_OCGT_TH_DRC,DRC,OCGT,Gas,2028,2058,500,3,,,,,,,,,,,,150,,,,,0,
FuelOil_TH_TZA,Tanzania,ICE,HFO,2013,2032,70,1,,,,,,,,,,,,,,,,,0,
JNHPP_1_HY_TZA,Tanzania,ReservoirHydro,Water,2024,2060,2115,1,,,,,,,,,,,,,,,,,0,
Diesel_TH_TZA,Tanzania,ICE,Diesel,2013,2032,60,1,,,,,,,,,,,,,,,,,0,
Tegeta_TH_TZA,Tanzania,ICE,Gas,2009,2029,45,1,,,,,,,,,,,,,,,,,0,
Mtwara_TH_TZA,Tanzania,OCGT,Gas,2018,2035,31,1,,,,,,,,,,,,,,,,,0,
New_OffshoreWind_AGO_SO,Angola_South,OffshoreWind,Wind,2030,2060,8000,3,,,,,,,,,,,,50,,,,,1,
TPC_Bio_TH_TZA,Tanzania,ST,Biomass,2010,2030,9,1,,,,,,,,,,,,,,,,,0,
Kidatu_HY_TZA,Tanzania,ROR,Water,1975,2060,204,1,,,,,,,,,,,,,,,,,0,
Somanga_TH_TZA,Tanzania,OCGT,Gas,2010,2030,8,1,,,,,,,,,,,,,,,,,0,
Small_PV_TZA,Tanzania,PV,Solar,2024,2060,7,1,,,,,,,,,,,,,,,,,1,
Small_Wind_TZA,Tanzania,OnshoreWind,Wind,2024,2060,2,1,,,,,,,,,,,,,,,,,1,
Tanwat_Bio_TH_TZA,Tanzania,ST,Biomass,2010,2029,2,1,,,,,,,,,,,,,,,,,0,
MphandaNkuwa_HY_MOZ,Mozambique_Central,ReservoirHydro,Water,2033,2112,1500,2,,,,,,,,,,,,1500,,,,,0,
New_OffshoreWind_NAM,Namibia,OffshoreWind,Wind,2035,2065,500,3,,,,,,,,,,,,25,,,,,1,
New_OnshoreWind_AGO_SO,Angola_South,OnshoreWind,Wind,2028,2060,8000,3,,,,,,,,,,,,50,,,,,1,
Kihansi_HY_TZA,Tanzania,ROR,Water,2000,2060,180,1,,,,,,,,,,,,,,,,,0,
New_OnshoreWind_BWA,Botswana,OnshoreWind,Wind,2032,2062,8000,3,,,,,,,,,,,,25,,,,,1,
Malagarasi_HY_TZA,Tanzania,ROR,Water,2028,2108,50,2,,,,,,,,,,,,50,,,,,0,
New_OnshoreWind_DRC,DRC,OnshoreWind,Wind,2027,2056,8000,3,,,,,,,,,,,,70,,,,,1,
New_PV_2035_DRCSouth,DRC_South,PV,Solar,2035,2060,4000,3,,,,,,,,,,,,60,,,,,1,
New_OnshoreWind_DRCSouth,DRC_South,OnshoreWind,Wind,2027,2056,8000,3,,,,,,,,,,,,45,,,,,1,
New_OnshoreWind_LSO,Lesotho,OnshoreWind,Wind,2029,2056,500,3,,,,,,,,,,,,20,,,,,1,
New_OnshoreWind_SWZ,Eswatini,OnshoreWind,Wind,2031,2061,1000,3,,,,,,,,,,,,20,,,,,1,
New_OnshoreWind_TZA,Tanzania,OnshoreWind,Wind,2025,2060,400,3,,,,,,,,,,,,60,,,,,1,
AltoMalema_HY_MOZ,Mozambique_North,ReservoirHydro,Water,2035,2110,60,3,,,,,,,,,,,,60,,,,,0,
Beluluane_TH_MOZ,Mozambique_South,CCGT,Gas,2030,2060,2000,3,,,,,,,,,,,,100,,,,,0,
Kishapu_I_PV_TZA,Tanzania,PV,Solar,2026,2060,50,2,,,,,,,,,,,,50,,,,,1,
Kishapu_II_PV_TZA,Tanzania,PV,Solar,2026,2060,50,2,,,,,,,,,,,,50,,,,,1,
Kishapu_III_PV_TZA,Tanzania,PV,Solar,2027,2060,50,2,,,,,,,,,,,,50,,,,,1,
Boroma_HY_MOZ,Mozambique_Central,ReservoirHydro,Water,2037,2110,200,3,,,,,,,,,,,,200,,,,,0,
New_OnshoreWind_AGO_EA,Angola_East,OnshoreWind,Wind,2028,2060,1000,3,,,,,,,,,,,,5,,,,,1,
New_PV_2029_AGO_CE,Angola_Central,PV,Solar,2029,2059,1000,3,,,,,,,,,,,,40,,,,,1,
New_PV_2030_AGO_SO,Angola_South,PV,Solar,2030,2060,4000,3,,,,,,,,,,,,50,,,,,1,
CTMJICA2_TH_MOZ,Mozambique_South,OCGT,Gas,2028,2048,29,3,,,,,,,,,,,,29,,,,,0,
CuambaII_PV_MOZ,Mozambique_North,PV,Solar,2028,2058,30,3,,,,,,,,,,,,30,,,,,1,
New_PV_2040_BWA,Botswana,PV,Solar,2040,2070,8000,3,,,,,,,,,,,,80,,,,,1,
New_PV_DRC,DRC,PV,Solar,2026,2060,4000,3,,,,,,,,,,,,50,,,,,1,
New_PV_DRCSouth,DRC_South,PV,Solar,2026,2060,4000,3,,,,,,,,,,,,40,,,,,1,
New_PV_LSO,Lesotho,PV,Solar,2029,2060,500,3,,,,,,,,,,,,12,,,,,1,
New_PV_2040_TZA,Tanzania,PV,Solar,2037,2067,3000,3,,,,,,,,,,,,100,,,,,1,
New_PV_TZA,Tanzania,PV,Solar,2027,2052,3000,3,,,,,,,,,,,,100,,,,,1,
LeopardsHill_Hybrid_PV_ZMB,Zambia,PV,Solar,2028,2058,250,2,,,,,,,,,,,,250,,,,,1,
7Yards_PV_ZMB,Zambia,PV,Solar,2027,2057,100,3,,,,,,,,,,,,50,,,,,1,
Lufubu_HY_ZMB,Zambia,ReservoirHydro,Water,2029,2109,163,3,,,,,,,,,,,,163,,,,,0,
Serenje_PV_ZMB,Zambia,PV,Solar,2027,2057,50,3,,,,,,,,,,,,50,,,,,1,
New_PV_2040_ZMB,Zambia,PV,Solar,2038,2068,2000,3,,,,,,,,,,,,50,,,,,1,
New_PV_ZMB,Zambia,PV,Solar,2028,2060,2000,3,,,,,,,,,,,,80,,,,,1,
New_PV_2040_LSO,Lesotho,PV,Solar,2040,2070,500,3,,,,,,,,,,,,12,,,,,1,
NewCCGTNG_TH_LSO,Lesotho,CCGT,Gas,2027,2074,500,0,,,,,,,,,,,,28,,7,9.7,0.05,0,
NewCCGTNG_TH_SWZ,Eswatini,CCGT,Gas,2030,2077,500,0,,,,,,,,,,,,30,,,,0.05,0,
Ngaka_I_TH_TZA,Tanzania,ST,Coal,2060,2060,200,0,,,,,,,,,,,,200,,,,,,
Ngaka_II_TH_TZA,Tanzania,ST,Coal,2060,2060,400,0,,,,,,,,,,,,200,,,,,,
Ngozi_I_TH_TZA,Tanzania,ST,Geothermal,2035,2060,30,3,,,,,,,,,,,,30,,,,,0,
Ngozi_II_TH_TZA,Tanzania,ST,Geothermal,2035,2060,30,3,,,,,,,,,,,,30,,,,,0,
New_PV_2035_DRC,DRC,PV,Solar,2035,2065,4000,3,,,,,,,,,,,,100,,,,,1,
Nzoro_HY_DRC,DRC,ReservoirHydro,Water,2024,2104,108,3,,,,,,,,,,,,109,,,,,0,
Oxbow_HY_LSO,Lesotho,ReservoirHydro,Water,2029,2109,80,0,,,,,,,,,,,,80,,,0,0,0,
PV_2027_MWI,Malawi,PV,Solar,2027,2057,250,3,,,,,,,,,,,,20,,,,,1,
PV_2030_MWI,Malawi,PV,Solar,2030,2060,1000,3,,,,,,,,,,,,20,,,,,1,
PV_New_SWZ,Eswatini,PV,Solar,2032,2060,3000,3,,,,,,,,,,,,10,,,,,1,
PV_New_2040_SWZ,Eswatini,PV,Solar,2040,2070,3000,3,,,,,,,,,,,,10,,,,,1,
PV_Tender2_SWZ,Eswatini,PV,Solar,2027,2060,75,0,,,,,,,,,,,,75,,,,,1,
Mtera_HY_TZA,Tanzania,ReservoirHydro,Water,1988,2060,80,1,,,,,,,,,,,,,,,,,0,
PV_Tender3_BESS_SWZ,Eswatini,PV,Solar,2030,2060,50,3,,,,,,,,,,,,5,,,,,1,
PV_Tender4_BESS_SWZ,Eswatini,PV,Solar,2030,2060,50,3,,,,,,,,,,,,5,,,,,1,
New_Pangani_Falls_HY_TZA,Tanzania,ROR,Water,1995,2060,68,1,,,,,,,,,,,,,,,,,0,
Nyumba_Ya_Mungu_HY_TZA,Tanzania,ReservoirHydro,Water,1968,2060,8,1,,,,,,,,,,,,,,,,,0,
New_PV_2040_AGO_SO,Angola_South,PV,Solar,2040,2070,4000,3,,,,,,,,,,,,50,,,,,1,
Quilengues_HY_AGO_CE,Angola_Central,ReservoirHydro,Water,2045,2060,210,3,,,,,,,,,,,,210,,,,,0,
SingidaWind2_REN_TZA,Tanzania,OnshoreWind,Wind,2026,2060,75,2,,,,,,,,,,,,75,,,,,1,
Ruhudji_HY_TZA,Tanzania,ReservoirHydro,Water,2035,2112,358,3,,,,,,,,,,,,358,,,,,0,
Rumakali_TH_TZA,Tanzania,ReservoirHydro,Water,2035,2110,222,0,,,,,,,,,,,,222,,,,,0,
SmallPV_2025_PV_TZA,Tanzania,PV,Solar,2028,2060,70,2,,,,,,,,,,,,70,,,,,1,
SmallPV_2026_PV_TZA,Tanzania,PV,Solar,2026,2060,48,2,,,,,,,,,,,,48,,,,,1,
Rukuru_C_MWI,Malawi,ST,Coal,2055,2060,300,0,,,,,,,,,,,,0,,,0,0.05,0,
Rukwa_I_TH_TZA,Tanzania,ST,Coal,2060,2060,300,0,,,,,,,,,,,,300,,,,,,
Rukwa_II_TH_TZA,Tanzania,ST,Coal,2060,2060,600,0,,,,,,,,,,,,300,,,,,,
Rusumo_HY_TZA,Tanzania,ROR,Water,2025,2105,27,1,,,,,,,,,,,,,,,,,0,
SmallHydro_2025_HY_TZA,Tanzania,ReservoirHydro,Water,2025,2105,14,1,,,,,,,,,,,,,,,,,0,
SmallHydro_2026_HY_TZA,Tanzania,ReservoirHydro,Water,2026,2106,15,2,,,,,,,,,,,,15,,,,,0,
SmallHydro_2027_HY_TZA,Tanzania,ReservoirHydro,Water,2027,2107,27,2,,,,,,,,,,,,27,,,,,0,
SmallHydro_HY_TZA,Tanzania,ROR,Water,2016,2060,40,1,,,,,,,,,,,,,,,,,0,
Dondo_PV_MOZ,Mozambique_Central,PV,Solar,2027,2057,30,3,,,,,,,,,,,,30,,,,,1,
Ruzizi4_HY_DRC,DRC,ReservoirHydro,Water,2037,2115,270,3,,,,,,,,,,,,270,,,,,0,
SA_NewGas_ESKOM_ZAF,South_Africa,CCGT,Gas,2029,2078,3000,3,,,,,,,,,,,,3000,,,,,0,
Jangamo_OnshoreWind_MOZ,Mozambique_South,OnshoreWind,Wind,2028,2058,50,3,,,,,,,,,,,,50,,,,,1,
Lichinga_PV_MOZ,Mozambique_North,PV,Solar,2028,2058,30,3,,,,,,,,,,,,30,,,,,1,
Lupata_HY_MOZ,Mozambique_Central,ReservoirHydro,Water,2035,2110,650,3,,,,,,,,,,,,650,,,,,0,
Manje_PV_MOZ,Mozambique_Central,PV,Solar,2028,2058,30,3,,,,,,,,,,,,30,,,,,1,
Mapai_HY_MOZ,Mozambique_South,ReservoirHydro,Water,2040,2110,75,3,,,,,,,,,,,,75,,,,,0,
Massingir_HY_MOZ,Mozambique_South,ROR,Water,2033,2110,18,3,,,,,,,,,,,,18,,,,,0,
MavuziII_HY_MOZ,Mozambique_Central,ROR,Water,2034,2110,37,3,,,,,,,,,,,,18,,,,,0,
Mugeba_HY_MOZ,Mozambique_North,ReservoirHydro,Water,2035,2110,150,3,,,,,,,,,,,,150,,,,,0,
Nacala_TH_MOZ,Mozambique_North,OCGT,Gas,2030,2060,250,3,,,,,,,,,,,,250,,,,,0,
Namaacha_OnshoreWind_MOZ,Mozambique_South,OnshoreWind,Wind,2028,2058,120,3,,,,,,,,,,,,120,,,,,1,
New_OffshoreWind_MOZ,Mozambique_South,OffshoreWind,Wind,2032,2062,8000,3,,,,,,,,,,,,200,,,,,1,
New_OnshoreWind2030_MOZ,Mozambique_South,OnshoreWind,Wind,2030,2060,4000,3,,,,,,,,,,,,150,,,,,1,
New_OnshoreWindII_2030_MOZ,Mozambique_Central,OnshoreWind,Wind,2030,2060,4000,3,,,,,,,,,,,,100,,,,,1,
New_PV_2026_MOZ,Mozambique_Central,PV,Solar,2029,2056,200,3,,,,,,,,,,,,30,,,,,1,
New_PV_2030_MOZ_CE,Mozambique_Central,PV,Solar,2030,2060,8000,3,,,,,,,,,,,,30,,,,,1,
New_PV_2030_MOZ_NO,Mozambique_North,PV,Solar,2030,2060,3000,3,,,,,,,,,,,,30,,,,,1,
Ruo_HY_MOZ,Mozambique_North,ReservoirHydro,Water,2035,2110,85,3,,,,,,,,,,,,85,,,,,0,
SA_SolarGeneric_2031_REN_ZAF,South_Africa,PV,Solar,2031,2056,18400,3,,,,,,,,,,,,1500,,,,,1,
SA_WindNew_REN_ZAF,South_Africa,OnshoreWind,Wind,2031,2060,35700,3,,,,,,,,,,,,3000,,,,,1,
SACCGTNG2032_TH_ZAF,South_Africa,CCGT,Gas,2032,2062,15250,3,,,,,,,,,,,,1250,,,,,0,
Singida_II_WIND_TZA,Tanzania,OnshoreWind,Wind,2026,2060,75,3,,,,,,,,,,,,75,,,,,1,
Somanga_Mtama_TH_TZA,Tanzania,CCGT,Gas,2030,2060,345,3,,,,,,,,,,,,30,,,,,0,
Somanga_PPP_TH_TZA,Tanzania,CCGT,Gas,2030,2060,300,3,,,,,,,,,,,,30,,,,,0,
Somanga_Tanesco_TH_TZA,Tanzania,CCGT,Gas,2030,2060,450,3,,,,,,,,,,,,30,,,,,0,
Inga3BC1_HY_DRC,DRC,ReservoirHydro,Water,2040,2110,7100,0,,,,,,,,,,,,1400,,,0,0,0,
Sombwe_HY_DRC,DRC,ReservoirHydro,Water,2024,2104,300,0,,,,,,,,,,,,300,,,0,0,0,
Songwe_Manolo_HY_TZA,Tanzania,ReservoirHydro,Water,2035,2110,88,3,,,,,,,,,,,,88,,,,,0,
Songwe_Sofre_HY_TZA,Tanzania,ReservoirHydro,Water,2035,2110,80,3,,,,,,,,,,,,80,,,,,0,
Tsate_HY_MOZ,Mozambique_Central,ReservoirHydro,Water,2035,2110,50,3,,,,,,,,,,,,50,,,,,0,
Upper_Kihansi_HY_TZA,Tanzania,ROR,Water,2035,2110,47,3,,,,,,,,,,,,47,,,,,0,
Vuka_HY_AGO_EA,Angola_East,ROR,Water,2032,2112,121,3,,,,,,,,,,,,121,,,,,0,
PV_2040_MWI,Malawi,PV,Solar,2040,2060,1000,3,,,,,,,,,,,,20,,,,,1,
Waste_to_energy_(Blantyre)_BM_MWI,Malawi,ST,Biomass,2031,2061,10,3,,,,,,,,,,,,10,,,,,0,
Wind_2030_MWI,Malawi,OnshoreWind,Wind,2030,2060,350,3,,,,,,,,,,,,20,,,,,1,
Zenzo_HY_AGO_NO,Angola_North,ReservoirHydro,Water,2045,2115,570,3,,,,,,,,,,,,570,,,,,0,
NewGeothermal_TZA,Tanzania,ST,Geothermal,2035,2060,4000,3,,,,,,,,,,,,300,,,,,0,
NewGeothermal_ZMB,Zambia,ST,Geothermal,2045,2060,300,3,,,,,,,,,,,,100,,,,,0,
NewGeothermal_DRC,DRC,ST,Geothermal,2045,2060,500,3,,,,,,,,,,,,100,,,,,0,
New_PV_2035_MOZ_CE,Mozambique_Central,PV,Solar,2035,2060,8000,3,,,,,,,,,,,,30,,,,,1,
New_PV_2035_MOZ_NO,Mozambique_North,PV,Solar,2035,2060,3000,3,,,,,,,,,,,,30,,,,,1,
SA_SolarGeneric_2040_REN_ZAF,South_Africa,PV,Solar,2040,2070,18400,3,,,,,,,,,,,,1500,,,,,1,
Centragrid_PV_ZWE_EA,Zimbabwe_East,PV,Solar,2024,2049,25,1,,,,,,,,,,,,,,,,,1,
Hwange3Extension_TH_ZWE_WE,Zimbabwe_West,ST,Coal_Hwan,2023,2073,600,1,,,,,,,,,,,,,,,,,0,
HwangeI_TH_ZWE_WE,Zimbabwe_West,ST,Coal_Hwan,1987,2037,600,1,,,,,,,,,,,,,,,,,0,
HwangeII_TH_ZWE_WE,Zimbabwe_West,ST,Coal_Hwan,2020,2070,320,1,,,,,,,,,,,,,,,,,0,
KaribaSouth1_HY_ZWE_EA,Zimbabwe_East,ReservoirHydro,Water,1962,2060,1050,1,,,,,,,,,,,,,,,,,0,
ZhongXinIPP_TH_ZWE_WE,Zimbabwe_West,ST,Coal_Zhon,2022,2060,100,1,,,,,,,,,,,,,,,,,0,
Xhongxin_TH_ZWE_WE,Zimbabwe_West,ST,Coal_Zhon,2025,2067,50,1,,,,,,,,,,,,,,,,,0,
Small_Hydro_OrangeGroove_ZWE_EA,Zimbabwe_East,ROR,Water,2024,2084,48.04,1,,,,,,,,,,,,,,,,,0,
Small_solar_PV_ZWE_EA,Zimbabwe_East,PV,Solar,2024,2050,101.2,1,,,,,,,,,,,,,,,,,1,
Smallsolar_metering26_PV_ZWE_EA,Zimbabwe_East,PV,Solar,2026,2051,55.93,2,,,,,,,,,,,,,,,,,1,
Smallsolar_metering27_PV_ZWE_EA,Zimbabwe_East,PV,Solar,2027,2051,29,2,,,,,,,,,,,,,,,,,1,
Smallsolar_metering28_PV_ZWE_EA,Zimbabwe_East,PV,Solar,2028,2051,30,2,,,,,,,,,,,,,,,,,1,
ZhongXinIPP_P2_TH_ZWE_WE,Zimbabwe_West,ST,Coal_Zhon,2027,2061,135,2,,,,,,,,,,,,,,,,,0,
Xhongxin_Ph2_TH_ZWE_WE,Zimbabwe_West,ST,Coal_Zhon,2029,2069,200,2,,,,,,,,,,,,,,,,,0,
ChidobeMizpah_PV_ZWE_WE,Zimbabwe_West,PV,Solar,2027,2057,5,2,,,,,,,,,,,,,,,,,1,
UMC_Nyanga_PV_ZWE_EA,Zimbabwe_East,PV,Solar,2028,2058,19,2,,,,,,,,,,,,,,,,,1,
Centrachine_PV_ZWE_EA,Zimbabwe_East,PV,Solar,2026,2056,100,2,,,,,,,,,,,,,,,,,1,
Bijou_PV_ZWE_WE,Zimbabwe_West,PV,Solar,2027,2057,100,2,,,,,,,,,,,,,,,,,1,
Magdmorris_PV_ZWE_EA,Zimbabwe_East,PV,Solar,2028,2058,35,2,,,,,,,,,,,,,,,,,1,
Handerson_Solar_PV_ZWE_EA,Zimbabwe_East,PV,Solar,2029,2059,70,2,,,,,,,,,,,,,,,,,1,
Matobo_PV_ZWE_WE,Zimbabwe_West,PV,Solar,2028,2058,130,2,,,,,,,,,,,,,,,,,1,
WB_Bids_PV_ZWE_EA,Zimbabwe_East,PV,Solar,2029,2059,141,2,,,,,,,,,,,,,,,,,1,
WB_Bids_PV_ZWE_WE,Zimbabwe_West,PV,Solar,2029,2059,217,2,,,,,,,,,,,,,,,,,1,
New_PV_ZWE_EA,Zimbabwe_East,PV,Solar,2029,2059,3000,3,,,,,,,,,,,,60,,,,,1,
New_PV_ZWE_WE,Zimbabwe_East,PV,Solar,2029,2059,3000,3,,,,,,,,,,,,50,,,,,1,
Munyati_PV_ZWE_WE,Zimbabwe_West,PV,Solar,2028,2058,100,3,,,,,,,,,,,,100,,,,,1,
UnionPeak_TH_ZWE_WE,Zimbabwe_West,ST,Coal_Munya,2030,2063,120,3,,,,,,,,,,,,,,,,,0,
BatokaGorgeSouth_HY_ZWE_WE,Zimbabwe_West,ReservoirHydro,Water,2035,2112,1200,3,,,,,,,,,,,,,,,,,0,
Gairezi_HY_ZWE_EA,Zimbabwe_East,ROR,Water,2030,2060,40,0,,,,,,,,,,,,,,,,,0,
Devil'sGorgeSouth_HY_ZWE_WE,Zimbabwe_West,ReservoirHydro,Water,2037,2115,620,0,,,,,,,,,,,,,,,,,0,
MupataGorgeSouth_HY_ZWE_EA,Zimbabwe_East,ReservoirHydro,Water,2040,2110,600,0,,,,,,,,,,,,,,,,,0,
Muzarabani_TH_ZWE_EA,Zimbabwe_East,CCGT,Gas_Moz,2031,2052,500,3,,,,,,,,,,,,,,,,,0,
Insukamini_PV_ZWE_WE,Zimbabwe_West,PV,Solar,2028,2058,200,3,,,,,,,,,,,,,,,,,1,
Hwange_PV_ZWE_WE,Zimbabwe_West,PV,Solar,2028,2058,20,3,,,,,,,,,,,,,,,,,1,
AfDB_Ph1_WIND_ZWE_WE,Zimbabwe_West,OnshoreWind,Wind,2029,2040,400,3,,,,,,,,,,,,,,,,,1,
New_CCGT_MozGas_TH_ZWE_EA,Zimbabwe_East,CCGT,Gas_Moz,2032,2065,500,0,,,,,,,,,,,,,,,,,0,
Titan_TH_ZWE_WE,Zimbabwe_West,ST,Coal,2034,2064,120,0,,,,,,,,,,,,,,,,,0,
ZhongJinHeli_TH_ZWE,Zimbabwe,ST,Coal,2025,2060,100,0,,,,,,,,,,,,,,,,,0,
ZhongXinIPP_Phase2_TH_ZWE_WE,Zimbabwe,ST,Coal,2026,2060,270,0,,,,,,,,,,,,,,,,,0,
Hwange_Rehab_TH_ZWE_WE,Zimbabwe,ST,Coal_Hwan,2032,2067,700,0,,,,,,,,,,,,,,,,,0,
ZimbabweNG_TH_ZWE,Zimbabwe,ICE,HFO,2024,2054,500,0,,,,,,,,,,,,,,,,,0,
ZZEE_TH_ZWB,Zimbabwe,ST,Coal,2028,2060,270,0,,,,,,,,,,,,,,,,,0,
Import_MOZ_EDM_ZWE,Zimbabwe,INT,Import_MOZ_EDM,2025,2055,50,0,,,,,,,,,,,,,,,,,0,
Import_SAPP_ZWE,Zimbabwe,INT,Import_SAPP,2025,2055,280,0,,,,,,,,,,,,,,,,,0,
Thuli_TH_ZWE,Zimbabwe,ST,Coal,2027,2061,50,0,,,,,,,,,,,,,,,,,0,
Hwange9_10_TH_ZWE,Zimbabwe,ST,Coal_Hwan,2030,2070,600,0,,,,,,,,,,,,,,,,,0,
Centrachine_TH_ZWE,Zimbabwe,ST,Coal_Hara,2029,2059,150,0,,,,,,,,,,,,,,,,,0,
CloverNewEnergy_TH_ZWE,Zimbabwe,ST,Coal_Hara,2028,2063,100,0,,,,,,,,,,,,,,,,,0,
Afrochine_PV_ZWE,Zimbabwe,PV,Solar,2026,2060,100,0,,,,,,,,,,,,,,,,,1,
Karibafloating_Sunspire,Zimbabwe,PV,Solar,2029,2059,150,0,,,,,,,,,,,,,,,,,1,
Karibafloating_Sunspire_Ph2,Zimbabwe,PV,Solar,2030,2060,300,0,,,,,,,,,,,,,,,,,1,
Karibafloating_Sunspire_Ph3,Zimbabwe,PV,Solar,2030,2060,150,0,,,,,,,,,,,,,,,,,1,
NewGlovers_Phase1_PV_ZWE,Zimbabwe,PV,Solar,2026,2056,10,0,,,,,,,,,,,,,,,,,1,
NewGlovers_Phase2_PV_ZWE,Zimbabwe,PV,Solar,2027,2057,100,0,,,,,,,,,,,,,,,,,1,
Guruve_PV_ZWE,Zimbabwe,PV,Solar,2026,2056,5,0,,,,,,,,,,,,,,,,,1,
Grove_PV_ZWE,Zimbabwe,PV,Solar,2026,2056,5,0,,,,,,,,,,,,,,,,,1,
Sabi_PV_ZWE,Zimbabwe,PV,Solar,2026,2056,5,0,,,,,,,,,,,,,,,,,1,
Sunports_PV_ZWE,Zimbabwe,PV,Solar,2026,2056,5,0,,,,,,,,,,,,,,,,,1,
Mapanzure_PV_ZWE,Zimbabwe,PV,Solar,2026,2051,50,0,,,,,,,,,,,,,,,,,1,
Zimplats_Phase2_PV_ZWE,Zimbabwe,PV,Solar,2026,2056,45,0,,,,,,,,,,,,,,,,,1,
Skypower_PV_ZWE,Zimbabwe,PV,Solar,2027,2057,130,0,,,,,,,,,,,,,,,,,1,
New_OnshoreWind_ZWE,Zimbabwe,OnshoreWind,Wind,2030,2058,2000,0,,,,,,,,,,,,,,,,,1,
Import_MOZ_HCB_ZWE,Zimbabwe,INT,Import_MOZ_HCB,2024,2025,50,0,,,,,,,,,,,,,,,,,0,
Import_ZAM_ZWE,Zimbabwe,INT,Import_ZAM,2025,2026,25,0,,,,,,,,,,,,,,,,,0,
Export_NAM_ZWE,Zimbabwe,EXP,Export,2025,2030,80,0,,,,,,,,,,,,,,,,,0,
Import_MOZ_ZWE_new,Zimbabwe,INT,Import_MOZ_HCB,2035,2065,100,0,,,,,,,,,,,,,,,,,0,
Import_BWA_ZWE_new,Zimbabwe,INT,Import_BWA,2030,2060,549,0,,,,,,,,,,,,,,,,,0,
Import_ZAM_ZWE_new,Zimbabwe,INT,Import_ZAM,2035,2065,410,0,,,,,,,,,,,,,,,,,0,
GowkeNorth_TH_ZWE,Zimbabwe,ST,Coal,2031,2060,1400,0,,,,,,,,,,,,,,,,,0,
Chisumbanje_BIO_ZWE,Zimbabwe,ST,Biomass,2024,2074,4,0,,,,,,,,,,,,,,,,,0,
Afrochine_TH_ZWE,Zimbabwe,ST,Coal,2027,2062,150,0,,,,,,,,,,,,,,,,,0,
KaribaSouth1_HY_ZWE_EA,Zimbabwe_East,ReservoirHydro,Water,1962,2060,1050,1,,,,,,,,,,,,,,,,,0,
