z,tech,q,d,t1,t2,t3,t4,t5,t6,t7,t8,t9,t10,t11,t12,t13,t14,t15,t16,t17,t18,t19,t20,t21,t22,t23,t24
CEN,PV,Q1,d1,,,,,,,0.00755555555555556,0.356833333333333,0.561388888888889,0.684722222222222,0.758277777777778,0.794,0.800944444444444,0.784722222222222,0.739944444444444,0.656944444444444,0.525388888888889,0.314388888888889,0.0407222222222222,,,,,
CEN,PV,Q1,d2,,,,,,,,0.392333333333333,0.542777777777778,0.674,0.748833333333333,0.786944444444444,0.794111111111111,0.773166666666667,0.724,0.635944444444444,0.498888888888889,0.275611111111111,0.0176666666666667,,,,,
CEN,PV,Q1,d3,,,,,,,0.00644444444444444,0.351888888888889,0.556666666666667,0.680722222222222,0.749166666666667,0.782833333333333,0.790555555555556,0.772833333333333,0.728,0.647666666666667,0.5225,0.316666666666667,0.0445,,,,,
CEN,PV,Q1,d4,,,,,,,0.006,0.316388888888889,0.529,0.658055555555556,0.729777777777778,0.766388888888889,0.776333333333333,0.757388888888889,0.710888888888889,0.6285,0.503,0.305166666666667,0.0471666666666667,,,,,
CEN,PV,Q1,d5,,,,,,,0.0128571428571429,0.230857142857143,0.399357142857143,0.520928571428571,0.598928571428571,0.638785714285714,0.647214285714286,0.629571428571429,0.578785714285714,0.490785714285714,0.373285714285714,0.222142857142857,0.0525714285714286,,,,,
CEN,PV,Q2,d1,,,,,,,0.0756666666666667,0.262722222222222,0.442388888888889,0.561888888888889,0.638444444444445,0.680222222222222,0.690555555555556,0.675333333333333,0.632444444444444,0.552222222222222,0.433666666666667,0.266444444444444,0.083,,,,,
CEN,PV,Q2,d2,,,,,,,0.0238125,0.3033125,0.5075,0.636625,0.7149375,0.7541875,0.763,0.7435625,0.6855625,0.5846875,0.4573125,0.2963125,0.09675,,,,,
CEN,PV,Q2,d3,,,,,,,0.0267222222222222,0.225555555555556,0.423833333333333,0.564166666666667,0.650611111111111,0.696777777777778,0.712388888888889,0.697722222222222,0.647833333333333,0.555055555555556,0.421111111111111,0.243666666666667,0.0728888888888889,,,,,
CEN,PV,Q2,d4,,,,,,,0.0691666666666667,0.235388888888889,0.414166666666667,0.539111111111111,0.618833333333333,0.661944444444444,0.677777777777778,0.662611111111111,0.616833333333333,0.534777777777778,0.415,0.256722222222222,0.081,,,,,
CEN,PV,Q2,d5,,,,,,,0.0312222222222222,0.139222222222222,0.289,0.449222222222222,0.553388888888889,0.605166666666667,0.605277777777778,0.564444444444445,0.488888888888889,0.378722222222222,0.264111111111111,0.146888888888889,0.0411111111111111,,,,,
CEN,PV,Q3,d1,,,,,,,0.001,0.0672222222222222,0.198722222222222,0.322055555555556,0.409833333333333,0.482722222222222,0.521611111111111,0.499611111111111,0.4415,0.350833333333333,0.2275,0.0994444444444444,0.00738888888888889,,,,,
CEN,PV,Q3,d2,,,,,,,0.0410555555555556,0.195388888888889,0.359555555555556,0.487722222222222,0.601833333333333,0.650555555555556,0.650055555555556,0.616388888888889,0.545055555555556,0.436222222222222,0.284166666666667,0.142555555555556,0.0309444444444444,,,,,
CEN,PV,Q3,d3,,,,,,,0.0301111111111111,0.170611111111111,0.356444444444444,0.510277777777778,0.616333333333333,0.670722222222222,0.677666666666667,0.648111111111111,0.579277777777778,0.456,0.301333333333333,0.152166666666667,0.0324444444444444,,,,,
CEN,PV,Q3,d4,,,,,,,0.00461111111111111,0.0997777777777778,0.252166666666667,0.392666666666667,0.4905,0.568222222222222,0.587944444444444,0.555944444444444,0.496055555555556,0.3935,0.261666666666667,0.126444444444444,0.0185,,,,,
CEN,PV,Q3,d5,,,,,,,,0.0415,0.1632,0.3297,0.4606,0.5534,0.5776,0.5547,0.4957,0.3983,0.2666,0.1086,0.0053,,,,,
CEN,PV,Q4,d1,,,,,,,,0.0669444444444445,0.228888888888889,0.390666666666667,0.511888888888889,0.580777777777778,0.606722222222222,0.600166666666667,0.564277777777778,0.499166666666667,0.359222222222222,0.157722222222222,0.00188888888888889,,,,,
CEN,PV,Q4,d2,,,,,,,,0.125166666666667,0.332055555555556,0.495111111111111,0.643611111111111,0.715666666666667,0.731611111111111,0.709444444444444,0.6415,0.518722222222222,0.384,0.2135,0.0116111111111111,,,,,
CEN,PV,Q4,d3,,,,,,,,0.115277777777778,0.354111111111111,0.542111111111111,0.668611111111111,0.743833333333333,0.769111111111111,0.750055555555556,0.688666666666667,0.578444444444444,0.419388888888889,0.218388888888889,0.00511111111111111,,,,,
CEN,PV,Q4,d4,,,,,,,,0.102388888888889,0.368111111111111,0.562222222222222,0.675222222222222,0.737277777777778,0.755944444444444,0.738166666666667,0.689555555555555,0.599277777777778,0.453555555555556,0.260777777777778,,,,,,
CEN,PV,Q4,d5,,,,,,,,0.0827222222222222,0.309,0.499166666666667,0.617222222222222,0.686333333333333,0.718777777777778,0.715722222222222,0.678777777777778,0.599611111111111,0.452,0.222722222222222,0.00188888888888889,,,,,
CEN,OnshoreWind,Q1,d1,0.002,,,,0.001,0.009,0.025,0.026,0.001,0.009,0.043,0.095,0.175,0.263,0.334,0.345,0.317,0.298,0.295,0.218,0.101,0.031,0.021,0.011
CEN,OnshoreWind,Q1,d2,0.021,0.005,0.001,0.003,0.013,0.045,0.074,0.054,,,,,,,0.004,0.027,0.041,0.067,0.077,0.023,0.008,0.005,,
CEN,OnshoreWind,Q1,d3,0.045,0.016,0.003,,,0.001,0.001,0.001,,0.014,0.063,0.135,0.209,0.291,0.364,0.427,0.461,0.459,0.385,0.248,0.135,0.069,0.032,0.008
CEN,OnshoreWind,Q1,d4,0.079,0.053,0.023,0.011,0.016,0.03,0.048,0.028,0.002,0.003,0.025,0.071,0.124,0.172,0.213,0.241,0.259,0.282,0.241,0.169,0.103,0.059,0.064,0.076
CEN,OnshoreWind,Q1,d5,0.029,0.018,0.005,0.002,0.005,0.017,0.038,0.023,0.003,,,0.005,0.05,0.103,0.161,0.212,0.241,0.28,0.297,0.243,0.195,0.133,0.09,0.068
CEN,OnshoreWind,Q2,d1,0.081,0.069,0.038,0.017,0.009,0.003,0.001,0.001,,0.001,0.004,0.005,0.004,,,0.001,0.021,0.043,0.084,0.128,0.121,0.168,0.27,0.317
CEN,OnshoreWind,Q2,d2,0.168,0.137,0.124,0.079,0.036,0.009,0.005,0.005,0.025,0.058,0.09,0.143,0.222,0.315,0.394,0.475,0.525,0.527,0.432,0.325,0.203,0.121,0.085,0.061
CEN,OnshoreWind,Q2,d3,0.101,0.068,0.029,0.007,0.001,,,,,,,,,0.019,0.037,0.049,0.049,0.038,0.027,0.02,0.035,0.068,0.088,0.103
CEN,OnshoreWind,Q2,d4,0.009,0.01,0.004,0.001,0.002,0.002,0.003,,,,,,,,0.003,0.019,0.012,0.004,0.002,0.001,0.003,0.023,0.088,0.15
CEN,OnshoreWind,Q2,d5,0.133,0.126,0.141,0.159,0.169,0.132,0.076,0.028,,,0.004,0.009,0.011,0.012,0.015,0.014,0.01,0.007,0.004,0.001,,,,0.007
CEN,OnshoreWind,Q3,d1,0.025,0.017,0.009,0.005,0.001,,,,,0.005,0.028,0.036,0.035,0.032,0.03,0.027,0.032,0.041,0.042,0.025,0.005,,,
CEN,OnshoreWind,Q3,d2,0.05,0.035,0.03,0.012,0.004,0.02,0.067,0.07,0.079,0.081,0.079,0.079,0.078,0.072,0.068,0.065,0.068,0.061,0.039,0.017,0.003,0.001,0.002,0.005
CEN,OnshoreWind,Q3,d3,0.021,0.014,0.024,0.054,0.101,0.149,0.158,0.046,0.018,0.047,0.059,0.06,0.055,0.047,0.039,0.035,0.033,0.028,0.018,0.008,0.005,0.007,0.011,0.014
CEN,OnshoreWind,Q3,d4,0.039,0.043,0.044,0.029,0.008,,,,,0.004,0.008,0.012,0.015,0.018,0.023,0.038,0.06,0.058,0.048,0.035,0.015,0.007,0.004,0.002
CEN,OnshoreWind,Q3,d5,0.009,0.009,0.019,0.037,0.043,0.038,0.033,0.021,0.001,0.002,0.005,0.009,0.012,0.013,0.013,0.012,0.009,0.007,0.003,0.001,0.006,0.021,0.035,0.053
CEN,OnshoreWind,Q4,d1,0.02,0.046,0.102,0.152,0.205,0.24,0.241,0.22,0.117,0.018,0.002,,0.001,0.005,0.015,0.024,0.036,0.05,0.029,0.006,0.007,0.041,0.12,0.194
CEN,OnshoreWind,Q4,d2,0.026,0.037,0.06,0.083,0.11,0.137,0.157,0.124,0.04,0.003,,,,,0.002,0.005,0.007,0.005,0.002,,0.002,0.007,0.007,0.004
CEN,OnshoreWind,Q4,d3,0.104,0.12,0.145,0.181,0.234,0.308,0.386,0.341,0.152,0.048,0.008,0.003,0.001,0.001,,,0.002,0.005,0.005,0.003,0.025,0.058,0.098,0.131
CEN,OnshoreWind,Q4,d4,0.008,0.012,0.009,0.009,0.011,0.02,0.034,0.039,0.008,0.001,,,,,0.004,0.01,0.025,0.084,0.155,0.125,0.071,0.033,0.011,0.002
CEN,OnshoreWind,Q4,d5,0.003,0.003,0.004,0.003,0.005,0.008,0.012,0.018,0.01,0.045,0.056,0.046,0.049,0.067,0.084,0.082,0.079,0.109,0.101,0.049,0.017,0.004,0.004,0.011
NES,PV,Q1,d1,,,,,,,0.000111111111111111,0.274666666666667,0.437333333333333,0.549444444444445,0.595666666666667,0.612111111111111,0.626666666666666,0.637,0.625777777777778,0.606444444444445,0.547555555555556,0.368777777777778,0.108666666666667,,,,,
NES,PV,Q1,d2,,,,,,,,0.280777777777778,0.513555555555556,0.599333333333333,0.691777777777778,0.732888888888889,0.733777777777778,0.721222222222222,0.707666666666667,0.637444444444444,0.466333333333333,0.239777777777778,0.0274444444444444,,,,,
NES,PV,Q1,d3,,,,,,,,0.302555555555556,0.453222222222222,0.594111111111111,0.626111111111111,0.642888888888889,0.682333333333333,0.628,0.558777777777778,0.516,0.45,0.306444444444444,0.0538888888888889,,,,,
NES,PV,Q1,d4,,,,,,,0.000111111111111111,0.384111111111111,0.558444444444444,0.688666666666667,0.710444444444444,0.708444444444445,0.721777777777778,0.693111111111111,0.628888888888889,0.589666666666667,0.522222222222222,0.336666666666667,0.0745555555555556,,,,,
NES,PV,Q1,d5,,,,,,,0.008,0.302285714285714,0.438142857142857,0.483,0.513285714285714,0.541142857142857,0.54,0.520714285714286,0.504428571428571,0.460428571428571,0.397428571428571,0.316,0.147857142857143,,,,,
NES,PV,Q2,d1,,,,,,,0.0674444444444444,0.220888888888889,0.400666666666667,0.552555555555556,0.608555555555556,0.623888888888889,0.630222222222222,0.608777777777778,0.576333333333333,0.520666666666667,0.475555555555556,0.378555555555556,0.201444444444444,0.0282222222222222,,,,
NES,PV,Q2,d2,,,,,,,0.02025,0.32375,0.541375,0.635875,0.6785,0.714625,0.728125,0.741,0.7275,0.603125,0.47175,0.347375,0.160125,,,,,
NES,PV,Q2,d3,,,,,,,0.04,0.228777777777778,0.382,0.498111111111111,0.575666666666667,0.620222222222222,0.648555555555556,0.643222222222222,0.629666666666667,0.576,0.471333333333333,0.310555555555556,0.134444444444444,,,,,
NES,PV,Q2,d4,,,,,,,0.0713333333333333,0.283888888888889,0.477,0.598444444444444,0.646111111111111,0.659888888888889,0.683666666666667,0.680666666666667,0.645888888888889,0.609888888888889,0.553222222222222,0.456,0.240333333333333,0.0261111111111111,,,,
NES,PV,Q2,d5,,,,,,,0.0813333333333333,0.280777777777778,0.477333333333333,0.568777777777778,0.613888888888889,0.633444444444444,0.644222222222222,0.646111111111111,0.618555555555556,0.569,0.502444444444444,0.393444444444444,0.212555555555556,0.03,,,,
NES,PV,Q3,d1,,,,,,,0.157333333333333,0.459777777777778,0.609666666666667,0.681555555555555,0.715555555555556,0.731555555555556,0.733333333333333,0.724111111111111,0.700888888888889,0.660333333333333,0.589555555555556,0.443444444444444,0.224666666666667,0.006,,,,
NES,PV,Q3,d2,,,,,,,0.150111111111111,0.379888888888889,0.550777777777778,0.639666666666667,0.691555555555556,0.709888888888889,0.714777777777778,0.707777777777778,0.679888888888889,0.626777777777778,0.546222222222222,0.402555555555556,0.207444444444444,0.0134444444444444,,,,
NES,PV,Q3,d3,,,,,,,0.169666666666667,0.428222222222222,0.570777777777778,0.647333333333333,0.695,0.713888888888889,0.717444444444444,0.709222222222222,0.681333333333333,0.627333333333333,0.543777777777778,0.406444444444444,0.202777777777778,0.00788888888888889,,,,
NES,PV,Q3,d4,,,,,,,0.00944444444444445,0.161444444444444,0.328444444444444,0.495222222222222,0.562888888888889,0.604111111111111,0.601444444444444,0.572,0.507222222222222,0.394,0.287222222222222,0.176555555555556,0.0593333333333333,,,,,
NES,PV,Q3,d5,,,,,,,,0.3152,0.5846,0.6936,0.7438,0.7668,0.7768,0.7772,0.7672,0.741,0.6832,0.5474,0.165,,,,,
NES,PV,Q4,d1,,,,,,,,0.205142857142857,0.485,0.623428571428572,0.691428571428571,0.726,0.744285714285714,0.745142857142857,0.728857142857143,0.695857142857143,0.623,0.461571428571429,0.0838571428571429,,,,,
NES,PV,Q4,d2,,,,,,,,0.173888888888889,0.449,0.584,0.658777777777778,0.714111111111111,0.752555555555556,0.746777777777778,0.722777777777778,0.669777777777778,0.592111111111111,0.452666666666667,0.0513333333333333,,,,,
NES,PV,Q4,d3,,,,,,,,0.0973333333333333,0.359111111111111,0.555444444444444,0.667777777777778,0.716777777777778,0.736888888888889,0.733333333333334,0.709,0.658888888888889,0.564555555555556,0.439444444444444,0.0187777777777778,,,,,
NES,PV,Q4,d4,,,,,,,,0.0707777777777778,0.47,0.672111111111111,0.733333333333333,0.762,0.761666666666667,0.754,0.750333333333333,0.732111111111111,0.678,0.521444444444444,,,,,,
NES,PV,Q4,d5,,,,,,,,0.0127777777777778,0.264555555555556,0.386444444444444,0.466555555555556,0.506777777777778,0.529333333333333,0.539222222222222,0.533777777777778,0.458888888888889,0.377777777777778,0.214777777777778,,,,,,
NES,OnshoreWind,Q1,d1,0.355555555555556,0.335555555555555,0.344444444444444,0.360777777777778,0.387555555555556,0.410111111111111,0.409222222222222,0.38,0.400666666666667,0.416888888888889,0.413222222222222,0.416111111111111,0.416444444444444,0.416222222222222,0.425444444444444,0.445555555555556,0.478222222222222,0.497666666666667,0.497888888888889,0.498222222222222,0.488888888888889,0.463888888888889,0.428222222222222,0.389222222222222
NES,OnshoreWind,Q1,d2,0.610444444444445,0.602666666666667,0.592,0.574777777777778,0.557333333333333,0.561,0.576111111111111,0.563555555555556,0.571555555555556,0.599444444444444,0.601333333333333,0.608222222222222,0.610777777777778,0.602111111111111,0.592111111111111,0.603555555555556,0.631222222222222,0.642444444444444,0.599666666666667,0.624777777777778,0.633444444444444,0.629111111111111,0.619333333333333,0.603111111111111
NES,OnshoreWind,Q1,d3,0.188,0.194777777777778,0.217333333333333,0.267777777777778,0.310777777777778,0.321111111111111,0.319777777777778,0.312,0.326555555555556,0.349444444444444,0.368222222222222,0.401444444444444,0.421222222222222,0.436777777777778,0.457555555555556,0.474888888888889,0.479111111111111,0.451,0.415444444444444,0.394666666666667,0.365777777777778,0.316888888888889,0.274777777777778,0.241333333333333
NES,OnshoreWind,Q1,d4,0.351333333333333,0.354,0.375111111111111,0.423,0.477222222222222,0.498777777777778,0.493222222222222,0.458444444444444,0.469222222222222,0.497555555555556,0.521444444444444,0.554555555555555,0.562111111111111,0.557111111111111,0.552111111111111,0.553777777777778,0.554555555555555,0.536444444444444,0.511888888888889,0.502,0.486222222222222,0.453666666666667,0.422888888888889,0.394
NES,OnshoreWind,Q1,d5,0.427142857142857,0.416142857142857,0.401142857142857,0.380857142857143,0.359571428571429,0.348571428571429,0.355714285714286,0.361571428571429,0.380285714285714,0.383142857142857,0.386142857142857,0.385142857142857,0.385,0.397142857142857,0.427571428571429,0.471,0.502428571428571,0.514428571428571,0.506285714285714,0.493285714285714,0.477571428571429,0.470571428571429,0.480285714285714,0.479714285714286
NES,OnshoreWind,Q2,d1,0.408111111111111,0.429222222222222,0.444,0.437888888888889,0.419,0.401555555555556,0.396333333333333,0.433,0.469777777777778,0.482666666666667,0.493888888888889,0.521888888888889,0.559888888888889,0.592333333333333,0.614444444444445,0.622777777777778,0.619888888888889,0.614666666666667,0.609111111111111,0.578111111111111,0.471777777777778,0.388555555555556,0.372888888888889,0.389555555555556
NES,OnshoreWind,Q2,d2,0.511625,0.512875,0.509875,0.494125,0.4865,0.503875,0.553375,0.572375,0.609125,0.62125,0.6135,0.604,0.605375,0.6145,0.616,0.615,0.612,0.609,0.617125,0.619,0.57575,0.527625,0.490625,0.469625
NES,OnshoreWind,Q2,d3,0.489888888888889,0.515888888888889,0.513777777777778,0.484777777777778,0.446666666666667,0.446333333333333,0.440111111111111,0.433111111111111,0.463111111111111,0.486333333333333,0.505444444444444,0.524222222222222,0.53,0.524666666666667,0.518333333333333,0.516,0.513888888888889,0.493555555555556,0.452777777777778,0.412444444444444,0.377555555555556,0.345333333333333,0.353222222222222,0.386555555555556
NES,OnshoreWind,Q2,d4,0.444222222222222,0.433777777777778,0.438555555555556,0.446222222222222,0.451222222222222,0.465555555555556,0.487333333333333,0.525,0.559888888888889,0.571,0.568444444444445,0.580777777777778,0.601111111111111,0.619444444444444,0.637333333333333,0.652,0.665111111111111,0.671111111111111,0.671666666666667,0.645666666666667,0.546444444444445,0.479111111111111,0.477555555555556,0.467222222222222
NES,OnshoreWind,Q2,d5,0.504666666666667,0.475,0.465777777777778,0.466222222222222,0.472666666666667,0.473888888888889,0.462333333333333,0.439666666666667,0.431555555555556,0.443777777777778,0.479555555555556,0.515555555555556,0.538777777777778,0.553333333333333,0.562111111111111,0.567666666666667,0.574222222222222,0.581111111111111,0.585888888888889,0.587888888888889,0.581222222222222,0.578888888888889,0.564333333333333,0.535888888888889
NES,OnshoreWind,Q3,d1,0.274777777777778,0.249777777777778,0.220555555555556,0.190333333333333,0.165444444444444,0.145333333333333,0.124444444444444,0.113,0.104,0.0933333333333333,0.0892222222222222,0.104777777777778,0.150555555555556,0.220777777777778,0.292666666666667,0.337333333333333,0.356888888888889,0.366111111111111,0.370111111111111,0.369888888888889,0.368555555555556,0.368666666666667,0.361555555555556,0.345888888888889
NES,OnshoreWind,Q3,d2,0.407888888888889,0.389333333333333,0.359444444444444,0.322333333333333,0.293333333333333,0.277,0.261555555555556,0.248111111111111,0.236777777777778,0.229777777777778,0.232666666666667,0.247111111111111,0.274777777777778,0.317,0.364,0.395111111111111,0.405888888888889,0.404444444444444,0.396333333333333,0.397222222222222,0.41,0.427222222222222,0.438222222222222,0.434555555555556
NES,OnshoreWind,Q3,d3,0.356777777777778,0.350333333333333,0.334333333333333,0.297555555555556,0.253333333333333,0.218,0.187888888888889,0.176666666666667,0.166333333333333,0.153444444444444,0.149666666666667,0.157444444444444,0.182888888888889,0.229555555555556,0.285888888888889,0.325888888888889,0.344555555555556,0.350222222222222,0.351555555555556,0.349444444444444,0.343222222222222,0.342777777777778,0.344666666666667,0.344555555555556
NES,OnshoreWind,Q3,d4,0.148888888888889,0.152777777777778,0.150333333333333,0.137,0.120444444444444,0.107222222222222,0.0988888888888889,0.0867777777777778,0.082,0.0758888888888889,0.074,0.0727777777777778,0.0744444444444444,0.0871111111111111,0.11,0.141111111111111,0.163111111111111,0.171888888888889,0.172111111111111,0.172222222222222,0.176333333333333,0.185666666666667,0.195333333333333,0.207444444444444
NES,OnshoreWind,Q3,d5,0.0604,0.0324,0.024,0.0254,0.0336,0.0436,0.0504,0.0486,0.045,0.0392,0.0398,0.0518,0.0758,0.107,0.1338,0.1486,0.159,0.1698,0.1868,0.1948,0.1872,0.17,0.1448,0.1084
NES,OnshoreWind,Q4,d1,0.262142857142857,0.261428571428571,0.265571428571429,0.268285714285714,0.274428571428571,0.302571428571429,0.352714285714286,0.385,0.412285714285714,0.426142857142857,0.413428571428571,0.402285714285714,0.401571428571429,0.402571428571429,0.403,0.417,0.440571428571429,0.454285714285714,0.461,0.461857142857143,0.443571428571429,0.409428571428571,0.368714285714286,0.332
NES,OnshoreWind,Q4,d2,0.192666666666667,0.175,0.16,0.147555555555556,0.139444444444444,0.135111111111111,0.134444444444444,0.131,0.127,0.133444444444444,0.134333333333333,0.136777777777778,0.141222222222222,0.151222222222222,0.173222222222222,0.197222222222222,0.215222222222222,0.225444444444444,0.241222222222222,0.255555555555556,0.265333333333333,0.267777777777778,0.261444444444444,0.247777777777778
NES,OnshoreWind,Q4,d3,0.188,0.159222222222222,0.125666666666667,0.0947777777777778,0.076,0.0686666666666667,0.0701111111111111,0.0721111111111111,0.0737777777777778,0.0812222222222222,0.0875555555555556,0.0945555555555556,0.103555555555556,0.114888888888889,0.131111111111111,0.153888888888889,0.176555555555556,0.187777777777778,0.200888888888889,0.209444444444444,0.206,0.196555555555556,0.182555555555555,0.161555555555556
NES,OnshoreWind,Q4,d4,0.267,0.279333333333333,0.301444444444444,0.324555555555556,0.351777777777778,0.372777777777778,0.384555555555556,0.383888888888889,0.364,0.369666666666667,0.382666666666667,0.396,0.392555555555556,0.381888888888889,0.376555555555556,0.379666666666667,0.388444444444444,0.397,0.407222222222222,0.402,0.386222222222222,0.358,0.325444444444444,0.299888888888889
NES,OnshoreWind,Q4,d5,0.298333333333333,0.282888888888889,0.266666666666667,0.247555555555556,0.233,0.226333333333333,0.232777777777778,0.241555555555556,0.231888888888889,0.240333333333333,0.239888888888889,0.227333333333333,0.214333333333333,0.197777777777778,0.189111111111111,0.198,0.226777777777778,0.316888888888889,0.356666666666667,0.371555555555556,0.379555555555555,0.371777777777778,0.356555555555556,0.339555555555556
NOR,OnshoreWind,Q1,d1,0.533,0.476,0.416,0.388,0.401,0.488,0.538,0.239,0.209,0.32,0.353,0.388,0.42,0.467,0.527,0.599,0.668,0.711,0.751,0.73,0.687,0.688,0.685,0.674
NOR,OnshoreWind,Q1,d2,0.01,0.003,0.002,0.001,,,0.001,0.01,0.189,0.456,0.591,0.574,0.495,0.379,0.259,0.174,0.137,0.308,0.466,0.459,0.362,0.245,0.169,0.129
NOR,OnshoreWind,Q1,d3,0.596,0.663,0.686,0.694,0.682,0.637,0.618,0.435,0.425,0.754,0.849,0.938,0.979,0.99,0.991,0.991,0.985,0.967,0.943,0.902,0.859,0.865,0.893,0.917
NOR,OnshoreWind,Q1,d4,0.013,0.005,0.001,,,0.001,0.005,0.005,0.009,0.065,0.134,0.194,0.245,0.291,0.299,0.251,0.167,0.115,0.067,0.046,0.085,0.188,0.312,0.347
NOR,OnshoreWind,Q1,d5,0.279,0.343,0.386,0.435,0.42,0.345,0.325,0.33,0.253,0.207,0.169,0.125,0.109,0.102,0.109,0.121,0.191,0.219,0.246,0.27,0.266,0.296,0.388,0.481
NOR,OnshoreWind,Q2,d1,0.133,0.155,0.189,0.194,0.193,0.193,0.182,0.122,0.225,0.318,0.264,0.18,0.125,0.097,0.093,0.114,0.162,0.196,0.167,0.102,0.508,0.663,0.595,0.441
NOR,OnshoreWind,Q2,d2,0.575,0.487,0.393,0.28,0.179,0.138,0.069,0.006,,,0.016,0.063,0.117,0.152,0.181,0.227,0.291,0.355,0.502,0.557,0.618,0.683,0.684,0.635
NOR,OnshoreWind,Q2,d3,0.556,0.522,0.437,0.367,0.272,0.168,0.14,0.188,0.101,0.149,0.164,0.194,0.212,0.243,0.311,0.432,0.574,0.73,0.845,0.861,0.824,0.781,0.762,0.763
NOR,OnshoreWind,Q2,d4,0.653,0.596,0.548,0.498,0.448,0.446,0.447,0.229,0.054,0.04,0.085,0.134,0.192,0.241,0.27,0.297,0.328,0.355,0.382,0.468,0.659,0.75,0.762,0.745
NOR,OnshoreWind,Q2,d5,0.873,0.856,0.832,0.812,0.788,0.753,0.705,0.605,0.92,0.854,0.731,0.606,0.524,0.485,0.481,0.483,0.495,0.541,0.622,0.697,0.741,0.762,0.766,0.774
NOR,OnshoreWind,Q3,d1,0.055,0.031,0.018,0.014,0.014,0.021,0.045,0.067,0.025,0.009,0.014,0.033,0.059,0.069,0.063,0.054,0.049,0.063,0.112,0.184,0.213,0.201,0.15,0.106
NOR,OnshoreWind,Q3,d2,0.074,0.026,0.004,0.001,,,,,0.037,0.101,0.146,0.169,0.162,0.133,0.097,0.07,0.058,0.054,0.055,0.05,0.036,0.018,0.006,0.02
NOR,OnshoreWind,Q3,d3,0.208,0.304,0.369,0.42,0.414,0.337,0.236,0.118,0.06,0.047,0.107,0.148,0.144,0.126,0.112,0.103,0.09,0.076,0.065,0.073,0.07,0.067,0.06,0.053
NOR,OnshoreWind,Q3,d4,0.325,0.218,0.127,0.061,0.013,,,,,0.034,0.119,0.208,0.271,0.291,0.279,0.259,0.264,0.278,0.254,0.261,0.259,0.258,0.241,0.194
NOR,OnshoreWind,Q3,d5,0.255,0.135,0.062,0.019,0.004,0.005,0.016,0.036,0.085,0.32,0.508,0.549,0.476,0.364,0.267,0.239,0.253,0.237,0.201,0.237,0.265,0.333,0.34,0.267
NOR,OnshoreWind,Q4,d1,0.153,0.362,0.501,0.442,0.333,0.194,0.086,0.035,0.041,0.101,0.122,0.101,0.074,0.047,0.026,0.016,0.01,0.006,0.003,,,,0.002,0.016
NOR,OnshoreWind,Q4,d2,0.094,0.101,0.102,0.094,0.086,0.077,0.071,0.076,0.04,0.058,0.131,0.256,0.408,0.521,0.575,0.571,0.513,0.374,0.329,0.302,0.275,0.273,0.264,0.228
NOR,OnshoreWind,Q4,d3,0.022,0.073,0.138,0.212,0.295,0.381,0.469,0.55,0.479,0.125,0.113,0.116,0.116,0.134,0.163,0.181,0.191,0.188,0.282,0.504,0.684,0.764,0.786,0.794
NOR,OnshoreWind,Q4,d4,0.141,0.136,0.172,0.212,0.284,0.365,0.358,0.379,0.275,0.089,0.077,0.101,0.107,0.113,0.128,0.102,0.065,0.07,0.124,0.235,0.395,0.534,0.619,0.668
NOR,OnshoreWind,Q4,d5,0.81,0.803,0.796,0.809,0.814,0.804,0.795,0.727,0.404,0.348,0.491,0.455,0.471,0.5,0.531,0.575,0.578,0.621,0.618,0.599,0.58,0.59,0.633,0.672
NTE,PV,Q1,d1,,,,,,,0.2045,0.438222222222222,0.617666666666667,0.702888888888889,0.733722222222222,0.740166666666667,0.735555555555556,0.720222222222222,0.688777777777778,0.648722222222222,0.532944444444444,0.303777777777778,0.0304444444444444,,,,,
NTE,PV,Q1,d2,,,,,,,0.0932222222222222,0.357944444444444,0.487888888888889,0.574277777777778,0.617444444444444,0.638833333333333,0.636222222222222,0.603611111111111,0.574,0.498444444444444,0.342222222222222,0.111888888888889,,,,,,
NTE,PV,Q1,d3,,,,,,,0.0613888888888889,0.393611111111111,0.576222222222222,0.652333333333333,0.675277777777778,0.695555555555556,0.686277777777778,0.6505,0.606833333333333,0.517833333333333,0.383222222222222,0.181388888888889,0.00833333333333333,,,,,
NTE,PV,Q1,d4,,,,,,,0.0515555555555556,0.363888888888889,0.546444444444444,0.639111111111111,0.679277777777778,0.701,0.695,0.671166666666667,0.630333333333333,0.539888888888889,0.398055555555556,0.200277777777778,0.0147777777777778,,,,,
NTE,PV,Q1,d5,,,,,,,0.131714285714286,0.292785714285714,0.427214285714286,0.481285714285714,0.498428571428571,0.5165,0.522285714285714,0.514857142857143,0.489142857142857,0.45,0.3775,0.209428571428571,0.0216428571428571,,,,,
NTE,PV,Q2,d1,,,,,,0.0102777777777778,0.120833333333333,0.250888888888889,0.3785,0.486166666666667,0.543111111111111,0.569555555555556,0.572166666666667,0.554166666666667,0.505388888888889,0.428166666666667,0.321944444444444,0.201444444444444,0.0868888888888889,0.0113333333333333,,,,
NTE,PV,Q2,d2,,,,,,,0.197875,0.4624375,0.5911875,0.672375,0.7255625,0.7415625,0.7385,0.72025,0.6841875,0.6385625,0.5579375,0.3685,0.0904375,,,,,
NTE,PV,Q2,d3,,,,,,0.002,0.244611111111111,0.483222222222222,0.613555555555556,0.684388888888889,0.718444444444444,0.727222222222222,0.734611111111111,0.727388888888889,0.674055555555556,0.623277777777778,0.559777777777778,0.395111111111111,0.120166666666667,,,,,
NTE,PV,Q2,d4,,,,,,0.0261111111111111,0.328277777777778,0.542166666666667,0.644,0.693111111111111,0.716833333333333,0.726111111111111,0.723,0.711277777777778,0.690555555555555,0.654444444444444,0.587,0.458277777777778,0.242111111111111,0.0252222222222222,,,,
NTE,PV,Q2,d5,,,,,,0.0174444444444444,0.189833333333333,0.343611111111111,0.454555555555556,0.547833333333333,0.600666666666667,0.623111111111111,0.621388888888889,0.598722222222222,0.552722222222222,0.483888888888889,0.384888888888889,0.2615,0.120555555555556,0.019,,,,
NTE,PV,Q3,d1,,,,,,,0.122,0.268833333333333,0.385388888888889,0.467444444444444,0.5115,0.531388888888889,0.529222222222222,0.504111111111111,0.456722222222222,0.3965,0.3165,0.213333333333333,0.0769444444444445,,,,,
NTE,PV,Q3,d2,,,,,,0.00688888888888889,0.143388888888889,0.308277777777778,0.436833333333333,0.518777777777778,0.566,0.586444444444445,0.583722222222222,0.562166666666667,0.517722222222222,0.457333333333333,0.365333333333333,0.230277777777778,0.0751666666666667,0.000111111111111111,,,,
NTE,PV,Q3,d3,,,,,,0.000888888888888889,0.0860555555555556,0.218055555555556,0.347888888888889,0.447777777777778,0.514555555555556,0.543166666666667,0.544333333333333,0.518666666666667,0.465555555555556,0.390888888888889,0.301222222222222,0.185277777777778,0.0605,,,,,
NTE,PV,Q3,d4,,,,,,,0.112111111111111,0.303666666666667,0.443833333333333,0.536277777777778,0.587888888888889,0.604277777777778,0.602333333333333,0.579722222222222,0.526,0.449944444444444,0.357944444444445,0.235944444444444,0.0930555555555556,,,,,
NTE,PV,Q3,d5,,,,,,,0.0444,0.2956,0.4672,0.5686,0.6289,0.661,0.6671,0.6532,0.6097,0.5347,0.4224,0.2676,0.0272,,,,,
NTE,PV,Q4,d1,,,,,,,0.0316428571428571,0.276571428571429,0.488,0.600142857142857,0.658785714285714,0.686071428571428,0.693,0.681571428571428,0.645285714285714,0.576642857142857,0.459714285714286,0.281428571428571,0.00885714285714286,,,,,
NTE,PV,Q4,d2,,,,,,,0.0521111111111111,0.233333333333333,0.451944444444444,0.574611111111111,0.636444444444444,0.668833333333333,0.676555555555556,0.671166666666667,0.643777777777778,0.586333333333333,0.476388888888889,0.288777777777778,0.00144444444444444,,,,,
NTE,PV,Q4,d3,,,,,,,0.0376666666666667,0.224,0.448722222222222,0.575555555555556,0.646777777777778,0.683,0.694333333333333,0.694111111111111,0.658944444444445,0.590944444444444,0.496166666666667,0.300222222222222,,,,,,
NTE,PV,Q4,d4,,,,,,,0.00733333333333333,0.191611111111111,0.453666666666667,0.599,0.672777777777778,0.712388888888889,0.725611111111111,0.719888888888889,0.687777777777778,0.624611111111111,0.506833333333333,0.130666666666667,,,,,,
NTE,PV,Q4,d5,,,,,,,,0.0861111111111111,0.322666666666667,0.5,0.611166666666667,0.655722222222222,0.648611111111111,0.627555555555555,0.567166666666667,0.476722222222222,0.319333333333333,0.0391666666666667,,,,,,
NTE,OnshoreWind,Q1,d1,0.451,0.538,0.523,0.444,0.349,0.294,0.282,0.112,0.03,0.123,0.216,0.287,0.353,0.42,0.481,0.516,0.457,0.307,0.313,0.328,0.282,0.208,0.15,0.164
NTE,OnshoreWind,Q1,d2,0.527,0.535,0.53,0.535,0.549,0.544,0.538,0.298,0.066,0.161,0.23,0.223,0.256,0.332,0.427,0.469,0.36,0.215,0.135,0.08,0.074,0.093,0.119,0.151
NTE,OnshoreWind,Q1,d3,0.644,0.687,0.697,0.644,0.571,0.53,0.547,0.442,0.642,0.852,0.938,0.961,0.967,0.969,0.971,0.969,0.948,0.932,0.93,0.885,0.838,0.739,0.599,0.466
NTE,OnshoreWind,Q1,d4,0.305,0.219,0.2,0.179,0.178,0.208,0.236,0.185,0.121,0.323,0.812,0.94,0.957,0.948,0.889,0.748,0.635,0.582,0.58,0.596,0.644,0.702,0.758,0.765
NTE,OnshoreWind,Q1,d5,0.089,0.146,0.204,0.224,0.245,0.364,0.444,0.207,0.223,0.215,0.228,0.343,0.566,0.737,0.806,0.81,0.77,0.586,0.361,0.282,0.279,0.233,0.172,0.211
NTE,OnshoreWind,Q2,d1,0.423,0.381,0.288,0.178,0.107,0.056,0.033,0.006,0.003,0.019,0.038,0.053,0.065,0.069,0.068,0.068,0.076,0.068,0.043,0.017,0.038,0.034,0.026,0.032
NTE,OnshoreWind,Q2,d2,0.235,0.236,0.221,0.204,0.201,0.186,0.157,0.065,0.095,0.198,0.256,0.283,0.31,0.334,0.349,0.413,0.467,0.437,0.43,0.446,0.386,0.352,0.327,0.317
NTE,OnshoreWind,Q2,d3,0.362,0.398,0.364,0.332,0.313,0.33,0.348,0.307,0.188,0.543,0.704,0.773,0.836,0.883,0.906,0.921,0.942,0.951,0.929,0.872,0.839,0.809,0.74,0.665
NTE,OnshoreWind,Q2,d4,0.085,0.086,0.092,0.082,0.069,0.057,0.047,0.027,0.011,0.046,0.096,0.168,0.272,0.381,0.464,0.538,0.582,0.574,0.534,0.421,0.355,0.297,0.209,0.151
NTE,OnshoreWind,Q2,d5,0.462,0.457,0.451,0.464,0.473,0.477,0.485,0.382,0.831,0.867,0.868,0.876,0.895,0.915,0.928,0.93,0.923,0.91,0.876,0.768,0.622,0.486,0.453,0.406
NTE,OnshoreWind,Q3,d1,0.014,0.003,0.001,0.004,0.017,0.032,0.042,0.04,0.004,,,,0.006,0.019,0.029,0.017,0.003,,,0.024,0.083,0.1,0.083,0.045
NTE,OnshoreWind,Q3,d2,,,0.005,0.026,0.055,0.09,0.129,0.092,0.112,0.136,0.101,0.066,0.041,0.023,0.011,0.008,0.019,0.03,0.035,0.031,0.024,0.01,0.014,0.05
NTE,OnshoreWind,Q3,d3,0.062,0.088,0.063,0.018,0.002,,,0.001,0.003,0.001,,0.003,0.007,0.01,0.013,0.011,0.006,0.002,0.005,0.024,0.066,0.04,0.007,0.004
NTE,OnshoreWind,Q3,d4,0.199,0.154,0.108,0.089,0.102,0.135,0.175,0.157,0.044,0.12,0.198,0.245,0.234,0.17,0.101,0.055,0.045,0.045,0.034,0.018,0.012,0.009,0.009,0.01
NTE,OnshoreWind,Q3,d5,0.002,0.011,0.044,0.08,0.105,0.131,0.166,0.192,0.08,0.046,0.053,0.077,0.11,0.134,0.146,0.16,0.143,0.086,0.038,0.022,0.046,0.152,0.364,0.388
NTE,OnshoreWind,Q4,d1,0.043,0.034,0.022,0.017,0.023,0.051,0.065,0.076,0.049,0.045,0.084,0.139,0.211,0.249,0.22,0.119,0.06,0.03,0.017,0.022,0.035,0.062,0.095,0.101
NTE,OnshoreWind,Q4,d2,0.105,0.14,0.184,0.21,0.233,0.235,0.231,0.172,0.127,0.147,0.337,0.481,0.593,0.651,0.657,0.661,0.611,0.429,0.274,0.311,0.277,0.242,0.234,0.239
NTE,OnshoreWind,Q4,d3,0.169,0.152,0.119,0.085,0.066,0.043,0.035,0.035,0.046,0.013,0.026,0.068,0.12,0.185,0.257,0.305,0.309,0.235,0.175,0.154,0.162,0.208,0.242,0.258
NTE,OnshoreWind,Q4,d4,0.066,0.071,0.064,0.048,0.038,0.027,0.021,0.027,0.041,0.024,0.068,0.115,0.144,0.162,0.162,0.137,0.108,0.103,0.071,0.051,0.043,0.039,0.045,0.051
NTE,OnshoreWind,Q4,d5,0.321,0.341,0.285,0.233,0.235,0.285,0.364,0.419,0.248,0.337,0.627,0.726,0.791,0.837,0.855,0.832,0.762,0.65,0.63,0.626,0.658,0.693,0.695,0.74
OCC,PV,Q1,d1,,,,,,,0.000555555555555556,0.153277777777778,0.353555555555556,0.508055555555556,0.615222222222222,0.675166666666667,0.705111111111111,0.716944444444444,0.707277777777778,0.649611111111111,0.539111111111111,0.401111111111111,0.215888888888889,0.0763333333333333,,,,
OCC,PV,Q1,d2,,,,,,,,0.357555555555556,0.613611111111111,0.719166666666667,0.766666666666667,0.771611111111111,0.763111111111111,0.749166666666667,0.717222222222222,0.659666666666667,0.537944444444444,0.303611111111111,0.0410555555555556,,,,,
OCC,PV,Q1,d3,,,,,,,,0.362333333333333,0.524111111111111,0.628666666666667,0.700722222222222,0.731555555555556,0.720833333333333,0.709611111111111,0.679611111111111,0.599833333333333,0.460333333333333,0.276277777777778,0.0831111111111111,0.0262222222222222,,,,
OCC,PV,Q1,d4,,,,,,,,0.215111111111111,0.413888888888889,0.560166666666667,0.652333333333333,0.694555555555556,0.702833333333333,0.695666666666667,0.676222222222222,0.608,0.478388888888889,0.312222222222222,0.134555555555556,0.054,,,,
OCC,PV,Q1,d5,,,,,,,0.0125714285714286,0.199642857142857,0.353428571428571,0.484142857142857,0.534928571428571,0.554428571428571,0.554214285714286,0.534714285714286,0.505142857142857,0.480428571428571,0.437428571428571,0.364,0.216428571428571,0.0878571428571429,,,,
OCC,PV,Q2,d1,,,,,,,0.186333333333333,0.2655,0.433055555555556,0.529944444444444,0.589,0.627055555555555,0.650055555555556,0.658888888888889,0.655444444444444,0.628555555555556,0.576222222222222,0.479055555555556,0.313055555555556,0.0940555555555556,0.0258888888888889,,,
OCC,PV,Q2,d2,,,,,,,0.0275,0.28725,0.5685,0.67475,0.7229375,0.7631875,0.787,0.77425,0.766125,0.7393125,0.6781875,0.5771875,0.373625,0.214875,,,,
OCC,PV,Q2,d3,,,,,,,0.0575555555555556,0.215388888888889,0.410777777777778,0.558944444444444,0.642,0.680555555555555,0.690666666666667,0.691777777777778,0.671944444444444,0.633,0.568333333333333,0.471944444444444,0.301222222222222,0.125666666666667,0.000111111111111111,,,
OCC,PV,Q2,d4,,,,,,,0.173111111111111,0.262055555555556,0.444111111111111,0.557555555555556,0.623555555555556,0.664055555555555,0.693333333333333,0.7025,0.692166666666667,0.664944444444444,0.603611111111111,0.504222222222222,0.342,0.125833333333333,0.0356666666666667,,,
OCC,PV,Q2,d5,,,,,,,0.147222222222222,0.234888888888889,0.435055555555556,0.548888888888889,0.611444444444445,0.633666666666667,0.649444444444444,0.644055555555556,0.6185,0.582333333333333,0.525888888888889,0.451,0.315555555555556,0.139166666666667,0.0636666666666667,,,
OCC,PV,Q3,d1,,,,,,,0.0642222222222222,0.239666666666667,0.485166666666667,0.611833333333333,0.674833333333333,0.704666666666667,0.715166666666667,0.708333333333333,0.682333333333333,0.631944444444444,0.565111111111111,0.460555555555556,0.302944444444444,0.103777777777778,0.00633333333333333,,,
OCC,PV,Q3,d2,,,,,,,0.0588888888888889,0.234333333333333,0.476611111111111,0.610666666666667,0.668722222222222,0.694222222222222,0.697444444444444,0.682833333333333,0.654944444444445,0.608111111111111,0.541388888888889,0.450277777777778,0.310444444444444,0.114944444444444,0.0155555555555556,,,
OCC,PV,Q3,d3,,,,,,,0.0657777777777778,0.253666666666667,0.501333333333333,0.638166666666667,0.695,0.7175,0.721333333333333,0.711055555555556,0.688055555555556,0.644166666666667,0.573388888888889,0.477944444444445,0.323444444444444,0.1065,0.0106666666666667,,,
OCC,PV,Q3,d4,,,,,,,0.00677777777777778,0.0900555555555556,0.2925,0.450888888888889,0.545055555555556,0.585277777777778,0.595277777777778,0.573555555555555,0.5245,0.431666666666667,0.326166666666667,0.231388888888889,0.123944444444444,0.0743333333333333,,,,
OCC,PV,Q3,d5,,,,,,,,0.132,0.3517,0.5607,0.6596,0.7102,0.7384,0.7406,0.7193,0.6814,0.6144,0.515,0.3136,0.1364,,,,
OCC,PV,Q4,d1,,,,,,,,0.0896666666666667,0.293698412698413,0.570769841269841,0.680222222222222,0.731801587301587,0.75697619047619,0.762238095238095,0.757785714285714,0.737960317460317,0.681436507936508,0.551968253968254,0.228436507936508,0.0642857142857143,,,,
OCC,PV,Q4,d2,,,,,,,,0.152555555555556,0.298388888888889,0.535555555555555,0.661388888888889,0.722388888888889,0.748777777777778,0.755722222222222,0.749722222222222,0.714222222222222,0.631388888888889,0.490166666666667,0.227111111111111,0.0263333333333333,,,,
OCC,PV,Q4,d3,,,,,,,,0.107222222222222,0.231,0.477777777777778,0.613833333333333,0.688277777777778,0.721333333333333,0.728888888888889,0.716055555555556,0.675666666666667,0.604333333333333,0.499722222222222,0.199333333333333,0.0187777777777778,,,,
OCC,PV,Q4,d4,,,,,,,,0.0759444444444445,0.389833333333333,0.609388888888889,0.698,0.749666666666667,0.768666666666667,0.784,0.772722222222222,0.723555555555556,0.635222222222222,0.446444444444445,0.0335555555555556,,,,,
OCC,PV,Q4,d5,,,,,,,,0.0221666666666667,0.246666666666667,0.4415,0.545,0.597,0.608,0.573611111111111,0.534111111111111,0.466777777777778,0.354,0.160277777777778,,,,,,
OCC,OnshoreWind,Q1,d1,0.475,0.438,0.413,0.32,0.209,0.143,0.123,0.091,0.073,0.252,0.271,0.273,0.325,0.38,0.447,0.513,0.559,0.58,0.55,0.601,0.666,0.708,0.668,0.574
OCC,OnshoreWind,Q1,d2,0.369,0.356,0.37,0.309,0.273,0.243,0.19,0.114,0.039,0.015,,0.006,0.016,0.014,0.013,0.015,0.014,0.008,0.004,0.005,0.038,0.069,0.059,0.032
OCC,OnshoreWind,Q1,d3,0.695,0.668,0.613,0.568,0.535,0.516,0.519,0.457,0.413,0.773,0.82,0.874,0.917,0.941,0.947,0.947,0.937,0.901,0.845,0.799,0.711,0.624,0.578,0.503
OCC,OnshoreWind,Q1,d4,0.192,0.148,0.125,0.121,0.121,0.121,0.121,0.096,0.016,0.03,0.08,0.114,0.157,0.218,0.28,0.369,0.426,0.407,0.37,0.346,0.334,0.294,0.206,0.12
OCC,OnshoreWind,Q1,d5,0.746,0.719,0.69,0.612,0.479,0.339,0.235,0.14,0.035,0.196,0.235,0.321,0.419,0.481,0.5,0.498,0.477,0.456,0.454,0.516,0.582,0.626,0.63,0.61
OCC,OnshoreWind,Q2,d1,0.71,0.726,0.763,0.748,0.705,0.584,0.429,0.404,0.249,0.118,0.055,0.017,0.002,,0.001,0.002,0.004,0.01,0.028,0.135,0.362,0.559,0.6,0.459
OCC,OnshoreWind,Q2,d2,0.3,0.344,0.346,0.364,0.37,0.359,0.337,0.169,0.042,0.071,0.283,0.457,0.567,0.624,0.639,0.629,0.588,0.51,0.425,0.402,0.374,0.367,0.368,0.311
OCC,OnshoreWind,Q2,d3,0.038,0.008,0.046,0.041,0.016,0.006,0.003,0.001,0.046,0.192,0.27,0.339,0.411,0.476,0.525,0.549,0.552,0.556,0.563,0.689,0.792,0.826,0.801,0.756
OCC,OnshoreWind,Q2,d4,0.465,0.395,0.376,0.369,0.354,0.291,0.192,0.071,0.04,0.005,,,,,,,,,,0.009,0.069,0.119,0.128,0.137
OCC,OnshoreWind,Q2,d5,0.692,0.682,0.677,0.539,0.3,0.192,0.213,0.51,0.668,0.674,0.594,0.439,0.272,0.157,0.097,0.096,0.149,0.249,0.404,0.513,0.505,0.401,0.288,0.163
OCC,OnshoreWind,Q3,d1,0.058,0.041,0.036,0.039,0.047,0.066,0.083,0.049,0.057,0.13,0.234,0.282,0.281,0.268,0.268,0.268,0.262,0.264,0.33,0.548,0.647,0.606,0.525,0.425
OCC,OnshoreWind,Q3,d2,0.325,0.272,0.236,0.207,0.186,0.186,0.186,0.185,0.139,0.127,0.22,0.346,0.441,0.488,0.491,0.455,0.417,0.422,0.42,0.422,0.393,0.348,0.325,0.283
OCC,OnshoreWind,Q3,d3,0.261,0.172,0.105,0.078,0.093,0.118,0.125,0.118,0.132,0.152,0.175,0.221,0.293,0.369,0.439,0.493,0.545,0.61,0.645,0.667,0.631,0.519,0.442,0.391
OCC,OnshoreWind,Q3,d4,0.23,0.185,0.177,0.192,0.227,0.262,0.287,0.297,0.394,0.397,0.32,0.233,0.163,0.111,0.064,0.033,0.017,0.013,0.016,0.037,0.083,0.135,0.159,0.149
OCC,OnshoreWind,Q3,d5,0.297,0.261,0.243,0.236,0.224,0.212,0.22,0.236,0.363,0.432,0.395,0.334,0.271,0.215,0.18,0.18,0.214,0.296,0.498,0.697,0.692,0.598,0.568,0.502
OCC,OnshoreWind,Q4,d1,0.494,0.422,0.337,0.251,0.179,0.124,0.084,0.053,0.009,0.006,0.001,,,,,0.001,0.001,0.002,,,0.008,0.039,0.059,0.059
OCC,OnshoreWind,Q4,d2,0.455,0.361,0.295,0.249,0.224,0.211,0.201,0.158,0.056,0.019,,,,,,0.001,0.001,0.002,0.01,0.085,0.249,0.362,0.388,0.357
OCC,OnshoreWind,Q4,d3,0.347,0.284,0.295,0.27,0.225,0.166,0.115,0.067,0.028,0.046,0.22,0.381,0.481,0.547,0.58,0.579,0.561,0.535,0.642,0.705,0.659,0.574,0.481,0.392
OCC,OnshoreWind,Q4,d4,0.064,0.078,0.096,0.1,0.097,0.089,0.076,0.06,0.021,0.025,0.01,0.001,,0.002,0.008,0.015,0.029,0.067,0.136,0.186,0.209,0.238,0.29,0.33
OCC,OnshoreWind,Q4,d5,0.061,0.05,0.029,0.013,0.006,0.001,,,,,,0.005,0.022,0.041,0.05,0.058,0.054,0.038,0.039,0.045,0.046,0.036,0.024,0.015
ORI,PV,Q1,d1,,,,,,,0.0582222222222222,0.496666666666667,0.3815,0.529111111111111,0.643222222222222,0.710388888888889,0.749444444444444,0.770777777777778,0.754777777777778,0.686166666666667,0.580611111111111,0.411611111111111,0.171722222222222,0.074,,,,
ORI,PV,Q1,d2,,,,,,,0.0237777777777778,0.3575,0.559888888888889,0.685944444444444,0.765388888888889,0.809444444444444,0.823111111111111,0.809555555555556,0.767555555555556,0.686055555555556,0.551888888888889,0.319666666666667,0.0195555555555556,,,,,
ORI,PV,Q1,d3,,,,,,,0.0315555555555556,0.301944444444444,0.519,0.663222222222222,0.758555555555556,0.809777777777778,0.8265,0.812944444444444,0.764333333333333,0.673444444444445,0.554277777777778,0.332166666666667,0.0352777777777778,,,,,
ORI,PV,Q1,d4,,,,,,,0.0302222222222222,0.457888888888889,0.351777777777778,0.519777777777778,0.655388888888889,0.745944444444444,0.793055555555556,0.806277777777778,0.786888888888889,0.729944444444445,0.624166666666667,0.429888888888889,0.152777777777778,0.053,,,,
ORI,PV,Q1,d5,,,,,,,0.0588571428571429,0.360714285714286,0.266785714285714,0.324428571428571,0.3895,0.472071428571429,0.4885,0.472,0.463571428571429,0.447785714285714,0.377071428571429,0.242142857142857,0.0687142857142857,0.018,,,,
ORI,PV,Q2,d1,,,,,,,0.0862222222222222,0.184055555555556,0.332833333333333,0.481555555555556,0.593222222222222,0.670222222222222,0.713666666666667,0.726277777777778,0.709333333333333,0.652388888888889,0.535833333333333,0.372666666666667,0.2025,0.1,0.008,,,
ORI,PV,Q2,d2,,,,,,,0.107625,0.511875,0.3925625,0.546625,0.6615625,0.735375,0.7794375,0.7893125,0.770625,0.7206875,0.618125,0.4369375,0.193,0.091,,,,
ORI,PV,Q2,d3,,,,,,,0.113888888888889,0.204277777777778,0.364388888888889,0.514388888888889,0.629888888888889,0.707111111111111,0.7485,0.762722222222222,0.743111111111111,0.679555555555555,0.563444444444444,0.394833333333333,0.192611111111111,0.097,0.001,,,
ORI,PV,Q2,d4,,,,,,,0.176222222222222,0.258555555555556,0.386888888888889,0.517166666666667,0.618444444444444,0.689388888888889,0.730333333333333,0.744388888888889,0.733333333333333,0.694222222222222,0.617722222222222,0.480444444444444,0.249277777777778,0.096,0.008,,,
ORI,PV,Q2,d5,,,,,,,0.0375555555555556,0.101277777777778,0.226833333333333,0.364722222222222,0.487555555555556,0.5735,0.609944444444445,0.608388888888889,0.574277777777778,0.494166666666667,0.391555555555556,0.272055555555556,0.152222222222222,0.113,0.023,,,
ORI,PV,Q3,d1,,,,,,,0.00311111111111111,0.0753333333333333,0.121444444444444,0.232055555555556,0.348777777777778,0.463277777777778,0.5425,0.563611111111111,0.522722222222222,0.441833333333333,0.328055555555556,0.195944444444444,0.0731666666666667,0.025,,,,
ORI,PV,Q3,d2,,,,,,,0.138333333333333,0.171666666666667,0.323277777777778,0.459277777777778,0.566111111111111,0.637444444444444,0.675611111111111,0.686444444444444,0.661611111111111,0.597444444444444,0.491111111111111,0.342555555555556,0.158111111111111,0.088,0.008,,,
ORI,PV,Q3,d3,,,,,,,0.119888888888889,0.155388888888889,0.309111111111111,0.433666666666667,0.529055555555556,0.605666666666667,0.653111111111111,0.675833333333333,0.658166666666667,0.593666666666667,0.490388888888889,0.357833333333333,0.171388888888889,0.097,0.007,,,
ORI,PV,Q3,d4,,,,,,,0.04,0.211555555555556,0.226944444444444,0.358222222222222,0.497722222222222,0.606722222222222,0.655944444444444,0.657333333333333,0.5945,0.460666666666667,0.333222222222222,0.221833333333333,0.100444444444444,0.061,,,,
ORI,PV,Q3,d5,,,,,,,0.0058,0.1176,0.1464,0.303,0.444,0.5501,0.6224,0.6487,0.6044,0.5158,0.394,0.2647,0.1405,0.053,,,,
ORI,PV,Q4,d1,,,,,,,,0.171111111111111,0.335444444444444,0.582333333333333,0.709666666666667,0.780722222222222,0.811555555555555,0.805,0.762611111111111,0.690555555555555,0.550222222222222,0.327388888888889,,,,,,
ORI,PV,Q4,d2,,,,,,,0.00677777777777778,0.264444444444444,0.292722222222222,0.488388888888889,0.633444444444444,0.723166666666667,0.772444444444444,0.787277777777778,0.771111111111111,0.706888888888889,0.6005,0.423777777777778,0.138277777777778,0.027,,,,
ORI,PV,Q4,d3,,,,,,,0.000555555555555556,0.127444444444444,0.179833333333333,0.373166666666667,0.546444444444444,0.649944444444444,0.706333333333333,0.720277777777778,0.700222222222222,0.640555555555556,0.542777777777778,0.378666666666667,0.133444444444444,0.015,,,,
ORI,PV,Q4,d4,,,,,,,,0.181444444444444,0.317,0.543777777777778,0.676055555555556,0.744944444444444,0.773222222222222,0.766666666666667,0.726388888888889,0.654277777777778,0.516277777777778,0.301777777777778,,,,,,
ORI,PV,Q4,d5,,,,,,,,0.194222222222222,0.337222222222222,0.559444444444444,0.691388888888889,0.7515,0.771833333333333,0.767111111111111,0.738722222222222,0.672888888888889,0.550111111111111,0.302666666666667,,,,,,
ORI,OnshoreWind,Q1,d1,0.285666666666667,0.294888888888889,0.302666666666667,0.29,0.276111111111111,0.268888888888889,0.257444444444444,0.285888888888889,0.312111111111111,0.317666666666667,0.323222222222222,0.341,0.365222222222222,0.395888888888889,0.424777777777778,0.444222222222222,0.455777777777778,0.451333333333333,0.411222222222222,0.366222222222222,0.333777777777778,0.321777777777778,0.331222222222222,0.345
ORI,OnshoreWind,Q1,d2,0.361333333333333,0.35,0.353555555555556,0.353111111111111,0.350444444444444,0.344666666666667,0.335,0.321555555555556,0.333777777777778,0.323666666666667,0.304666666666667,0.290222222222222,0.292111111111111,0.310111111111111,0.338555555555555,0.369333333333333,0.404111111111111,0.425666666666667,0.478666666666667,0.429333333333333,0.381666666666667,0.345555555555556,0.324111111111111,0.319888888888889
ORI,OnshoreWind,Q1,d3,0.355444444444444,0.366,0.373777777777778,0.371888888888889,0.361777777777778,0.362888888888889,0.358111111111111,0.392777777777778,0.416666666666667,0.413444444444444,0.393,0.379555555555556,0.378555555555556,0.386111111111111,0.396777777777778,0.415555555555556,0.436666666666667,0.443333333333333,0.399111111111111,0.354222222222222,0.342555555555556,0.339222222222222,0.335555555555555,0.334444444444444
ORI,OnshoreWind,Q1,d4,0.314888888888889,0.326888888888889,0.334444444444444,0.329,0.321888888888889,0.322222222222222,0.316666666666667,0.343333333333333,0.353,0.347222222222222,0.328777777777778,0.313111111111111,0.309222222222222,0.321888888888889,0.346444444444444,0.374666666666667,0.396333333333333,0.402777777777778,0.365111111111111,0.320444444444444,0.308111111111111,0.305333333333333,0.303555555555555,0.302
ORI,OnshoreWind,Q1,d5,0.209571428571429,0.225714285714286,0.232142857142857,0.234428571428571,0.242428571428571,0.243857142857143,0.245,0.254571428571429,0.258428571428571,0.250857142857143,0.234571428571429,0.214714285714286,0.202571428571429,0.202571428571429,0.207571428571429,0.212428571428571,0.216428571428571,0.222571428571429,0.220857142857143,0.198714285714286,0.186428571428571,0.183428571428571,0.188428571428571,0.198857142857143
ORI,OnshoreWind,Q2,d1,0.168666666666667,0.168,0.166888888888889,0.166,0.162888888888889,0.163555555555556,0.154111111111111,0.168777777777778,0.174777777777778,0.196222222222222,0.228333333333333,0.262555555555555,0.290666666666667,0.308222222222222,0.316222222222222,0.305777777777778,0.292333333333333,0.281222222222222,0.251555555555556,0.218666666666667,0.195777777777778,0.178666666666667,0.177333333333333,0.172555555555556
ORI,OnshoreWind,Q2,d2,0.208625,0.20475,0.202625,0.19975,0.19725,0.189875,0.188,0.214,0.235,0.244625,0.23825,0.235125,0.2425,0.26025,0.286375,0.311,0.325875,0.32575,0.294,0.248625,0.23175,0.224125,0.220625,0.217375
ORI,OnshoreWind,Q2,d3,0.139666666666667,0.143444444444444,0.14,0.138888888888889,0.142444444444444,0.144666666666667,0.143666666666667,0.166444444444444,0.159888888888889,0.136666666666667,0.120222222222222,0.113333333333333,0.116222222222222,0.133333333333333,0.164,0.205888888888889,0.249555555555556,0.267555555555556,0.255666666666667,0.221888888888889,0.194111111111111,0.171777777777778,0.150666666666667,0.140222222222222
ORI,OnshoreWind,Q2,d4,0.0412222222222222,0.0368888888888889,0.0338888888888889,0.0332222222222222,0.0317777777777778,0.0326666666666667,0.0294444444444444,0.037,0.0445555555555556,0.0485555555555556,0.0537777777777778,0.0606666666666667,0.0681111111111111,0.0717777777777778,0.0831111111111111,0.120666666666667,0.167555555555556,0.184666666666667,0.172888888888889,0.141111111111111,0.115222222222222,0.0875555555555556,0.0668888888888889,0.055
ORI,OnshoreWind,Q2,d5,0.191666666666667,0.200111111111111,0.225333333333333,0.236666666666667,0.248444444444444,0.249666666666667,0.212333333333333,0.191,0.215222222222222,0.233888888888889,0.259111111111111,0.283,0.290666666666667,0.297888888888889,0.311444444444444,0.309888888888889,0.279,0.225888888888889,0.197,0.183333333333333,0.180111111111111,0.158333333333333,0.125111111111111,0.118777777777778
ORI,OnshoreWind,Q3,d1,0.0351111111111111,0.0308888888888889,0.0248888888888889,0.0231111111111111,0.0261111111111111,0.0264444444444444,0.024,0.0175555555555556,0.0226666666666667,0.0267777777777778,0.0295555555555556,0.0347777777777778,0.0397777777777778,0.0408888888888889,0.0428888888888889,0.0417777777777778,0.0422222222222222,0.0453333333333333,0.0527777777777778,0.0513333333333333,0.049,0.0463333333333333,0.0464444444444444,0.0436666666666667
ORI,OnshoreWind,Q3,d2,0.109666666666667,0.0993333333333333,0.0902222222222222,0.082,0.0802222222222222,0.0754444444444445,0.068,0.053,0.0573333333333333,0.0523333333333333,0.047,0.0451111111111111,0.051,0.0627777777777778,0.0806666666666667,0.100888888888889,0.117,0.134222222222222,0.152222222222222,0.166444444444444,0.164777777777778,0.157444444444444,0.146666666666667,0.133777777777778
ORI,OnshoreWind,Q3,d3,0.139888888888889,0.126666666666667,0.112222222222222,0.102555555555556,0.105777777777778,0.109777777777778,0.104555555555556,0.0888888888888889,0.0913333333333333,0.0884444444444445,0.0853333333333333,0.082,0.0874444444444444,0.102444444444444,0.128222222222222,0.157666666666667,0.181777777777778,0.195666666666667,0.207777777777778,0.214222222222222,0.202555555555556,0.190666666666667,0.169444444444444,0.146111111111111
ORI,OnshoreWind,Q3,d4,0.0952222222222222,0.077,0.0631111111111111,0.0547777777777778,0.0367777777777778,0.0307777777777778,0.0266666666666667,0.0197777777777778,0.0247777777777778,0.0268888888888889,0.0261111111111111,0.0223333333333333,0.0195555555555556,0.0192222222222222,0.0236666666666667,0.0317777777777778,0.044,0.0597777777777778,0.0871111111111111,0.113111111111111,0.127222222222222,0.132222222222222,0.142111111111111,0.136
ORI,OnshoreWind,Q3,d5,0.303,0.2754,0.2474,0.2364,0.2356,0.2598,0.276,0.249,0.2972,0.379,0.4098,0.42,0.4066,0.3916,0.366,0.331,0.2866,0.241,0.2198,0.1918,0.1684,0.1688,0.1816,0.1986
ORI,OnshoreWind,Q4,d1,0.577555555555556,0.562,0.548777777777778,0.525444444444444,0.512777777777778,0.505111111111111,0.506111111111111,0.486111111111111,0.529,0.564666666666667,0.581,0.588777777777778,0.588111111111111,0.582333333333333,0.576444444444445,0.555444444444445,0.520222222222222,0.508222222222222,0.531222222222222,0.554333333333333,0.568888888888889,0.576777777777778,0.570777777777778,0.549666666666667
ORI,OnshoreWind,Q4,d2,0.638111111111111,0.615555555555556,0.600666666666667,0.591222222222222,0.582777777777778,0.579777777777778,0.571888888888889,0.549111111111111,0.671444444444444,0.701444444444445,0.688444444444444,0.657777777777778,0.627888888888889,0.615777777777778,0.624888888888889,0.647111111111111,0.657,0.643888888888889,0.675222222222222,0.698111111111111,0.705333333333333,0.704333333333333,0.686777777777778,0.664444444444444
ORI,OnshoreWind,Q4,d3,0.663222222222222,0.665111111111111,0.667777777777778,0.669333333333333,0.672333333333333,0.661777777777778,0.644,0.608111111111111,0.659666666666667,0.692555555555556,0.690222222222222,0.658333333333333,0.607444444444444,0.567777777777778,0.566,0.580777777777778,0.596111111111111,0.593777777777778,0.635777777777778,0.679,0.697777777777778,0.7,0.691111111111111,0.667444444444444
ORI,OnshoreWind,Q4,d4,0.443555555555556,0.425666666666667,0.411888888888889,0.388111111111111,0.371222222222222,0.359444444444444,0.358222222222222,0.336111111111111,0.373888888888889,0.402444444444445,0.416333333333333,0.422888888888889,0.420666666666667,0.411111111111111,0.400222222222222,0.380111111111111,0.352888888888889,0.352222222222222,0.389444444444444,0.425111111111111,0.458222222222222,0.478777777777778,0.480333333333333,0.470111111111111
ORI,OnshoreWind,Q4,d5,0.547333333333333,0.545444444444444,0.542222222222222,0.543777777777778,0.544444444444444,0.539777777777778,0.537444444444444,0.523111111111111,0.543444444444444,0.564333333333333,0.555777777777778,0.544555555555556,0.537666666666667,0.538111111111111,0.551555555555556,0.576555555555556,0.606111111111111,0.634666666666667,0.662888888888889,0.66,0.639666666666667,0.622,0.599666666666667,0.577111111111111
PEN,PV,Q1,d1,,,,,,0.000222222222222222,0.241555555555556,0.272444444444444,0.432055555555556,0.563555555555556,0.633222222222222,0.674333333333333,0.679166666666667,0.671444444444445,0.6305,0.523166666666667,0.360888888888889,0.149777777777778,0.028,,,,,
PEN,PV,Q1,d2,,,,,,,0.306,0.376722222222222,0.542833333333333,0.656833333333333,0.729166666666667,0.765388888888889,0.77,0.756833333333333,0.714,0.622222222222222,0.447388888888889,0.141111111111111,0.015,,,,,
PEN,PV,Q1,d3,,,,,,,0.282444444444444,0.297722222222222,0.446166666666667,0.579111111111111,0.663833333333333,0.702555555555556,0.731888888888889,0.709222222222222,0.635444444444444,0.521,0.345166666666667,0.122555555555556,0.021,,,,,
PEN,PV,Q1,d4,,,,,,,0.315111111111111,0.294055555555556,0.4625,0.590666666666667,0.667333333333333,0.711333333333333,0.721888888888889,0.696166666666667,0.620888888888889,0.510777777777778,0.334888888888889,0.132333333333333,0.026,,,,,
PEN,PV,Q1,d5,,,,,,0.000428571428571429,0.197285714285714,0.222214285714286,0.367857142857143,0.481071428571429,0.565357142857143,0.612571428571429,0.6285,0.616785714285714,0.5725,0.4855,0.355714285714286,0.166285714285714,0.04,,,,,
PEN,PV,Q2,d1,,,,,,0.0812222222222222,0.160055555555556,0.2975,0.424833333333333,0.526444444444444,0.601666666666667,0.643055555555555,0.6565,0.637222222222222,0.584833333333333,0.472055555555556,0.322277777777778,0.156888888888889,0.0260555555555556,,,,,
PEN,PV,Q2,d2,,,,,,0.0025,0.288125,0.2865,0.423,0.53975,0.6298125,0.6829375,0.7009375,0.6835,0.625875,0.5205,0.3795625,0.1581875,0.03,,,,,
PEN,PV,Q2,d3,,,,,,0.013,0.136722222222222,0.289333333333333,0.441444444444444,0.568055555555556,0.652166666666667,0.700611111111111,0.717111111111111,0.702555555555555,0.656777777777778,0.561555555555556,0.420333333333333,0.205,0.048,,,,,
PEN,PV,Q2,d4,,,,,,0.0632222222222222,0.1355,0.276444444444444,0.404555555555556,0.507833333333333,0.584611111111111,0.632111111111111,0.642777777777778,0.630722222222222,0.582111111111111,0.481222222222222,0.345777777777778,0.178777777777778,0.0342777777777778,,,,,
PEN,PV,Q2,d5,,,,,,0.0135555555555556,0.0387222222222222,0.0941111111111111,0.163277777777778,0.230888888888889,0.286111111111111,0.326,0.344,0.3265,0.278444444444444,0.208111111111111,0.132666666666667,0.0612222222222222,0.0118333333333333,,,,,
PEN,PV,Q3,d1,,,,,,0.00922222222222222,0.0573888888888889,0.150111111111111,0.250722222222222,0.336722222222222,0.407722222222222,0.442388888888889,0.445611111111111,0.420944444444444,0.373111111111111,0.266611111111111,0.153833333333333,0.0615555555555556,0.017,,,,,
PEN,PV,Q3,d2,,,,,,0.005,0.0391111111111111,0.121722222222222,0.217944444444444,0.316666666666667,0.393666666666667,0.440944444444444,0.456333333333333,0.441833333333333,0.391388888888889,0.314888888888889,0.205277777777778,0.0906666666666667,0.0170555555555556,,,,,
PEN,PV,Q3,d3,,,,,,0.00622222222222222,0.0458888888888889,0.138777777777778,0.259055555555556,0.366111111111111,0.448555555555556,0.500888888888889,0.521388888888889,0.506277777777778,0.445833333333333,0.350333333333333,0.216333333333333,0.0946666666666667,0.036,,,,,
PEN,PV,Q3,d4,,,,,,0.000111111111111111,0.0795555555555556,0.124055555555556,0.221333333333333,0.308833333333333,0.379833333333333,0.4205,0.432722222222222,0.401666666666667,0.338,0.237888888888889,0.136111111111111,0.0441666666666667,0.009,,,,,
PEN,PV,Q3,d5,,,,,,,0.0488,0.0944,0.1928,0.2706,0.3222,0.3387,0.3432,0.3367,0.2991,0.2269,0.1194,0.032,0.003,,,,,
PEN,PV,Q4,d1,,,,,,,0.0215714285714286,0.0686428571428571,0.174,0.287214285714286,0.362571428571429,0.409642857142857,0.413071428571429,0.375214285714286,0.329214285714286,0.229285714285714,0.117714285714286,0.0356428571428571,0.004,,,,,
PEN,PV,Q4,d2,,,,,,,0.0907777777777778,0.165444444444444,0.306166666666667,0.414888888888889,0.495333333333333,0.546722222222222,0.532277777777778,0.518777777777778,0.4695,0.388,0.257111111111111,0.0738333333333333,0.007,,,,,
PEN,PV,Q4,d3,,,,,,,0.0851111111111111,0.174555555555556,0.362333333333333,0.495944444444444,0.592611111111111,0.644722222222222,0.651277777777778,0.644833333333333,0.601722222222222,0.500777777777778,0.380888888888889,0.123111111111111,0.009,,,,,
PEN,PV,Q4,d4,,,,,,,0.041,0.144333333333333,0.303722222222222,0.444833333333333,0.550388888888889,0.588722222222222,0.629444444444444,0.582111111111111,0.522555555555556,0.429222222222222,0.255333333333333,0.0415555555555556,,,,,,
PEN,PV,Q4,d5,,,,,,,0.0205555555555556,0.149444444444444,0.336722222222222,0.491333333333333,0.609166666666667,0.646444444444444,0.661277777777778,0.632388888888889,0.555222222222222,0.469055555555556,0.301333333333333,0.0566111111111111,,,,,,
PEN,OnshoreWind,Q1,d1,0.544,0.533,0.525,0.522,0.552,0.596,0.59,0.562,0.651,0.658,0.603,0.509,0.398,0.297,0.244,0.227,0.227,0.219,0.194,0.167,0.185,0.236,0.25,0.233
PEN,OnshoreWind,Q1,d2,0.112,0.08,0.022,,,,,,,,,,,,,,0.011,0.039,0.119,0.175,0.164,0.14,0.125,0.131
PEN,OnshoreWind,Q1,d3,0.488,0.539,0.599,0.654,0.701,0.707,0.697,0.667,0.673,0.675,0.672,0.668,0.662,0.655,0.646,0.629,0.604,0.558,0.493,0.46,0.483,0.507,0.525,0.552
PEN,OnshoreWind,Q1,d4,0.152,0.185,0.228,0.257,0.28,0.283,0.308,0.277,0.261,0.294,0.292,0.291,0.294,0.294,0.289,0.285,0.289,0.288,0.267,0.241,0.231,0.226,0.22,0.215
PEN,OnshoreWind,Q1,d5,0.284,0.282,0.272,0.269,0.255,0.25,0.254,0.208,0.195,0.185,0.179,0.183,0.185,0.184,0.187,0.198,0.224,0.238,0.23,0.209,0.203,0.211,0.226,0.225
PEN,OnshoreWind,Q2,d1,0.164,0.132,0.107,0.085,0.078,0.076,0.079,0.081,0.093,0.101,0.111,0.118,0.134,0.16,0.194,0.231,0.253,0.262,0.274,0.274,0.278,0.303,0.343,0.364
PEN,OnshoreWind,Q2,d2,0.007,0.025,0.053,0.111,0.224,0.346,0.42,0.449,0.446,0.388,0.293,0.207,0.142,0.092,0.066,0.076,0.132,0.269,0.466,0.586,0.6,0.571,0.532,0.508
PEN,OnshoreWind,Q2,d3,0.253,0.248,0.245,0.251,0.274,0.3,0.323,0.32,0.391,0.393,0.378,0.374,0.364,0.346,0.329,0.324,0.311,0.274,0.238,0.22,0.231,0.284,0.341,0.402
PEN,OnshoreWind,Q2,d4,0.237,0.167,0.105,0.063,0.043,0.036,0.035,0.03,0.03,0.045,0.074,0.116,0.16,0.199,0.227,0.249,0.261,0.256,0.241,0.222,0.216,0.223,0.242,0.261
PEN,OnshoreWind,Q2,d5,0.613,0.566,0.537,0.523,0.495,0.441,0.4,0.386,0.42,0.446,0.451,0.407,0.332,0.269,0.233,0.247,0.275,0.314,0.36,0.444,0.59,0.601,0.584,0.577
PEN,OnshoreWind,Q3,d1,0.077,0.079,0.07,0.055,0.046,0.039,0.027,0.019,0.007,0.003,0.001,0.001,0.001,0.003,0.01,0.021,0.029,0.03,0.03,0.034,0.034,0.029,0.019,0.008
PEN,OnshoreWind,Q3,d2,0.347,0.305,0.278,0.27,0.294,0.314,0.337,0.349,0.358,0.41,0.422,0.388,0.352,0.316,0.283,0.259,0.241,0.243,0.249,0.251,0.241,0.222,0.205,0.196
PEN,OnshoreWind,Q3,d3,0.043,0.031,0.016,0.006,0.003,0.003,0.008,0.011,0.005,0.006,0.006,0.008,0.009,0.009,0.008,0.01,0.01,0.011,0.014,0.018,0.013,0.006,0.001,
PEN,OnshoreWind,Q3,d4,0.128,0.135,0.128,0.118,0.107,0.1,0.089,0.064,0.028,0.009,0.002,,,,,0.004,0.015,0.036,0.068,0.112,0.144,0.162,0.183,0.205
PEN,OnshoreWind,Q3,d5,0.383,0.372,0.328,0.271,0.209,0.164,0.124,0.098,0.074,0.069,0.071,0.076,0.076,0.069,0.064,0.063,0.061,0.074,0.096,0.112,0.112,0.101,0.092,0.084
PEN,OnshoreWind,Q4,d1,0.411,0.405,0.371,0.323,0.275,0.241,0.232,0.221,0.17,0.152,0.174,0.203,0.211,0.193,0.161,0.137,0.125,0.13,0.133,0.141,0.138,0.132,0.132,0.136
PEN,OnshoreWind,Q4,d2,0.083,0.105,0.121,0.126,0.126,0.123,0.111,0.082,0.035,0.024,0.02,0.019,0.015,0.012,0.01,0.008,0.006,0.005,0.005,0.007,0.009,0.009,0.008,0.008
PEN,OnshoreWind,Q4,d3,0.225,0.206,0.201,0.203,0.214,0.223,0.217,0.185,0.131,0.127,0.133,0.142,0.152,0.17,0.192,0.202,0.204,0.201,0.223,0.241,0.252,0.259,0.244,0.252
PEN,OnshoreWind,Q4,d4,0.565,0.596,0.638,0.671,0.697,0.689,0.696,0.686,0.622,0.671,0.71,0.751,0.765,0.755,0.702,0.655,0.649,0.689,0.736,0.746,0.808,0.86,0.867,0.86
PEN,OnshoreWind,Q4,d5,0.556,0.491,0.41,0.362,0.341,0.325,0.332,0.331,0.311,0.295,0.314,0.325,0.343,0.356,0.348,0.367,0.398,0.437,0.481,0.501,0.515,0.502,0.453,0.437
SIBC,PV,Q1,d1,,,,,,,,0.0173333333333333,0.390111111111111,0.599388888888889,0.712666666666667,0.769388888888889,0.783722222222222,0.761888888888889,0.698944444444444,0.582277777777778,0.376944444444444,0.0923888888888889,,,,,,
SIBC,PV,Q1,d2,,,,,,,,0.0845,0.193666666666667,0.2815,0.340333333333333,0.398666666666667,0.476333333333333,0.5885,0.554666666666667,0.366777777777778,0.224111111111111,0.0878888888888889,0.000666666666666667,,,,,
SIBC,PV,Q1,d3,,,,,,,0.000555555555555556,0.230666666666667,0.459888888888889,0.603888888888889,0.693111111111111,0.754555555555556,0.776277777777778,0.757444444444444,0.702888888888889,0.606166666666667,0.446,0.214777777777778,0.0124444444444444,,,,,
SIBC,PV,Q1,d4,,,,,,,0.00122222222222222,0.248722222222222,0.4985,0.645,0.730833333333333,0.784944444444444,0.797888888888889,0.780222222222222,0.722833333333333,0.602944444444445,0.405833333333333,0.212777777777778,0.0189444444444444,,,,,
SIBC,PV,Q1,d5,,,,,,,0.0171428571428571,0.224,0.411285714285714,0.54,0.614428571428571,0.652857142857143,0.6505,0.606,0.523,0.402571428571429,0.284928571428571,0.163071428571429,0.0409285714285714,,,,,
SIBC,PV,Q2,d1,,,,,,0.00577777777777778,0.132555555555556,0.282111111111111,0.406,0.514611111111111,0.614666666666667,0.666222222222222,0.6755,0.664222222222222,0.625666666666667,0.561,0.465333333333333,0.328666666666667,0.158611111111111,0.0234444444444444,,,,
SIBC,PV,Q2,d2,,,,,,,0.0496875,0.318375,0.5194375,0.649,0.7289375,0.7751875,0.79275,0.7803125,0.7366875,0.6575,0.5361875,0.36125,0.121875,,,,,
SIBC,PV,Q2,d3,,,,,,,0.111666666666667,0.318888888888889,0.501,0.623277777777778,0.701444444444445,0.752944444444444,0.770833333333333,0.758277777777778,0.715722222222222,0.646222222222222,0.524666666666667,0.3565,0.15,,,,,
SIBC,PV,Q2,d4,,,,,,0.00433333333333333,0.169888888888889,0.368611111111111,0.517722222222222,0.621222222222222,0.687055555555556,0.7245,0.737111111111111,0.7265,0.689555555555555,0.627277777777778,0.534277777777778,0.403,0.225888888888889,0.0319444444444444,,,,
SIBC,PV,Q2,d5,,,,,,0.00744444444444444,0.142333333333333,0.299,0.431333333333333,0.529277777777778,0.594777777777778,0.631222222222222,0.628777777777778,0.608777777777778,0.572611111111111,0.516555555555556,0.444944444444444,0.331666666666667,0.1795,0.0307222222222222,,,,
SIBC,PV,Q3,d1,,,,,,,0.0398333333333333,0.257166666666667,0.440055555555556,0.562277777777778,0.640666666666667,0.693111111111111,0.707833333333333,0.696444444444444,0.653722222222222,0.582888888888889,0.473,0.309777777777778,0.111222222222222,,,,,
SIBC,PV,Q3,d2,,,,,,,0.102111111111111,0.268888888888889,0.409888888888889,0.526388888888889,0.604777777777778,0.654,0.673333333333333,0.663833333333333,0.624444444444444,0.556777777777778,0.454222222222222,0.308555555555556,0.129222222222222,0.00722222222222222,,,,
SIBC,PV,Q3,d3,,,,,,,0.0745555555555556,0.233666666666667,0.380444444444444,0.497333333333333,0.575388888888889,0.631777777777778,0.652388888888889,0.645277777777778,0.607388888888889,0.5455,0.446833333333333,0.297,0.116722222222222,0.00388888888888889,,,,
SIBC,PV,Q3,d4,,,,,,,0.0589444444444444,0.279611111111111,0.455,0.572777777777778,0.648944444444445,0.697944444444444,0.712222222222222,0.700555555555555,0.658666666666667,0.589055555555556,0.481277777777778,0.322333333333333,0.120111111111111,,,,,
SIBC,PV,Q3,d5,,,,,,,0.003,0.2021,0.4293,0.5706,0.6576,0.7074,0.7218,0.71,0.6657,0.5922,0.4761,0.2982,0.0309,,,,,
SIBC,PV,Q4,d1,,,,,,,,0.145714285714286,0.378714285714286,0.536571428571428,0.632357142857143,0.688142857142857,0.707142857142857,0.697357142857143,0.654285714285714,0.579214285714286,0.458071428571429,0.272142857142857,0.0129285714285714,,,,,
SIBC,PV,Q4,d2,,,,,,,,0.1275,0.386944444444444,0.555055555555556,0.656777777777778,0.716444444444444,0.737666666666667,0.728333333333333,0.686,0.608944444444445,0.482666666666667,0.285388888888889,0.0196666666666667,,,,,
SIBC,PV,Q4,d3,,,,,,,,0.0923888888888889,0.340388888888889,0.527055555555556,0.655888888888889,0.723888888888889,0.736833333333333,0.724666666666667,0.692888888888889,0.623388888888889,0.503111111111111,0.3735,,,,,,
SIBC,PV,Q4,d4,,,,,,,,0.0517777777777778,0.3345,0.554388888888889,0.674555555555556,0.731333333333333,0.751388888888889,0.739277777777778,0.685722222222222,0.602888888888889,0.455666666666667,0.168666666666667,,,,,,
SIBC,PV,Q4,d5,,,,,,,,0.00855555555555556,0.280111111111111,0.5245,0.650222222222222,0.716388888888889,0.738388888888889,0.722888888888889,0.664611111111111,0.559111111111111,0.386166666666667,0.0715555555555555,,,,,,
SIBC,OnshoreWind,Q1,d1,0.618181818181818,0.634224598930481,0.644919786096257,0.654545454545455,0.626737967914438,0.570053475935829,0.525133689839572,0.4,0.254545454545455,0.318716577540107,0.371122994652406,0.458823529411765,0.568983957219251,0.67379679144385,0.735828877005347,0.765775401069519,0.766844919786096,0.759358288770053,0.759358288770053,0.777540106951872,0.786096256684492,0.838502673796791,0.916577540106952,0.957219251336898
SIBC,OnshoreWind,Q1,d2,0,0,0,0,0,0,0,0.0025668449197861,0.0102673796791444,0.0154010695187166,0.0577540106951872,0.0962566844919786,0.0975401069518717,0.0782887700534759,0.0320855614973262,0.00770053475935829,0.00128342245989305,0.0025668449197861,0.0243850267379679,0.0397860962566845,0.0474866310160428,0.0603208556149733,0.0667379679144385,0.0641711229946524
SIBC,OnshoreWind,Q1,d3,0.444919786096257,0.348983957219251,0.239144385026738,0.159893048128342,0.132085561497326,0.101497326203209,0.0667379679144385,0.0403208556149733,0.0597860962566845,0.0389304812834225,0.0264171122994652,0.0319786096256684,0.0542245989304813,0.0848128342245989,0.101497326203209,0.101497326203209,0.0750802139037433,0.0333689839572193,0.00556149732620321,0.00556149732620321,0.0166844919786096,0.0319786096256684,0.0542245989304813,0.0750802139037433
SIBC,OnshoreWind,Q1,d4,0.397647058823529,0.396256684491979,0.408770053475936,0.428235294117647,0.446310160427808,0.506096256684492,0.602032085561497,0.444919786096257,0.269732620320856,0.17379679144385,0.116791443850267,0.144598930481283,0.233582887700535,0.369839572192513,0.489411764705882,0.649304812834225,0.736898395721925,0.668770053475936,0.524171122994652,0.397647058823529,0.319786096256684,0.333689839572193,0.401818181818182,0.465775401069519
SIBC,OnshoreWind,Q1,d5,0.642352941176471,0.679893048128342,0.678502673796791,0.696577540106952,0.786951871657754,0.789732620320856,0.721604278074866,0.720213903743316,0.913475935828877,1,1,1,1,1,1,1,1,1,1,0.864812834224599,0.76331550802139,0.697967914438503,0.682673796791444,0.638181818181818
SIBC,OnshoreWind,Q2,d1,0.289839572192513,0.238502673796791,0.20427807486631,0.170053475935829,0.147593582887701,0.13475935828877,0.0770053475935829,0.0192513368983957,0.00213903743315508,0.00106951871657754,0,0,0,0,0,0.00106951871657754,0.0106951871657754,0.0417112299465241,0.0855614973262032,0.216042780748663,0.364705882352941,0.386096256684492,0.300534759358289,0.180748663101604
SIBC,OnshoreWind,Q2,d2,0.319572192513369,0.324705882352941,0.363208556149733,0.449197860962567,0.560855614973262,0.698181818181818,0.812406417112299,0.616042780748663,0.49283422459893,0.444064171122995,0.486417112299465,0.66096256684492,0.839358288770053,1,1,1,1,1,1,1,1,1,1,1
SIBC,OnshoreWind,Q2,d3,0.818930481283422,0.800855614973262,0.789732620320856,0.729946524064171,0.682673796791444,0.665989304812834,0.567272727272727,0.253048128342246,0.105668449197861,0.0152941176470588,0,0,0.0013903743315508,0.0013903743315508,0.0013903743315508,0.0013903743315508,0.00417112299465241,0.0111229946524064,0.0458823529411765,0.211336898395722,0.257219251336898,0.212727272727273,0.15572192513369,0.100106951871658
SIBC,OnshoreWind,Q2,d4,0.425454545454545,0.371229946524064,0.304491978609626,0.27668449197861,0.303101604278075,0.367058823529412,0.310053475935829,0.100106951871658,0.0152941176470588,0.00556149732620321,0.0027807486631016,0.0027807486631016,0.00417112299465241,0.00417112299465241,0.00834224598930481,0.0180748663101604,0.0417112299465241,0.0778609625668449,0.148770053475936,0.367058823529412,0.456042780748663,0.375401069518717,0.401818181818182,0.474117647058824
SIBC,OnshoreWind,Q2,d5,0.0681283422459893,0.0653475935828877,0.0486631016042781,0.0166844919786096,0.0027807486631016,0.00973262032085562,0.108449197860963,0.386524064171123,0.678502673796791,0.621497326203209,0.549197860962567,0.465775401069519,0.383743315508021,0.303101604278075,0.265561497326203,0.247486631016043,0.233582887700535,0.20716577540107,0.166844919786096,0.125133689839572,0.129304812834225,0.164064171122995,0.19048128342246,0.183529411764706
SIBC,OnshoreWind,Q3,d1,0.00641711229946524,0.0117647058823529,0.0160427807486631,0.0203208556149733,0.027807486631016,0.0417112299465241,0.0620320855614973,0.0577540106951872,0.100534759358289,0.144385026737968,0.171122994652406,0.188235294117647,0.197860962566845,0.20427807486631,0.180748663101604,0.129411764705882,0.079144385026738,0.0374331550802139,0.00641711229946524,0,0.00106951871657754,0.00427807486631016,0.00641711229946524,0.00855614973262032
SIBC,OnshoreWind,Q3,d2,0.546737967914438,0.617326203208556,0.609625668449198,0.576256684491979,0.535187165775401,0.46331550802139,0.293903743315508,0.0911229946524064,0.0218181818181818,0.0102673796791444,0.0205347593582888,0.0397860962566845,0.0590374331550802,0.0782887700534759,0.080855614973262,0.0641711229946524,0.0372192513368984,0.0205347593582888,0.025668449197861,0.138609625668449,0.263101604278075,0.28620320855615,0.28620320855615,0.296470588235294
SIBC,OnshoreWind,Q3,d3,0.158502673796791,0.118181818181818,0.102887700534759,0.0875935828877005,0.0611764705882353,0.0389304812834225,0.0222459893048128,0.0013903743315508,0.00556149732620321,0.00695187165775401,0.00695187165775401,0.00556149732620321,0.0013903743315508,0,0,0,0.013903743315508,0.0764705882352941,0.177967914438503,0.271122994652406,0.308663101604278,0.296149732620321,0.257219251336898,0.26
SIBC,OnshoreWind,Q3,d4,0.0417112299465241,0.0542245989304813,0.0597860962566845,0.0444919786096257,0.0236363636363636,0.00973262032085562,0.0013903743315508,0,0.00417112299465241,0.0514438502673797,0.0695187165775401,0.0750802139037433,0.0625668449197861,0.0389304812834225,0.0166844919786096,0.0027807486631016,0,0,0,0.013903743315508,0.0764705882352941,0.109839572192513,0.101497326203209,0.0792513368983957
SIBC,OnshoreWind,Q3,d5,0.232192513368984,0.151550802139037,0.0931550802139037,0.0556149732620321,0.0222459893048128,0.00417112299465241,0.0013903743315508,0,0,0.0013903743315508,0.027807486631016,0.0556149732620321,0.0653475935828877,0.0542245989304813,0.0361497326203209,0.0180748663101604,0.00417112299465241,0,0.0027807486631016,0.0180748663101604,0.0514438502673797,0.0681283422459893,0.0792513368983957,0.0931550802139037
SIBC,OnshoreWind,Q4,d1,0.00855614973262032,0.0149732620320856,0.00855614973262032,0.00320855614973262,0.00106951871657754,0,0,0,0,0.00641711229946524,0.0149732620320856,0.0160427807486631,0.0235294117647059,0.027807486631016,0.0310160427807487,0.0374331550802139,0.0363636363636364,0.025668449197861,0.00320855614973262,0.00106951871657754,0.00213903743315508,0.00641711229946524,0.0181818181818182,0.0363636363636364
SIBC,OnshoreWind,Q4,d2,0.287486631016043,0.283636363636364,0.282352941176471,0.282352941176471,0.275935828877005,0.266951871657754,0.288770053475936,0.295187165775401,0.168128342245989,0.110374331550802,0.0744385026737968,0.0474866310160428,0.0911229946524064,0.186096256684492,0.304171122994652,0.436363636363636,0.554438502673797,0.664812834224599,0.762352941176471,0.718716577540107,0.572406417112299,0.551871657754011,0.578823529411765,0.600641711229946
SIBC,OnshoreWind,Q4,d3,0.0166844919786096,0.0347593582887701,0.0431016042780749,0.0194652406417112,0.00973262032085562,0.00695187165775401,0.00417112299465241,0.0013903743315508,0,0,0,0,0,0,0,0,0.0013903743315508,0.00417112299465241,0.0180748663101604,0.0583957219251337,0.0917647058823529,0.0973262032085562,0.0875935828877005,0.0987165775401069
SIBC,OnshoreWind,Q4,d4,1,0.932941176470588,0.91903743315508,0.806417112299465,0.657647058823529,0.678502673796791,0.588128342245989,0.565882352941176,0.52,0.337860962566845,0.201604278074866,0.133475935828877,0.116791443850267,0.145989304812834,0.175187165775401,0.191871657754011,0.179358288770053,0.158502673796791,0.161283422459893,0.134866310160428,0.0903743315508021,0.0917647058823529,0.0889839572192513,0.0945454545454545
SIBC,OnshoreWind,Q4,d5,0.00556149732620321,0.00834224598930481,0.00834224598930481,0.0125133689839572,0.0250267379679144,0.0625668449197861,0.158502673796791,0.293368983957219,0.219679144385027,0.194652406417112,0.215508021390374,0.184919786096257,0.140427807486631,0.10427807486631,0.0750802139037433,0.0514438502673797,0.0792513368983957,0.201604278074866,0.362887700534759,0.404598930481283,0.376791443850267,0.382352941176471,0.397647058823529,0.362887700534759
SIBCS,PV,Q1,d1,,,,,,,0.00722222222222222,0.224777777777778,0.452611111111111,0.601388888888889,0.697444444444444,0.747055555555556,0.763333333333333,0.744666666666667,0.7015,0.621777777777778,0.481,0.271277777777778,0.0228333333333333,,,,,
SIBCS,PV,Q1,d2,,,,,,,,0.179222222222222,0.340944444444444,0.478888888888889,0.597555555555556,0.662166666666667,0.693833333333333,0.669222222222222,0.589555555555556,0.436333333333333,0.255444444444444,0.0930833333333333,0.000888888888888889,,,,,
SIBCS,PV,Q1,d3,,,,,,,0.00344444444444444,0.206,0.417333333333333,0.580722222222222,0.706444444444444,0.763666666666667,0.775666666666667,0.7495,0.679222222222222,0.569388888888889,0.381277777777778,0.159555555555556,0.0157777777777778,,,,,
SIBCS,PV,Q1,d4,,,,,,,0.00433333333333333,0.205055555555556,0.417833333333333,0.535111111111111,0.624555555555556,0.677666666666667,0.691888888888889,0.664777777777778,0.603888888888889,0.513833333333333,0.403222222222222,0.225,0.0156666666666667,,,,,
SIBCS,PV,Q1,d5,,,,,,,0.0245714285714286,0.1095,0.200428571428571,0.301714285714286,0.372285714285714,0.410785714285714,0.406857142857143,0.374428571428571,0.347642857142857,0.299785714285714,0.254428571428571,0.153142857142857,0.0289285714285714,,,,,
SIBCS,PV,Q2,d1,,,,,,0.000666666666666667,0.152833333333333,0.369555555555556,0.531944444444444,0.638777777777778,0.709333333333333,0.747111111111111,0.756611111111111,0.736166666666667,0.683388888888889,0.594722222222222,0.491666666666667,0.352666666666667,0.1725,0.0112222222222222,,,,
SIBCS,PV,Q2,d2,,,,,,,0.0529375,0.3251875,0.549125,0.6716875,0.7505,0.7945625,0.80625,0.791125,0.7485625,0.6723125,0.5515625,0.366375,0.122125,,,,,
SIBCS,PV,Q2,d3,,,,,,,0.118444444444444,0.311611111111111,0.494777777777778,0.631333333333333,0.7175,0.761555555555556,0.7705,0.7475,0.699277777777778,0.615333333333333,0.486111111111111,0.319777777777778,0.112833333333333,,,,,
SIBCS,PV,Q2,d4,,,,,,0.000666666666666667,0.152833333333333,0.369555555555556,0.531944444444444,0.638777777777778,0.709333333333333,0.747111111111111,0.756611111111111,0.736166666666667,0.683388888888889,0.594722222222222,0.491666666666667,0.352666666666667,0.1725,0.0112222222222222,,,,
SIBCS,PV,Q2,d5,,,,,,0.00277777777777778,0.143944444444444,0.300111111111111,0.431055555555556,0.549166666666667,0.633166666666667,0.672666666666667,0.671,0.638722222222222,0.5875,0.545222222222222,0.4545,0.3305,0.168722222222222,0.00961111111111111,,,,
SIBCS,PV,Q3,d1,,,,,,,0.0411111111111111,0.283,0.473444444444444,0.590944444444444,0.668388888888889,0.712611111111111,0.7265,0.712666666666667,0.668666666666667,0.592944444444444,0.467277777777778,0.301555555555556,0.0746666666666667,,,,,
SIBCS,PV,Q3,d2,,,,,,,0.0853888888888889,0.231777777777778,0.385111111111111,0.517444444444444,0.619166666666667,0.669333333333333,0.679555555555556,0.657111111111111,0.603333333333333,0.521722222222222,0.406888888888889,0.257,0.0901666666666666,,,,,
SIBCS,PV,Q3,d3,,,,,,,0.120666666666667,0.281722222222222,0.408722222222222,0.490277777777778,0.563166666666667,0.610166666666667,0.636333333333333,0.626,0.593777777777778,0.527611111111111,0.421444444444444,0.272388888888889,0.0978333333333333,,,,,
SIBCS,PV,Q3,d4,,,,,,,0.0753888888888889,0.314111111111111,0.489666666666667,0.601111111111111,0.676277777777778,0.719388888888889,0.732333333333333,0.718166666666667,0.675777777777778,0.601888888888889,0.491055555555556,0.324666666666667,0.118611111111111,,,,,
SIBCS,PV,Q3,d5,,,,,,,0.0156,0.2564,0.4676,0.5937,0.672,0.698,0.7231,0.7175,0.6801,0.61,0.4946,0.3201,0.0273,,,,,
SIBCS,PV,Q4,d1,,,,,,,0.000111111111111111,0.181944444444444,0.425833333333333,0.579333333333333,0.667444444444445,0.717111111111111,0.733,0.720666666666667,0.6795,0.605166666666667,0.485055555555556,0.300722222222222,0.0108888888888889,,,,,
SIBCS,PV,Q4,d2,,,,,,,,0.177722222222222,0.441888888888889,0.606722222222222,0.700444444444444,0.750888888888889,0.768444444444444,0.757,0.715,0.636666666666667,0.513,0.325166666666667,0.00888888888888889,,,,,
SIBCS,PV,Q4,d3,,,,,,,,0.155111111111111,0.423277777777778,0.586277777777778,0.680555555555556,0.731111111111111,0.749444444444444,0.739388888888889,0.698722222222222,0.625333333333333,0.504333333333333,0.373333333333333,,,,,,
SIBCS,PV,Q4,d4,,,,,,,,0.0902222222222222,0.384055555555555,0.573166666666667,0.685611111111111,0.752611111111111,0.774333333333333,0.767611111111111,0.724333333333333,0.646222222222222,0.504555555555556,0.209388888888889,,,,,,
SIBCS,PV,Q4,d5,,,,,,,,0.066,0.360111111111111,0.562888888888889,0.679222222222222,0.740333333333333,0.758722222222222,0.739666666666667,0.688722222222222,0.601333333333333,0.442055555555556,0.125,,,,,,
SIBCS,OnshoreWind,Q1,d1,0.401222222222222,0.411,0.420555555555556,0.425444444444445,0.416555555555556,0.423222222222222,0.429666666666667,0.408555555555556,0.419666666666667,0.432444444444444,0.452666666666667,0.465,0.473555555555556,0.493222222222222,0.515444444444444,0.533333333333333,0.547666666666667,0.562777777777778,0.557222222222222,0.547444444444444,0.528777777777778,0.490222222222222,0.447,0.427555555555556
SIBCS,OnshoreWind,Q1,d2,0.204444444444444,0.201777777777778,0.196222222222222,0.180444444444444,0.167888888888889,0.159666666666667,0.143,0.121111111111111,0.121888888888889,0.112222222222222,0.101,0.109111111111111,0.134333333333333,0.161555555555556,0.175666666666667,0.185444444444444,0.218555555555556,0.254444444444444,0.275,0.231333333333333,0.205222222222222,0.197777777777778,0.203111111111111,0.217555555555556
SIBCS,OnshoreWind,Q1,d3,0.523333333333333,0.530444444444444,0.531666666666667,0.524888888888889,0.511777777777778,0.487333333333333,0.428777777777778,0.368777777777778,0.363,0.378666666666667,0.388777777777778,0.396777777777778,0.424222222222222,0.472777777777778,0.493888888888889,0.532,0.561888888888889,0.572111111111111,0.576333333333333,0.543555555555556,0.517888888888889,0.511111111111111,0.508333333333333,0.507888888888889
SIBCS,OnshoreWind,Q1,d4,0.486,0.488888888888889,0.489777777777778,0.489888888888889,0.479222222222222,0.458,0.414555555555556,0.383,0.364666666666667,0.347222222222222,0.339888888888889,0.349333333333333,0.381222222222222,0.422,0.450333333333333,0.464,0.467444444444444,0.471555555555556,0.469444444444444,0.452666666666667,0.436222222222222,0.433777777777778,0.442111111111111,0.439888888888889
SIBCS,OnshoreWind,Q1,d5,0.241571428571429,0.229857142857143,0.228285714285714,0.229857142857143,0.211285714285714,0.175857142857143,0.132285714285714,0.116285714285714,0.118428571428571,0.132,0.148571428571429,0.174857142857143,0.202714285714286,0.224,0.237857142857143,0.246571428571429,0.255428571428571,0.272428571428571,0.271571428571429,0.257142857142857,0.244571428571429,0.253285714285714,0.272571428571429,0.276857142857143
SIBCS,OnshoreWind,Q2,d1,0.197,0.179111111111111,0.161777777777778,0.144555555555556,0.138444444444444,0.137777777777778,0.145666666666667,0.161,0.191555555555556,0.223777777777778,0.242888888888889,0.270666666666667,0.305777777777778,0.329777777777778,0.334,0.315555555555556,0.279666666666667,0.249666666666667,0.237333333333333,0.223444444444444,0.205777777777778,0.193444444444444,0.178777777777778,0.158444444444444
SIBCS,OnshoreWind,Q2,d2,0.515625,0.543,0.563125,0.570625,0.5745,0.5695,0.558625,0.56075,0.537375,0.50325,0.483,0.486625,0.513875,0.565625,0.6205,0.651875,0.657875,0.638,0.593875,0.5325,0.48825,0.469625,0.465375,0.475
SIBCS,OnshoreWind,Q2,d3,0.319444444444444,0.323666666666667,0.318111111111111,0.310333333333333,0.298,0.277111111111111,0.245444444444444,0.226888888888889,0.218888888888889,0.216333333333333,0.222888888888889,0.243111111111111,0.279555555555556,0.326555555555556,0.369222222222222,0.398,0.412666666666667,0.416,0.405222222222222,0.385888888888889,0.366888888888889,0.355111111111111,0.348777777777778,0.337555555555556
SIBCS,OnshoreWind,Q2,d4,0.495333333333333,0.503333333333333,0.520444444444444,0.54,0.548,0.534222222222222,0.535333333333333,0.522333333333333,0.505222222222222,0.502888888888889,0.510666666666667,0.515,0.508777777777778,0.497555555555556,0.495222222222222,0.497888888888889,0.487222222222222,0.457444444444444,0.414555555555556,0.383666666666667,0.378222222222222,0.394333333333333,0.418555555555556,0.439666666666667
SIBCS,OnshoreWind,Q2,d5,0.278777777777778,0.277777777777778,0.270222222222222,0.260111111111111,0.260444444444444,0.259555555555556,0.277,0.291666666666667,0.307888888888889,0.327111111111111,0.347444444444444,0.372777777777778,0.397888888888889,0.415444444444445,0.417666666666667,0.403666666666667,0.377,0.348555555555556,0.320888888888889,0.292333333333333,0.273666666666667,0.270444444444444,0.269111111111111,0.264444444444444
SIBCS,OnshoreWind,Q3,d1,0.0818888888888889,0.0771111111111111,0.0735555555555556,0.0692222222222222,0.0625555555555556,0.054,0.043,0.0462222222222222,0.0581111111111111,0.0772222222222222,0.0866666666666667,0.107888888888889,0.154222222222222,0.223777777777778,0.292888888888889,0.339666666666667,0.365111111111111,0.368111111111111,0.316222222222222,0.235555555555556,0.168555555555556,0.122777777777778,0.0943333333333334,0.0797777777777778
SIBCS,OnshoreWind,Q3,d2,0.127555555555556,0.127111111111111,0.132,0.134555555555556,0.128666666666667,0.113222222222222,0.107222222222222,0.111333333333333,0.123666666666667,0.146888888888889,0.181333333333333,0.215777777777778,0.244222222222222,0.267222222222222,0.291555555555556,0.315777777777778,0.324333333333333,0.311777777777778,0.277111111111111,0.243444444444444,0.212,0.178111111111111,0.154666666666667,0.144
SIBCS,OnshoreWind,Q3,d3,0.0966666666666667,0.0868888888888889,0.0874444444444444,0.0936666666666666,0.0937777777777778,0.0817777777777778,0.0717777777777778,0.0685555555555556,0.0721111111111111,0.0853333333333333,0.109,0.135666666666667,0.156222222222222,0.170222222222222,0.187555555555556,0.217888888888889,0.237333333333333,0.231888888888889,0.202111111111111,0.164222222222222,0.136777777777778,0.116111111111111,0.0992222222222222,0.0855555555555556
SIBCS,OnshoreWind,Q3,d4,0.148555555555556,0.147555555555556,0.147777777777778,0.146666666666667,0.140777777777778,0.128888888888889,0.108444444444444,0.104333333333333,0.113666666666667,0.133666666666667,0.148777777777778,0.178444444444444,0.228444444444444,0.286,0.332222222222222,0.357666666666667,0.362555555555556,0.353888888888889,0.317222222222222,0.259,0.203444444444444,0.161555555555556,0.137111111111111,0.127
SIBCS,OnshoreWind,Q3,d5,0.4282,0.4288,0.4118,0.3812,0.3448,0.305,0.2602,0.2514,0.2776,0.3218,0.377,0.4374,0.5002,0.545,0.5636,0.5606,0.5344,0.5004,0.4512,0.415,0.3848,0.36,0.3516,0.361
SIBCS,OnshoreWind,Q4,d1,0.103571428571429,0.0954285714285714,0.094,0.0901428571428571,0.0821428571428571,0.0748571428571429,0.062,0.0545714285714286,0.0677142857142857,0.0847142857142857,0.102142857142857,0.128857142857143,0.170857142857143,0.205571428571429,0.227,0.237857142857143,0.244428571428571,0.253142857142857,0.226,0.183571428571429,0.149857142857143,0.129142857142857,0.119285714285714,0.106285714285714
SIBCS,OnshoreWind,Q4,d2,0.189333333333333,0.184888888888889,0.185555555555556,0.180222222222222,0.170888888888889,0.167333333333333,0.163222222222222,0.159333333333333,0.163666666666667,0.175333333333333,0.188888888888889,0.215888888888889,0.253,0.289111111111111,0.315555555555556,0.325444444444444,0.322222222222222,0.304333333333333,0.268888888888889,0.236222222222222,0.214222222222222,0.206111111111111,0.203222222222222,0.199555555555556
SIBCS,OnshoreWind,Q4,d3,0.157444444444444,0.143222222222222,0.133111111111111,0.125777777777778,0.124,0.115666666666667,0.0911111111111111,0.0574444444444444,0.0381111111111111,0.0314444444444444,0.0417777777777778,0.0712222222222222,0.120111111111111,0.176444444444444,0.223555555555556,0.248,0.264555555555556,0.301333333333333,0.309555555555556,0.297444444444444,0.276666666666667,0.249333333333333,0.218777777777778,0.194
SIBCS,OnshoreWind,Q4,d4,0.391111111111111,0.411777777777778,0.43,0.420888888888889,0.424222222222222,0.432555555555556,0.420333333333333,0.389888888888889,0.376666666666667,0.363777777777778,0.352444444444444,0.355333333333333,0.369666666666667,0.400777777777778,0.445555555555556,0.489111111111111,0.529333333333333,0.548111111111111,0.528444444444444,0.489,0.465333333333333,0.451888888888889,0.420666666666667,0.382888888888889
SIBCS,OnshoreWind,Q4,d5,0.206,0.221888888888889,0.249444444444444,0.273555555555556,0.290666666666667,0.299666666666667,0.301888888888889,0.282777777777778,0.277777777777778,0.273888888888889,0.271888888888889,0.289,0.317222222222222,0.348777777777778,0.362222222222222,0.354666666666667,0.367888888888889,0.379555555555556,0.366,0.334333333333333,0.291444444444444,0.257222222222222,0.234222222222222,0.223888888888889
