g,z,tech,fuel,Status,StYr,RetrYr,Capacity,DescreteCap,fuel2,HeatRate2,BuildLimitperYear,Life,HeatRate,RampUpRate,RampDnRate,OverLoadFactor,ResLimShare,Capex,FOMperMW,VOM,UnitSize
EPC CCGT GTI2_Domestic Gas- Dual,Senegal,CCGT,Gas,1,2035,2055,250,,15,6.4,250,30,6.4,1,1,,0.05,0.9,30000,2,250
EPC CCGT GTI2_GNL ELTON,Senegal,CCGT,LNG,1,2030,2034,250,,,6.8,250,30,6.4,1,1,,0.05,0.9,30000,2,250
CC_GAS_LNG_BEN,Benin,CCGT,Gas,3,2030,2060,450,,15,6.8,,30,6.4,1,1,,0.07,0.9,30000,2,
MariaGleta3,Benin,CCGT,Gas,2,2027,2052,42,,,6.8,42,30,6.4,1,1,,0.07,0.9,30000,2,42
Amandi_IPP,Ghana,CCGT,Gas,1,2019,2054,210,,15,6.8,210,30,6.4,1,1,,0.07,0.9,30000,2,210
CC_GAS_LNG_GHA,Ghana,CCGT,Gas,3,2030,2060,5000,,15,6.8,500,30,6.4,1,1,,0.07,0.9,30000,2,500
CENPOWER_IPP,Ghana,CCGT,Gas,1,2019,2054,360,,15,6.8,360,30,6.4,1,1,,0.07,0.9,30000,2,360
CENPOWER2_IPP,Ghana,CCGT,Gas,3,2055,2055,500,,15,6.8,500,30,6.4,1,1,,0.07,0.9,30000,2,500
EarlyPower_U1_IPP,Ghana,CCGT,Gas,1,2021,2056,185,,15,6.8,185,30,6.4,1,1,,0.07,0.9,30000,2,185
EarlyPower_U2_IPP,Ghana,CCGT,Gas,2,2027,2068,,,15,6.8,,30,6.4,1,1,,0.07,0.9,30000,2,
Abatta1,IvoryCoast,CCGT,Gas,3,2028,2053,123,,,6.8,123,30,6.4,1,1,,0.07,0.9,30000,2,123
Abatta2,IvoryCoast,CCGT,Gas,3,2028,2053,123,,,6.8,123,30,6.4,1,1,,0.07,0.9,30000,2,123
Abatta3,IvoryCoast,CCGT,Gas,3,2028,2053,123,,,6.8,123,30,6.4,1,1,,0.07,0.9,30000,2,123
Atinkou -  TAV,IvoryCoast,CCGT,Gas,1,2024,2060,135,,,6.8,135,30,6.4,1,1,,0.07,0.9,30000,2,135
AzitoIV1_IPP,IvoryCoast,CCGT,Gas,1,2022,2069,179,,,6.8,179,30,6.4,1,1,,0.07,0.9,30000,2,179
AzitoIV2_IPP,IvoryCoast,CCGT,Gas,1,2022,2070,74,,,6.8,74,30,6.4,1,1,,0.07,0.9,30000,2,74
CC_GAS_COT,IvoryCoast,CCGT,Gas,3,2030,2060,5000,,,6.8,200,30,6.4,1,1,,0.07,0.9,30000,2,200
Centrale thermique AKSA Taboth_TAV,IvoryCoast,CCGT,Gas,3,2027,2060,250,,,6.8,250,30,6.4,1,1,,0.07,0.9,30000,2,250
Centrale thermique Publique TAV,IvoryCoast,CCGT,Gas,3,2027,2060,150,,,6.8,150,30,6.4,1,1,,0.07,0.9,30000,2,150
Songon1,IvoryCoast,CCGT,Gas,3,2026,2053,124,,,6.8,124,30,6.4,1,1,,0.07,0.9,30000,2,124
Songon2,IvoryCoast,CCGT,Gas,3,2026,2053,124,,,6.8,124,30,6.4,1,1,,0.07,0.9,30000,2,124
Songon3,IvoryCoast,CCGT,Gas,3,2027,2053,124,,,6.8,124,30,6.4,1,1,,0.07,0.9,30000,2,124
CC_GAS_CAND_MAU,Mauritania_grid,CCGT,Gas,3,2040,2070,,,,,,30,6.4,1,1,,0.05,0.9,30000,2,
Generic Gas Plant CCGT,Nigeria,CCGT,Gas,3,2030,2060,30000,,,,500,30,6.4,1,1,,0.1,0.9,30000,2,500
CCGT WAE,Senegal,CCGT,Diesel,1,2025,2026,0,,,,0,30,6.4,1,1,,0.06,1,35000,4,0
250 MW gas-fired combined-cycle power plant,Togo,CCGT,Gas,2,2030,2050,,,,9.9,,30,6.4,1,1,,0.2,0.9,30000,2,
CC_GAS_LNG_TOG,Togo,CCGT,Gas,3,2030,2060,,,15,6.8,,30,6.4,1,1,,0.07,0.9,30000,2,
CCGT_TOG,Togo,CCGT,Gas,3,2030,2052,,,15,6.8,,30,6.4,1,1,,0.07,0.9,30000,2,
CCGT Saint Louis,Senegal,CCGT,Gas,2,2027,2054,146,,,6.8,146,30,6.4,1,1,,0.05,0.9,30000,2,146
CCGT Saint Louis - Extension,Senegal,CCGT,Gas,2,2032,2054,260,,,6.8,260,30,6.4,1,1,,0.05,0.9,30000,2,260
CCGT Saint Louis - ST,Senegal,CCGT,Gas,2,2027,2054,79,,,6.8,79,30,6.4,1,1,,0.05,0.9,30000,2,79
CCGT WAE Cap des Biches - LNG,Senegal,CCGT,LNG,1,2027,2034,300,,,6.8,300,30,6.4,1,1,,0.05,0.9,30000,2,300
Mboro_IPP_AESA,Senegal,CCGT,Gas,2,2035,2057,150,,,6.8,150,30,6.4,1,1,,0.05,0.9,30000,2,150
Mboro_IPP_AESA - Ext,Senegal,CCGT,Gas,2,2035,2057,150,,,6.8,150,30,6.4,1,1,,0.05,0.9,30000,2,150
SUNSONASOGLI_IPP,Ghana,CCGT,Gas,1,2010,2045,200,,15,6.8,200,,6.4,1,1,,0.07,0.9,30000,2,200
SUNSONASOGLI2_IPP,Ghana,CCGT,Gas,1,2016,2051,360,,15,6.8,360,,6.4,1,1,,0.07,0.9,30000,2,360
TAPCO_IPP,Ghana,CCGT,Gas,1,1997,2047,340,,15,6.8,340,,6.4,1,1,,0.07,0.9,30000,2,340
TAPCO_T3,Ghana,CCGT,Gas,1,2024,2047,132,,15,6.8,132,,6.4,1,1,,0.07,0.9,30000,2,132
TICO,Ghana,CCGT,Gas,1,2001,2036,340,,15,6.8,340,,6.4,1,1,,0.07,0.9,30000,2,340
Azito_IPP,IvoryCoast,CCGT,Gas,1,2000,2050,471,,,9.575795629,471,,6.4,1,1,,0.07,0.9,30000,2,471
Ciprel3_IPP,IvoryCoast,CCGT,Gas,1,2013,2035,115,,,10.6,115,,6.4,1,1,,0.07,0.9,30000,2,115
Ciprel4_IPP,IvoryCoast,CCGT,Gas,1,2014,2035,115,,,9.575795629,115,,6.4,1,1,,0.07,0.9,30000,2,115
Ciprel5_IPP,IvoryCoast,CCGT,Gas,1,2016,2035,119,,,9.575795629,119,,6.4,1,1,,0.07,0.9,30000,2,119
AFAM TTP,Nigeria,CCGT,Gas,1,2008,2050,327,,,,327,,6.4,1,1,,0.2,0.9,30000,2,327
AFAM TTP_Part2,Nigeria,CCGT,Gas,2,2027,2050,1031,,,,1031,30,6.4,1,1,,0.2,0.9,30000,2,1031
OKPAI TTP,Nigeria,CCGT,Gas,1,2005,2055,312,,,,312,,6.4,1,1,,0.07,0.9,30000,2,312
Olorunsogo I TPP,Nigeria,CCGT,Gas,1,2015,2061,98,,,,98,,6.4,1,1,,0.07,0.9,30000,2,98
Olorunsogo NIPP,Nigeria,CCGT,Gas,2,2028,2061,134,,,,134,30,6.4,1,1,,0.07,0.9,30000,2,134
Kahoune _HFO Senelec_C-7_GNL ELTON,Senegal,ICE,LNG,1,2027,2034,0,,7,8,101.4,30,7.4,1,1,,0.5,1,25000,4,101.4
CCGT WAE Cap des Biches Ext- Dual,Senegal,CCGT,Gas,2,2035,2052,300,,15,6.4,300,30,6.4,1,1,,0.05,0.9,30000,2,300
HFO/GAS Karpower 220 MW,Senegal,ICE,LNG,1,2026,2029,220,,,6.8,220,30,7.4,1,1,,0.5,1,25000,4,220
Kahoune _HFO Senelec_C-7_Domestic Gas,Senegal,ICE,Gas,2,2035,2035,0,,15,8.2,101.4,30,7.7,1,1,,0.5,1,25000,4,101.4
Karpower 125 MW,Senegal,ICE,HFO,1,2019,2026,0,,,,125,30,9,0.85,0.9,,0.5,1.2,36000,7.5,125
CIV_Diesel_E_Glo,Senegal,ICE,Gas,1,2034,2034,0,,15,8.2,81,30,7.7,1,1,,0.5,1,25000,4,81
Tobene - Dual,Senegal,ICE,Gas,2,2034,2035,0,,15,8.2,117.772,30,7.7,1,1,,0.5,1,25000,4,117.772
C6_BelAir,Senegal,ICE,HFO,1,2019,2026,0,,,,99,,9,1,1,,0.5,1.2,36000,7.5,99
CVI- Dual,Senegal,ICE,Gas,2,2035,2042,99,,15,8.2,99,30,7.7,1,1,,0.5,1,25000,4,99
HFO IPP_Tobene Power_GNL ELTON,Senegal,ICE,LNG,1,2029,2034,117.772,,7,8,117.772,30,7.4,1,1,,0.5,1,25000,4,117.772
HFO Senelec_C-4_Ext_GNL ELTON,Senegal,ICE,LNG,1,2026,2034,81,,7,8,81,30,7.4,1,1,,0.5,1,25000,4,81
HFO Senelec_C-6_GNL ELTON,Senegal,ICE,LNG,1,2026,2034,99,,7,8,99,30,7.4,1,1,,0.5,1,25000,4,99
Kahoune _ CVII_Diesel,Senegal,ICE,HFO,1,2008,2040,101.4,,,,101.4,,9,1,1,,0.5,1.2,36000,7.5,101.4
Malicounda_IPP_HFO,Senegal,ICE,HFO,1,2022,2028,137.9,,,,137.9,,9,0.85,0.9,,0.5,1.2,36000,7.5,137.9
Bel-airTAG4,Senegal,ICE,Diesel,1,1999,2034,25,,,,25,,8.5,1,1,,0.5,1.2,36000,7.5,25
CIV_Diesel_E,Senegal,ICE,HFO,1,1990,2026,0,,,,81,,9,1,1,,0.5,1.2,36000,7.5,81
HFO IPP_Malicounda_GNL ELTON,Senegal,ICE,LNG,1,2029,2035,137.9,,7,8,137.9,30,7.4,1,1,,0.5,1,25000,4,137.9
Kahone,Senegal,ICE,Diesel,1,1990,2024,10,,,,10,,8.5,1,1,,0.5,1.2,36000,7.5,10
Contour Global_IPP,Senegal,ICE,HFO,1,2017,2027,89.2,,,,89.2,,9,0.85,0.9,,0.5,1.2,36000,7.5,89.2
Malicounda - Dual,Senegal,ICE,Gas,2,2036,2042,137.9,,15,8.2,137.9,30,7.7,1,1,,0.5,1,25000,4,137.9
Tobene_IPP,Senegal,ICE,HFO,1,2017,2028,117.772,,,,117.772,,9,0.85,0.9,,0.5,1.2,36000,7.5,117.772
Kounoune_IPP,Senegal,ICE,HFO,1,2007,2024,0,,,,45,,9,1,1,,0.5,1.2,36000,7.5,45
Karpower 220 MW,Senegal,ICE,HFO,1,2019,2026,0,,,,220,30,9,0.85,0.9,,0.5,1.2,36000,7.5,220
HFO/GAS Karpower 125 MW ,Senegal,ICE,LNG,1,2026,2029,125,,,6.8,125,30,7.4,1,1,,0.5,1,25000,4,125
CONTOURGLGlo-Dual,Senegal,ICE,Gas,2,2035,2041,89.2,,15,8.2,89.2,30,7.7,1,1,,0.5,1,25000,4,89.2
FADA2,Burkina,ICE,Diesel,1,2019,2054,7,,,,7,30,8.6,1,1,,0.2,1.2,36000,7.5,7
KOSSODO2,Burkina,ICE,HFO,1,2022,2052,50,,,,50,30,9,1,1,,0.2,1.2,36000,7.5,50
Ouaga-NordOuest,Burkina,ICE,Diesel,2,2026,2056,70,,,,70,30,8.6,1,1,,0.2,1.2,36000,7.5,70
Brikama3,Gambia,ICE,HFO,1,2020,2050,21.6,,,,20,30,9,1,1,,0.2,1.2,36000,7.5,20
Bor(BOAD),GuineaBissau,ICE,HFO,2,2027,2057,15,,,8.6,15,30,9,1,1,,0.2,1.2,36000,7.5,15
Powership1_IPP,GuineaBissau,ICE,HFO,1,2019,2068,,,,,,30,9,1,1,,0.2,1.2,36000,7.5,
Powership2_IPP,GuineaBissau,ICE,HFO,1,2021,2068,,,,,,30,9,1,1,,0.2,1.2,36000,7.5,
AGADEZ,Niger,ICE,Diesel,1,2024,2045,6,,,,6,30,8.6,1,1,,0.2,1.2,36000,7.5,6
GOROUBANDA2,Niger,ICE,Diesel,3,2024,2054,20,,,,20,30,8.6,1,1,,0.2,1.2,36000,7.5,20
RemainingNigerCapacity,Niger,ICE,Diesel,1,2017,2052,75,,,,75,30,8.6,1,1,,0.2,1.2,36000,7.5,75
CAND_IC_Diesel,SierraLeone,ICE,Diesel,3,2026,2056,1000,,,,200,30,8.6,1,1,,0.2,1.2,36000,7.5,200
SanPedroI1,IvoryCoast,ST,Coal,3,2051,2051,0,,,,250,30,8.6,0.614,0.814,,0.05,2,60000,3,250
SanPedroI2,IvoryCoast,ST,Coal,3,2051,2054,0,,,,250,30,8.6,0.614,0.814,,0.05,2,60000,3,250
SALKADAMNAphase1,Niger,ST,Coal,3,2030,2060,200,,,,200,30,8.6,0.614,0.814,,0.1,2,60000,3,200
SALKADAMNAphase2,Niger,ST,Coal,3,2032,2062,200,,,,200,30,8.6,0.614,0.814,,0.1,2,60000,3,200
SALKADAMNAphase3,Niger,ST,Coal,3,2034,2064,200,,,,200,30,8.6,0.614,0.814,,0.1,2,60000,3,200
SONICHAR2,Niger,ST,Coal,2,2018,2068,,,,,,30,8.6,0.6,0.6,,0.1,2,60000,3,
Boutoute (G805-806-807),Senegal,ICE,HFO,1,2024,2029,13.5,,,,13.5,,9,1,1,,0.5,1.2,36000,7.5,13.5
Boutoute Ext (G805-806-807),Senegal,ICE,HFO,1,2030,2034,9,,,,9,,9,1,1,,0.5,1.2,36000,7.5,9
HFO IPP_Contour Global_GNL ELTON,Senegal,ICE,LNG,1,2028,2034,89.2,,7,8,89.2,30,7.4,1,1,,0.5,1,25000,4,89.2
MariaGleta2_IPP,Benin,ICE,HFO,1,2020,2045,137,,2,9,137,30,9,0.85,0.9,,0.2,1.2,36000,7.5,137
GT_Benin,Benin,OCGT,Gas,3,2030,2054,,,,9.8,,30,9,1,1,,0.2,0.8,20000,4,
GT_Ghana,Ghana,OCGT,Gas,3,2030,2060,1000,,15,9.8,200,30,9,1,1,,0.2,0.8,20000,4,200
CALABAR/Odukpami,Nigeria,OCGT,Gas,1,2015,2050,166,,,,166,30,9,1,1,,0.1,0.8,20000,4,166
CALABAR_Part2,Nigeria,OCGT,Gas,2,2028,2059,384,,,,384,30,9,1,1,,0.1,0.8,20000,4,384
Akpakpa1,Benin,ICE,HFO,1,2055,2055,36,,,,36,,9,1,1,,0.2,1.2,36000,7.5,36
Brikama II,Gambia,ICE,HFO,1,2011,2024,8.9,,,,8.9,,9,1,1,,0.2,1.2,36000,7.5,8.9
Karpower_IPP,Gambia,ICE,HFO,1,2018,2024,36,,,,36,,9,1,1,,0.2,1.2,36000,7.5,36
Kaloum1_IPP,Guinea,ICE,HFO,1,2015,2045,22,,,,22,,9,1,1,,0.2,1.2,36000,7.5,22
Kaloum2_IPP,Guinea,ICE,HFO,1,2016,2046,22,,,,22,,9,1,1,,0.2,1.2,36000,7.5,22
Kaloum3_IPP,Guinea,ICE,HFO,1,1997,2032,24,,,,24,,9,1,1,,0.2,1.2,36000,7.5,24
Kaloum5,Guinea,ICE,HFO,1,2005,2035,30,,,,30,,9,1,1,,0.2,1.2,36000,7.5,30
Karpowership_IPP,Guinea,ICE,HFO,1,2021,2051,115,,,,115,,9,1,1,,0.2,1.2,36000,7.5,115
Kipe_IPP,Guinea,ICE,HFO,1,2016,2046,50,,,,50,,9,1,1,,0.2,1.2,36000,7.5,50
Albatros,Mali,ICE,HFO,1,2011,2041,92,,,,92,,9,1,1,,0.2,1.2,36000,7.5,92
Aska Balkou,Mali,ICE,HFO,1,2021,2051,20,,,,20,,9,1,1,,0.2,1.2,36000,7.5,20
Balingue,Mali,ICE,HFO,1,2011,2041,24.32,,,,24.32,,9,1,1,,0.2,1.2,36000,7.5,24.32
Balingue Deutz,Mali,ICE,HFO,1,2000,2030,16,,,,16,,9,1,1,,0.2,1.2,36000,7.5,16
BalingueBID,Mali,ICE,HFO,1,2011,2041,72,,,,72,,9,1,1,,0.2,1.2,36000,7.5,72
Centrale BID Sirakoro (100 MW),Mali,ICE,HFO,1,2023,2053,100,,,,100,,9,1,1,,0.2,1.2,36000,7.5,100
Darsalam,Mali,ICE,HFO,1,2016,2046,37,,,,37,,9,1,1,,0.2,1.2,36000,7.5,37
Loc. AKSA Sirakoro - 30 MW,Mali,ICE,HFO,1,2021,2051,30,,,,30,,9,1,1,,0.2,1.2,36000,7.5,30
BLACKHALL ROAD NEW_IC_HFO,SierraLeone,ICE,HFO,1,2013,2043,45,,,,45,30,9,1,1,,0.2,1.2,36000,7.5,45
Bushrod,Liberia,ICE,HFO,1,2019,2049,28,,,,28,,9,1,1,,0.15,1.2,36000,7.5,28
KARPOWERSHIP_IC_IPP,SierraLeone,ICE,HFO,1,2018,2031,60,,,,60,30,9,1,1,,0.2,1.2,36000,7.5,60
DIESEL_HFO,Guinea,ICE,HFO,3,2030,2060,,,,,,30,9,0.85,0.9,,0.2,1.2,36000,7.5,
GT_CAND_MAU,Mauritania_grid,OCGT,Gas,3,2040,2070,,,,,,30,9,1,1,,0.2,0.8,20000,4,
CCGT 300 MW (Nouakchott/Banda),Mauritania_grid,CCGT,Gas,3,2029,2059,300,,,,300,30,6.4,1,1,,0.05,0.9,30000,2,300
Centrale HFO/LFO (Nouadhibou),Mauritania_grid,ICE,HFO,3,2027,2057,60,,12,10,60,30,9,1,1,,0.2,1.2,36000,7.5,60
Projet type CCGT 225 MW (post-2030),Mauritania_grid,CCGT,Gas,3,2030,2060,225,,,,225,30,6.4,1,1,,0.05,0.9,30000,2,225
Projet type CCGT 120 MW (post-2030),Mauritania_grid,CCGT,Gas,3,2030,2060,120,,,,120,30,6.4,1,1,,0.05,0.9,30000,2,120
Centrale thermique gaz 50 MW ,Mauritania_grid,OCGT,Gas,3,2027,2057,50,,,,50,30,9,1,1,,0.2,0.8,20000,4,50
CCGT 225 MW,Mauritania_grid,CCGT,Gas,3,2029,2059,225,,,,225,30,6.4,1,1,,0.05,0.9,30000,2,225
Thermal Nema,Mauritania_Nema,ICE,HFO,1,2020,2050,4,,12,10,4,,9,1,1,,0.2,1.2,36000,7.5,4
Arafat Rehab (2 gr),Mauritania_grid,ICE,HFO,1,2024,2054,14,,12,10,14,,9,1,1,,0.2,1.2,36000,7.5,14
Beni Naji,Mauritania_grid,ICE,Diesel,1,2020,2050,4.5,,,,4.5,,9.75,1,1,,0.2,1.2,36000,7.5,4.5
Extension centrale duale Wärtsilä,Mauritania_grid,ICE,HFO,2,2025,2055,60,,12,10,60,30,9,1,1,,0.2,1.2,36000,7.5,60
SNIM Zouerate  thermique,Mauritania_grid,ICE,HFO,2,2024,2054,30,,12,10,30,30,9,1,1,,0.2,1.2,36000,7.5,30
Petites unites RI LFO,Mauritania_grid,ICE,Diesel,1,2024,2054,7.1,,,,7.1,,9.75,1,1,,0.2,1.2,36000,7.5,7.1
Nouadhibou_New_Plant,Mauritania_grid,ICE,HFO,1,2002,2032,33,,,,33,,9,1,1,,0.2,1.2,36000,7.5,33
Nouakchott_Dual_Power,Mauritania_grid,ICE,HFO,1,2015,2045,180,,12,10,180,,9,1,1,,0.2,1.2,36000,7.5,180
Nouakchott_Wharf_Plant,Mauritania_grid,ICE,HFO,1,2011,2041,20,,12,10,20,,9,1,1,,0.2,1.2,36000,7.5,20
Rehab Arafat 4 gr,Mauritania_grid,ICE,HFO,1,2024,2054,28,,12,10,28,,9,1,1,,0.2,1.2,36000,7.5,28
Rehab Wharf,Mauritania_grid,ICE,HFO,1,2024,2054,16,,12,10,16,,9,1,1,,0.2,1.2,36000,7.5,16
SNIM Zouerate,Mauritania_grid,ICE,HFO,1,2002,2032,17,,12,10,17,,9,1,1,,0.2,1.2,36000,7.5,17
Lome2,Togo,ICE,Diesel,1,1998,2035,20,,,,20,,9.8,0.85,0.9,,0.2,1.2,36000,7.5,20
AMERI_4units_IPP,Ghana,OCGT,Gas,2,2026,2046,90,,,,90,30,9,1,1,,0.2,0.8,20000,4,90
AMERI_6units_IPP,Ghana,OCGT,Gas,1,2022,2046,150,,,,150,,9,1,1,,0.2,0.8,20000,4,150
Aggreko_cot_IPP,IvoryCoast,OCGT,Gas,1,1990,2025,210,,,9,210,,9,1,1,,0.2,0.8,20000,4,210
Aggreko_ext_cot,IvoryCoast,OCGT,Gas,1,2021,2025,40,,,10.5,40,,9,1,1,,0.2,0.8,20000,4,40
Atinkou - TAG,IvoryCoast,OCGT,Gas,1,2023,2058,255,,,10.5,255,,9,1,1,,0.2,0.8,20000,4,255
Centrale thermique AKSA Taboth - TAG 1,IvoryCoast,OCGT,Gas,3,2025,2060,250,,,10.5,250,30,9,1,1,,0.2,0.8,20000,4,250
Centrale thermique AKSA Taboth TAG 2,IvoryCoast,OCGT,Gas,3,2026,2060,250,,,10.5,250,30,9,1,1,,0.2,0.8,20000,4,250
Centrale thermique Publique TAG,IvoryCoast,OCGT,Gas,3,2026,2060,300,,,10.5,300,30,9,1,1,,0.2,0.8,20000,4,300
Ciprel1_IPP,IvoryCoast,OCGT,Gas,1,1995,2035,105,,7,9.575795629,105,,9,1,1,,0.2,0.8,20000,4,105
Ciprel2_IPP,IvoryCoast,OCGT,Gas,1,1997,2035,115,,,9.575795629,115,,9,1,1,,0.2,0.8,20000,4,115
KarPower_IPP_Cot,IvoryCoast,OCGT,Gas,1,2022,2026,100,,,10.5,100,,9,1,1,,0.2,0.8,20000,4,100
Alaoji TPP,Nigeria,OCGT,Gas,1,2015,2043,0,,,,0,,9,1,1,,0.07,0.8,20000,4,0
Azura-Edo IPP,Nigeria,OCGT,Gas,1,2018,2048,534,,,,534,,9,1,1,,0.2,0.8,20000,4,534
DELTA,Nigeria,OCGT,Gas,1,1997,2050,442,,,,442,,9,1,1,,0.2,0.8,20000,4,442
Generic Gas Plant GT,Nigeria,OCGT,Gas,3,2030,2060,30000,,,,500,30,9,1,1,,0.1,0.8,20000,4,500
GEREGU TTP,Nigeria,OCGT,Gas,1,2013,2043,231,,,,231,,9,1,1,,0.2,0.8,20000,4,231
Ibom TPP,Nigeria,OCGT,Gas,1,2013,2043,6,,,,6,,9,1,1,,0.2,0.8,20000,4,6
IHOVBOR NIP,Nigeria,OCGT,Gas,1,2012,2043,77,,,,77,,9,1,1,,0.07,0.8,20000,4,77
Omoku TPP,Nigeria,OCGT,Gas,1,2006,2050,36,,,,36,,9,1,1,,0.2,0.8,20000,4,36
OMOTOSHO TTP,Nigeria,OCGT,Gas,1,2007,2050,135,,,,135,,9,1,1,,0.2,0.8,20000,4,135
RIVERS IPP TTP,Nigeria,OCGT,Gas,1,2012,2042,4,,,,4,,9,1,1,,0.2,0.8,20000,4,4
Sapele TPP,Nigeria,OCGT,Gas,1,2011,2041,62,,,,62,,9,1,1,,0.2,0.8,20000,4,62
TRANSAMADI,Nigeria,OCGT,Gas,1,2010,2050,10,,,,10,,9,1,1,,0.2,0.8,20000,4,10
CAND_GT_HFO,SierraLeone,OCGT,Gas,3,2026,2053,,,7,9.9,,30,9,1,1,,0.2,0.8,20000,4,
ContourGlobal_IPP,Togo,OCGT,Gas,1,2010,2045,99.72,,12,9.8,99.72,,9,1,1,,0.2,0.8,20000,4,99.72
GT_Togo,Togo,OCGT,Gas,3,2030,2054,,,12,9.9,,30,9,1,1,,0.2,0.8,20000,4,
EGBIN,Nigeria,ST,Gas,1,1986,2055,636,,,,636,,9.806,0.6,0.6,,0.1,1,31700,5.3,636
EGBIN_Part2,Nigeria,ST,Gas,2,2029,2059,757,,,,757,30,9.806,0.6,0.6,,0.1,1,31700,5.3,757
HFO_NEW_Burkina,Burkina,ICE,HFO,3,2026,2054,,,,,,30,9,0.85,0.9,,0.2,1.2,36000,7.5,
DualFuel_CAND_Gambia,Gambia,ICE,HFO,3,2028,2058,30,,2,8.6,30,30,9,1,1,,0.2,1.2,36000,7.5,30
Kotu G5,Gambia,ICE,HFO,1,2025,2055,12.2,,,,12.2,,9,1,1,,0.2,1.2,36000,7.5,12.2
Wartsila,Gambia,ICE,HFO,1,2025,2055,8.9,,,,8.9,,9,1,1,,0.2,1.2,36000,7.5,8.9
HFO_NEW_Gambia,Gambia,ICE,HFO,3,2026,2054,,,,,,30,9,0.85,0.9,,0.2,1.2,36000,7.5,
New_HFO,Guinea,ICE,HFO,3,2030,2050,,,,,,30,9,0.85,0.9,,0.2,1.2,36000,7.5,
HFO_NEW_GuineaBissau,GuineaBissau,ICE,HFO,3,2026,2054,,,,,,30,9,0.85,0.9,,0.2,1.2,36000,7.5,
HFO_NEW_Liberia,Liberia,ICE,HFO,3,2026,2054,,,,,,30,9,0.85,0.9,,0.2,1.2,36000,7.5,
HFO_NEW_Niger,Niger,ICE,HFO,3,2026,2054,,,,,,30,9,0.85,0.9,,0.2,1.2,36000,7.5,
HFO_NEW_SierraLeone,SierraLeone,ICE,HFO,3,2026,2053,,,,,,30,9,1,1,,0.2,1.2,36000,7.5,
GT_Burkina,Burkina,OCGT,Diesel,3,2024,2054,1000,,7,9.9,200,30,9.9,1,1,,0.2,0.8,20000,4.4,200
GT_Mali,Mali,OCGT,Diesel,3,2026,2056,1000,,7,9.9,200,30,9.9,1,1,,0.2,0.8,20000,4.4,200
GT_Niger,Niger,OCGT,Diesel,3,2025,2055,1000,,7,9.9,200,30,9.9,1,1,,0.2,0.8,20000,4.4,200
Cap-des-BichesTAG2,Senegal,OCGT,Diesel,1,1997,2034,20,,,,20,,9.9,1,1,,0.2,0.8,20000,4.4,20
BOBOII,Burkina,ICE,HFO,1,1990,2032,68,,12,9.6,68,,9,1,1,,0.2,1.2,36000,7.5,68
FIESS,Burkina,ICE,HFO,1,2019,2049,50,,12,9.6,50,,9,1,1,,0.2,1.2,36000,7.5,50
KOMSILGA,Burkina,ICE,HFO,1,1990,2032,94,,12,9.6,94,,9,1,1,,0.2,1.2,36000,7.5,94
KOSSODO1,Burkina,ICE,HFO,1,1990,2032,64,,12,9.6,64,,9,1,1,,0.2,1.2,36000,7.5,64
OUAGAII,Burkina,ICE,HFO,1,1990,2032,35.08,,12,9.6,35.08,,9,1,1,,0.2,1.2,36000,7.5,35.08
Boutoute G831_836,Senegal,ICE,Diesel,1,1997,2029,5,,,,5,,10,1,1,,0.5,1.2,36000,7.5,5
DO_Tamba,Senegal,ICE,Diesel,1,1997,2024,6,,,,6,,10,1,1,,0.5,1.2,36000,7.5,6
SONICHAR Phase I,Niger,ST,Coal,1,1981,2036,25,,,,25,30,10.1075,0.6,0.6,,0.1,,60000,3,25
SONICHAR Phase II,Niger,ST,Coal,1,1981,2036,25,,,,25,30,10.1075,0.6,0.6,,0.1,,60000,3,25
Vridi,IvoryCoast,OCGT,HFO,1,1984,2030,100,,,,100,,9.9,1,1,,0.2,0.8,20000,4.4,100
Akpakpa2,Benin,ICE,Diesel,1,2055,2055,35,,,,35,,10,1,1,,0.2,1.2,36000,7.5,35
Gbegamey,Benin,ICE,Diesel,1,2055,2055,16,,,,16,,10,1,1,,0.2,1.2,36000,7.5,16
DEDOUGOU,Burkina,ICE,Diesel,1,1990,2032,5,,,,5,,10,1,1,,0.2,1.2,36000,7.5,5
DORI,Burkina,ICE,Diesel,1,1990,2032,4.37,,,,4.37,,10,1,1,,0.2,1.2,36000,7.5,4.37
FADA,Burkina,ICE,Diesel,1,1990,2032,9,,,,9,,10,1,1,,0.2,1.2,36000,7.5,9
GAOUA,Burkina,ICE,Diesel,1,1990,2032,2.4,,,,2.4,,10,1,1,,0.2,1.2,36000,7.5,2.4
OUAGAI,Burkina,ICE,Diesel,1,1990,2032,5.4,,,,5.4,,10,1,1,,0.2,1.2,36000,7.5,5.4
OUAHIGOUYA,Burkina,ICE,Diesel,1,1990,2032,5.2,,,,5.2,,10,1,1,,0.2,1.2,36000,7.5,5.2
GDE_IPP,Guinea,ICE,HFO,1,2015,2045,40,,,,40,,9,1,1,,0.2,1.2,36000,7.5,40
Te_IPP,Guinea,ICE,HFO,1,2020,2050,50,,,,50,,9,1,1,,0.2,1.2,36000,7.5,50
Existing_gen_lib,Liberia,ICE,Diesel,2,2035,2035,,,,,,30,10,1,1,,0.15,1.2,36000,7.5,
Loc. BDK Kati,Mali,ICE,Diesel,1,1990,2025,50,,,,50,,10,1,1,,0.2,1.2,36000,7.5,50
SES(Lafia_Badala),Mali,ICE,Diesel,1,1990,2030,54,,,,54,,10,1,1,,0.2,1.2,36000,7.5,54
AGGREKO_ngr_IPP,Niger,ICE,Diesel,1,2012,2025,30,,,,30,,10,1,1,,0.2,1.2,36000,7.5,30
DIFFA,Niger,ICE,Diesel,1,2009,2044,4.2,,,,4.2,,10,1,1,,0.2,1.2,36000,7.5,4.2
GAYA1,Niger,ICE,Diesel,1,1998,2028,0.292,,,,0.292,,10,1,1,,0.2,1.2,36000,7.5,0.292
GAYA2,Niger,ICE,Diesel,1,2011,2041,0.504,,,,0.504,,10,1,1,,0.2,1.2,36000,7.5,0.504
GOROUBANDA,Niger,ICE,Diesel,1,2016,2054,84,,7,11.5,84,,10,1,1,,0.2,1.2,36000,7.5,84
GOUDEL1,Niger,ICE,Diesel,1,1980,2020,9,,,,9,,10,1,1,,0.2,1.2,36000,7.5,9
GOUDEL2,Niger,ICE,Diesel,1,2009,2049,15.4,,,,15.4,,10,1,1,,0.2,1.2,36000,7.5,15.4
MALBAZA,Niger,ICE,Diesel,1,1995,2030,7.7,,,,7.7,,10,1,1,,0.2,1.2,36000,7.5,7.7
MARADI,Niger,ICE,Diesel,1,2009,2044,1.4,,,,1.4,,10,1,1,,0.2,1.2,36000,7.5,1.4
NIAMEY,Niger,ICE,Diesel,1,1980,2028,23.5,,,,23.5,,10,1,1,,0.2,1.2,36000,7.5,23.5
TAHOUA1,Niger,ICE,Diesel,1,1990,2030,2,,,,2,,10,1,1,,0.2,1.2,36000,7.5,2
TAHOUA2,Niger,ICE,Diesel,1,2009,2044,1,,,,1,,10,1,1,,0.2,1.2,36000,7.5,1
ZINDER,Niger,ICE,Diesel,1,1991,2041,2.6,,,,2.6,,10,1,1,,0.2,1.2,36000,7.5,2.6
Lome1,Togo,ICE,Diesel,1,1979,2028,12,,,,12,,10,1,1,,0.2,1.2,36000,7.5,12
Sokode,Togo,ICE,Diesel,1,1990,2030,4,,,,4,,10,1,1,,0.2,1.2,36000,7.5,4
CENIT_IPP,Ghana,OCGT,Diesel,1,2012,2042,110,,2,10.8,110,,10.8,1,1,,0.2,0.8,20000,4.4,110
KTPP1_IPP,Ghana,OCGT,Diesel,1,2017,2052,220,,2,10.8,220,,10.8,1,1,,0.07,0.8,20000,4.4,220
TT1PP,Ghana,OCGT,Diesel,1,2009,2050,110,,2,10.8,110,,10.8,1,1,,0.2,0.8,20000,4.4,110
TT2PP,Ghana,OCGT,Gas,1,2010,2045,80,,15,10.8,80,,9,1,1,,0.2,0.8,20000,4,80
Sendou1,Senegal,ST,Coal,1,2018,2042,125,,,,125,30,11.5,0.6,0.6,,,,60000,3,125
AKSA_IPP,Ghana,ICE,HFO,1,2017,2027,370,1,,,370,,9,0.85,0.9,,0.2,1.2,36000,7.5,370
AKSA_IPP_Conv,Ghana,OCGT,Gas,3,2028,2047,370,1,,,370,30,9,1,1,,0.2,0.8,20000,4,370
Genser,Ghana,OCGT,Gas,1,2020,2046,,,,,,,9,1,1,,0.2,0.8,20000,4,
KARPOWERIII_IPP,Ghana,OCGT,Gas,1,2016,2046,470,,,,470,,9,1,1,,0.2,0.8,20000,4,470
SES Darsalam - 10 MW,Mali,ICE,Diesel,1,1999,2036,10,,,,10,,10,0.85,0.9,,0.2,1.2,36000,7.5,10
MariaGleta,Benin,ICE,Diesel,1,2055,2055,80,,2,13.3,80,,10,0.85,0.9,,0.2,1.2,36000,7.5,80
Natitingou,Benin,ICE,Diesel,1,2055,2055,12,,,,12,,10,1,1,,0.2,1.2,36000,7.5,12
Parakou1,Benin,ICE,Diesel,1,2055,2055,14,,,,14,,10,1,1,,0.2,1.2,36000,7.5,14
Porto-Novo,Benin,ICE,Diesel,1,2055,2055,12,,,,12,,10,1,1,,0.2,1.2,36000,7.5,12
CIII_Vapeur,Senegal,ST,HFO,1,1990,2024,19,,,,19,,13.4,0.3,0.43,,0.07,,17000,4.4,19
Aboisso,IvoryCoast,BiomassPlant,Biomass,3,2030,2054,46,,,,46,30,12.5,1,1,,,2.328,136000,,46
Aboisso(Biokala),IvoryCoast,BiomassPlant,Biomass,2,2025,2054,46,,,,46,30,12.5,1,1,,,2.328,136000,,46
Projets types de 100 MW,IvoryCoast,BiomassPlant,Biomass,3,2030,2060,100,,,,100,30,12.5,1,1,,,2.328,136000,,100
Projets types de 40 MW,IvoryCoast,BiomassPlant,Biomass,3,2030,2060,40,,,,40,30,12.5,1,1,,,2.328,136000,,40
Sunbird Bioenergy,SierraLeone,BiomassPlant,Biomass,3,2030,2054,15.1,,,,15.1,30,12.5,1,1,,,2.328,136000,,15.1
OFSHORE_WIND_GHA,Ghana,OnshoreWind,Wind,3,2035,2065,5000,,,,200,30,,1,1,,,1.3,40000,,200
ONSHORE_WIND_BEN,Benin,OnshoreWind,Wind,3,2030,2060,,,,,,30,,1,1,,,1.3,40000,,
WIND_CAND_BUR,Burkina,OnshoreWind,Wind,3,2030,2060,,,,,,30,,1,1,,,1.3,40000,,
OFSHORE_WIND_GAM,Gambia,OnshoreWind,Wind,3,2035,2065,,,,,,30,,1,1,,,1.3,40000,,
WIND_CAND_GAM,Gambia,OnshoreWind,Wind,3,2030,2060,5000,,,,44,30,,1,1,,,1.3,40000,,44
ONSHORE_WIND_GHA,Ghana,OnshoreWind,Wind,3,2030,2060,5000,,,,65,30,,1,1,,,1.3,40000,,65
OFSHORE_WIND_GBI,GuineaBissau,OnshoreWind,Wind,3,2035,2065,,,,,,30,,1,1,,,1.3,40000,,
WIND_CAND_GBI,GuineaBissau,OnshoreWind,Wind,3,2030,2060,,,,,,30,,1,1,,,1.3,40000,,
OFSHORE_WIND_COT,IvoryCoast,OnshoreWind,Wind,3,2035,2065,,,,,,30,,1,1,,,1.3,40000,,
WIND_CAND_COT,IvoryCoast,OnshoreWind,Wind,3,2033,2063,,,,,,30,,1,1,,,1.3,40000,,
OFSHORE_WIND_LIB,Liberia,OnshoreWind,Wind,3,2035,2065,,,,,,25,,1,1,,,1.3,40000,,
WIND_CAND_MAL,Mali,OnshoreWind,Wind,3,2030,2060,5000,,,,40,30,,1,1,,,1.3,40000,,40
Boulenouar,Mauritania_grid,OnshoreWind,Wind,1,2023,2053,100,,,,100,30,,1,1,,,1.3,40000,,100
Boulenouar II,Mauritania_grid,OnshoreWind,Wind,3,2026,2056,100,,,,100,30,,1,1,,,1.3,40000,,100
Extension éolien Nouakchott (+20 MW),Mauritania_grid,OnshoreWind,Wind,3,2026,2056,20,,,,20,30,,1,1,,,1.3,40000,,20
Projet type 20 MW,Mauritania_grid,OnshoreWind,Wind,3,2028,2058,20,,,,20,30,,1,1,,,1.3,40000,,20
Projet type 50 MW,Mauritania_grid,OnshoreWind,Wind,3,2028,2058,50,,,,50,30,,1,1,,,1.3,40000,,50
Eolien Nouadhibou SNIM,Mauritania_grid,OnshoreWind,Wind,1,2013,2043,4.4,,,,4.4,30,,1,1,,,1.3,40000,,4.4
Nouakchott_Wind_Plant,Mauritania_grid,OnshoreWind,Wind,1,2015,2045,30,,,,30,30,,1,1,,,1.3,40000,,30
OFSHORE_WIND_MAU,Mauritania_grid,OnshoreWind,Wind,3,2040,2070,,,,,,30,,1,1,,,1.3,40000,,
WIND_CAND_MAU,Mauritania_grid,OnshoreWind,Wind,3,2040,2070,5000,,,,120,30,,1,1,,,1.3,40000,,120
WIND_CAND_NGR,Niger,OnshoreWind,Wind,3,2030,2060,5000,,,,50,30,,1,1,,,1.3,40000,,50
OFSHORE_WIND_NGA,Nigeria,OnshoreWind,Wind,3,2100,2200,,,,,,30,,1,1,,,1.3,40000,,
WIND_CAND_NGA,Nigeria,OnshoreWind,Wind,3,2100,2200,5000,,,,160,30,,1,1,,,1.3,40000,,160
Eolien sarreole,Senegal,OnshoreWind,Wind,1,2020,2050,158.7,,,,158.7,30,,1,1,,,1.3,40000,,158.7
OFSHORE_WIND_SIL,SierraLeone,OnshoreWind,Wind,3,2035,2065,,,,,,30,,1,1,,,1.3,40000,,
WND_CAND_22_SIL,SierraLeone,OnshoreWind,Wind,3,2030,2060,,,,,,30,,1,1,,,1.3,40000,,
OFSHORE_WIND_TOG,Togo,OnshoreWind,Wind,3,2035,2065,,,,,,30,,1,1,,,1.3,40000,,
WIND_CAND_TOG,Togo,OnshoreWind,Wind,3,2030,2060,,,,,,30,,1,1,,,1.3,40000,,
Groupes secours SBEE,Benin,PV,Solar,1,2020,2045,12,,,,12,25,,1,1,,,0.97,17000,,12
IPP 50 mW,Benin,PV,Solar,2,2027,2052,50,,,,50,25,,1,1,,,0.97,17000,,50
PV_CAND_Benin,Benin,PV,Solar,3,2030,2052,30000,,,,20,25,,1,1,,,0.97,17000,,20
Solaire_Pobe,Benin,PV,Solar,1,2025,2050,25,,,,25,25,,1,1,,,0.97,17000,,25
Solaire_Pobe_ext,Benin,PV,Solar,2,2026,2051,50,,,,50,25,,1,1,,,0.97,17000,,50
SOLEN_GloDjigb,Benin,PV,Solar,2,2028,2053,225,,,,225,25,,1,1,,,0.97,17000,,225
Kodeni_PV,Burkina,PV,Solar,1,2023,2048,38,,,,38,25,,1,1,,,0.97,17000,,38
Nagreongo,Burkina,PV,Solar,1,2022,2047,30,,,,30,25,,1,1,,,0.97,17000,,30
Ouaga NO,Burkina,PV,Solar,1,2025,2050,42,,,,42,25,,1,1,,,0.97,17000,,42
Pa_PV,Burkina,PV,Solar,1,2023,2048,30,,,,30,25,,1,1,,,0.97,17000,,30
PV_CAND_Burkina,Burkina,PV,Solar,3,2029,2054,30000,,,,160,25,,1,1,,,0.97,17000,,160
Solar Power Park 1st Phase,Burkina,PV,Solar,2,2026,2051,120,,,,120,25,,1,1,,,0.97,17000,,120
Solar Power Park 2nd Phase,Burkina,PV,Solar,2,2028,2053,180,,,,180,25,,1,1,,,0.97,17000,,180
Zagtouli,Burkina,PV,Solar,1,2017,2042,34,,,,34,,,1,1,,,,17000,,34
Zano,Burkina,PV,Solar,1,2025,2050,24,,,,24,25,,1,1,,,0.97,17000,,24
Ziga,Burkina,PV,Solar,1,2017,2042,1.1,,,,1.1,,,1,1,,,,17000,,1.1
Ziga/Gaoua,Burkina,PV,Solar,1,2017,2042,2,,,,2,25,,1,1,,,0.97,17000,,2
Zina Solaire,Burkina,PV,Solar,1,2024,2049,26,,,,26,25,,1,1,,,0.97,17000,,26
23 MWp Solar PV,Gambia,PV,Solar,1,2024,2049,18,,,,18,25,,1,1,,,0.97,17000,,18
Solar Park P1,Gambia,PV,Solar,2,2026,2051,50,,,,50,25,,1,1,,,0.97,17000,,50
Solar Park P2,Gambia,PV,Solar,2,2026,2051,100,,,,100,25,,1,1,,,0.97,17000,,100
PV_CAND_Gambia,Gambia,PV,Solar,3,2030,2055,30000,,,,40,25,,1,1,,,0.97,17000,,40
BUI (BXC solar)_IPP,Ghana,PV,Solar,1,2021,2046,50,,,,50,,,1,1,,,,17000,,50
Ghana_PV,Ghana,PV,Solar,1,2022,2047,,,,,,,,1,1,,,,17000,,
Kaleo,Ghana,PV,Solar,1,2021,2046,13,,,,13,,,1,1,,,,17000,,13
Lawra,Ghana,PV,Solar,1,2021,2046,6.5,,,,6.5,,,1,1,,,,17000,,6.5
Meinenergy_IPP,Ghana,PV,Solar,1,2019,2044,20,,,,20,,,1,1,,,,17000,,20
Navrongo,Ghana,PV,Solar,1,2013,2038,2.5,,,,2.5,,,1,1,,,,17000,,2.5
PV_CAND_Ghana,Ghana,PV,Solar,3,2029,2052,30000,,,,100,25,,1,1,,,0.97,17000,,100
Winneba (BXC solar)_IPP,Ghana,PV,Solar,1,2016,2041,20,,,,20,,,1,1,,,,17000,,20
PV_CAND_Guinea,Guinea,PV,Solar,3,2030,2055,30000,,,,200,25,,1,1,,,1,12000,,200
Bissau,GuineaBissau,PV,Solar,2,2029,2054,32,,,,32,25,,1,1,,,0.97,17000,,32
PV_CAND_GuineaBissau,GuineaBissau,PV,Solar,3,2030,2055,5000,,,,40,25,,1,1,,,0.97,17000,,40
Centrale Solaire de Bondoukou - AMEA POWER,IvoryCoast,PV,Solar,3,2026,2051,40,,,,40,25,,1,1,,,0.97,17000,,40
Centrale Solaire de Boundiali Phase 1,IvoryCoast,PV,Solar,1,2023,2048,38,,,,38,25,,1,1,,,0.97,17000,,38
Centrale Solaire de Ferke II SHIBA ENERGY,IvoryCoast,PV,Solar,3,2027,2052,40,,,,40,25,,1,1,,,0.97,17000,,40
Centrale Solaire de Ferkessedougou PFO ENERGIE,IvoryCoast,PV,Solar,3,2026,2051,40,,,,40,25,,1,1,,,0.97,17000,,40
Centrale Solaire de Katiola JC-MONFORT,IvoryCoast,PV,Solar,3,2026,2051,40,,,,40,25,,1,1,,,0.97,17000,,40
Centrale Solaire de Kong  AFRICA VIA,IvoryCoast,PV,Solar,3,2026,2051,40,,,,40,25,,1,1,,,0.97,17000,,40
Centrale Solaire de Laboa - SCALING SOLAR,IvoryCoast,PV,Solar,3,2026,2051,33.6,,,,33.6,25,,1,1,,,0.97,17000,,33.6
Centrale Solaire de Mankono TECMON ENERGY,IvoryCoast,PV,Solar,3,2027,2052,40,,,,40,25,,1,1,,,0.97,17000,,40
Centrale Solaire de Odienne PFO ENERGIE,IvoryCoast,PV,Solar,3,2027,2052,40,,,,40,25,,1,1,,,0.97,17000,,40
Centrale Solaire de Serebou - CI-ENERGIES,IvoryCoast,PV,Solar,3,2026,2051,20,,,,20,25,,1,1,,,0.97,17000,,20
Centrale Solaire de Soubre CI-ENERGIES,IvoryCoast,PV,Solar,3,2026,2051,20,,,,20,25,,1,1,,,0.97,17000,,20
Centrale Solaire de Tengrela - EKDS,IvoryCoast,PV,Solar,3,2027,2052,40,,,,40,25,,1,1,,,0.97,17000,,40
Centrale Solaire de Tongon - EKDS,IvoryCoast,PV,Solar,3,2026,2051,40,,,,40,25,,1,1,,,0.97,17000,,40
Centrale Solaire de Touba SCALING SOLAR,IvoryCoast,PV,Solar,3,2026,2051,38.4,,,,38.4,25,,1,1,,,0.97,17000,,38.4
Extension de la Centrale de Boundiali - CI-ENERGIES,IvoryCoast,PV,Solar,3,2025,2050,44,,,,44,25,,1,1,,,0.97,17000,,44
KORHOGO_IPP,IvoryCoast,PV,Solar,3,2026,2051,40,,,,40,25,,1,1,,,0.97,17000,,40
POROPOWER_IPP,IvoryCoast,PV,Solar,3,2026,2051,50,,,,50,25,,1,1,,,0.79,17000,,50
PV_CAND_IvoryCoast,IvoryCoast,PV,Solar,3,2027,2052,30000,,,,60,25,,1,1,,,0.97,17000,,60
PV_CAND_Liberia,Liberia,PV,Solar,3,2028,2053,500,,,,12,25,,1,1,,,0.97,17000,,12
Respite_PV,Liberia,PV,Solar,2,2025,2050,16,,,,16,20,,1,1,,,0.9,10000,,16
Solar Yekepa / Buchanan,Liberia,PV,Solar,2,2028,2053,160,,,,160,20,,1,1,,,0.9,10000,,160
PV_Akuo,Mali,PV,Solar,1,2020,2045,50,,,,50,25,,1,1,,,0.97,17000,,50
PV_CAND_Mali,Mali,PV,Solar,3,2027,2052,30000,,,,150,25,,1,1,,,0.97,17000,,150
Nouakchott_Est_Solar,Mauritania_grid,PV,Solar,1,2017,2042,42,,,,50,,,1,1,,,1.1,17000,,50
Nouakchott_Zayed_Solar,Mauritania_grid,PV,Solar,1,2013,2038,11.5,,,,15,,,1,1,,,2,17000,,15
PV_CAND_Mauritania_grid,Mauritania_grid,PV,Solar,3,2040,2065,30000,,,,150,25,,1,1,,,0.97,17000,,150
Solaires hybrides RI,Mauritania_grid,PV,Solar,1,2024,2049,13.4,,,,15,25,,1,1,,,0.97,17000,,15
SNIM Zouerate — solaire,Mauritania_grid,PV,Solar,2,2024,2049,9.6,,,,9.6,25,,1,1,,,0.8,17000,,9.6
Kinross Tasiast — solaire,Mauritania_grid,PV,Solar,2,2030,2055,27.2,,,,27.2,25,,1,1,,,1.5,17000,,27.2
Projet type 25 MWc (Nouakchott),Mauritania_grid,PV,Solar,3,2028,2053,20.5,,,,20.5,25,,1,1,,,0.8,17000,,20.5
Projet type 25 MWc (Néma),Mauritania_Nema,PV,Solar,3,2028,2053,20.5,,,,20.5,25,,1,1,,,0.8,17000,,20.5
Projet type 25 MWc (Zouerate),Mauritania_grid,PV,Solar,3,2028,2053,21,,,,21,25,,1,1,,,0.8,17000,,21
Projet type 50 MWc (Nouakchott),Mauritania_grid,PV,Solar,3,2028,2053,41,,,,41,25,,1,1,,,0.8,17000,,41
Projet type 50 MWc (Néma),Mauritania_Nema,PV,Solar,3,2028,2053,41,,,,41,25,,1,1,,,0.8,17000,,41
Projet type 50 MWc (Zouerate),Mauritania_grid,PV,Solar,3,2028,2053,42,,,,42,25,,1,1,,,0.8,17000,,42
Solar Nema 50 MWc,Mauritania_Nema,PV,Solar,3,2027,2052,41,,,,41,25,,1,1,,,0.8,17000,,41
Solar Kiffa 50 MWc,Mauritania_grid,PV,Solar,2,2027,2052,41,,,,41,25,,1,1,,,0.8,17000,,41
agadezpv,Niger,PV,Solar,1,2024,2049,13,,,,13,25,,1,1,,,0.97,17000,,13
GorouBanda1,Niger,PV,Solar,1,2023,2048,20,,,,20,25,,1,1,,,0.97,17000,,20
PV_CAND_Niger,Niger,PV,Solar,3,2028,2053,30000,,,,90,25,,1,1,,,0.97,17000,,90
PV_CAND_Nigeria,Nigeria,PV,Solar,3,2030,2055,10000,,,,100,25,,1,1,,,0.97,17000,,100
Solar_Energy Resource,Senegal,PV,Solar,1,2018,2043,20,,,,20,25,,1,1,,,0.97,17000,,20
Solar_Innovent,Senegal,PV,Solar,1,2018,2043,20,,,,20,25,,1,1,,,0.97,17000,,20
Solar_Kima Solaria,Senegal,PV,Solar,1,2017,2042,22,,,,22,25,,1,1,,,0.97,17000,,22
Solar_Minersol,Senegal,PV,Solar,1,2025,2028,12,,,,12,25,,1,1,,,0.97,17000,,12
Solar_Scaling Kahone,Senegal,PV,Solar,1,2021,2046,35,,,,35,25,,1,1,,,0.97,17000,,35
Solar_Scaling Touba,Senegal,PV,Solar,1,2021,2046,25,,,,25,25,,1,1,,,0.97,17000,,25
Solar_Senergy,Senegal,PV,Solar,1,2017,2042,29.5,,,,29.5,25,,1,1,,,0.97,17000,,29.5
Solar_Senergy 2,Senegal,PV,Solar,1,2016,2041,20,,,,20,25,,1,1,,,0.97,17000,,20
Solar_Solarie Diass,Senegal,PV,Solar,1,2018,2043,23,,,,23,25,,1,1,,,0.97,17000,,23
Solar_Tenergy,Senegal,PV,Solar,1,2017,2042,29.5,,,,29.5,25,,1,1,,,0.97,17000,,29.5
Solar_WALO PV,Senegal,PV,Solar,1,2025,2045,16,,,,16,25,,1,1,,,0.97,17000,,16
PV_CAND_SierraLeone,SierraLeone,PV,Solar,3,2027,2052,30000,,,,8,25,,1,1,,,0.97,17000,,8
Respite_PV_SR,SierraLeone,PV,Solar,2,2025,2050,60,,,,60,25,,1,1,,,0.97,17000,,60
Blitta Extension,Togo,PV,Solar,3,2026,2051,100,,,,100,25,,1,1,,,0.97,17000,,100
Blitta Solar Power Station,Togo,PV,Solar,1,2021,2046,50,,,,50,25,,1,1,,,0.97,17000,,50
Dapaong RESPITE,Togo,PV,Solar,3,2026,2051,25,,,,25,25,,1,1,,,0.97,17000,,25
Former Agoe-Nyive landfill site,Togo,PV,Solar,3,2026,2051,8,,,,8,25,,1,1,,,0.97,17000,,8
Kara,Togo,PV,Solar,3,2027,2052,42,,,,42,25,,1,1,,,0.97,17000,,42
Kekeli Thermal Power Station,Togo,PV,Solar,1,2021,2046,65,,,,65,25,,1,1,,,0.97,17000,,65
PV_CAND_Togo,Togo,PV,Solar,3,2030,2052,30000,,,,40,25,,1,1,,,0.97,17000,,40
Sokode PV,Togo,PV,Solar,3,2026,2051,64,,,,64,25,,1,1,,,0.97,17000,,64
Beterou,Benin,ReservoirHydro,Water,3,2050,2072,23.2,,,,23.2,50,,1,1,,0.07,3.3,50000,0.5,23.2
HYD_CAND_BEN,Benin,ReservoirHydro,Water,3,2030,2080,463,,,,463,50,,1,1,,0.07,3.3,50000,0.5,463
Ketou,Benin,ReservoirHydro,Water,3,2050,2072,112,,,,112,50,,1,1,,0.05,3.3,50000,0.5,112
Oulougbe,Benin,ReservoirHydro,Water,3,2050,2072,30,,,,30,50,,1,1,,0.07,3.3,50000,0.5,30
Vossa,Benin,ReservoirHydro,Water,3,2050,2072,79.2,,,,79.2,50,,1,1,,0.07,3.3,50000,0.5,79.2
Yeripao,Benin,ReservoirHydro,Water,1,2050,2060,0.5,,,,0.5,50,,1,1,,0.2,3.3,50000,0.5,0.5
BAGRE,Burkina,ReservoirHydro,Water,1,1993,2043,16.72,,,,16.72,,,1,1,,0.2,3.3,50000,0.5,16.72
BagreII,Burkina,ReservoirHydro,Water,3,2055,2100,14,,,,14,50,,1,1,,0.2,3.3,50000,0.5,14
Bontioli,Burkina,ReservoirHydro,Water,3,2055,2100,5.1,,,,5.1,50,,1,1,,0.12,3.3,50000,0.5,5.1
Folonzo,Burkina,ReservoirHydro,Water,3,2055,2072,10.8,,,,10.8,50,,1,1,,0.2,3.3,50000,0.5,10.8
Gongourou,Burkina,ReservoirHydro,Water,3,2055,2072,5,,,,5,50,,1,1,,0.2,3.3,50000,0.5,5
HYD_CAND_BUR,Burkina,ReservoirHydro,Water,3,2030,2080,139,,,,139,50,,1,1,,0.2,3.3,50000,0.5,139
KOMPIENGA,Burkina,ReservoirHydro,Water,1,1989,2060,14.28,,,,14.28,,,1,1,,0.2,3.3,50000,0.5,14.28
NIOFILA,Burkina,ReservoirHydro,Water,1,1996,2060,1.5,,,,1.5,,,1,1,,0.15,3.3,50000,0.5,1.5
Ouessa,Burkina,ReservoirHydro,Water,3,2055,2072,21,,,,21,50,,1,1,,0.2,3.3,50000,0.5,21
Samendini,Burkina,ReservoirHydro,Water,1,1996,2060,2.6,,,,2.6,,,1,1,,0.1,3.3,50000,0.5,2.6
TOURNI,Burkina,ReservoirHydro,Water,1,1996,2060,1.5,,,,1.5,,,1,1,,0.1,3.3,50000,0.5,1.5
Akosombo,Ghana,ReservoirHydro,Water,1,1965,2060,1020,,,,1020,,,1,1,,0.15,3.3,50000,0.5,1020
Bui_IPP,Ghana,ReservoirHydro,Water,1,2013,2083,404,,,,404,,,1,1,,0.1,3.3,50000,0.5,404
Daboya,Ghana,ReservoirHydro,Water,3,2055,2072,43,,,,43,50,,1,1,,0.15,3.3,50000,0.5,43
HYD_CAND_GHA,Ghana,ReservoirHydro,Water,3,2030,2080,604,,,,100,50,,1,1,,0.15,3.3,50000,0.5,100
Juale,Ghana,ReservoirHydro,Water,3,2028,2078,87,,,,87,50,,1,1,,0.15,3.3,50000,0.5,87
Kulpawn,Ghana,ReservoirHydro,Water,3,2055,2072,36,,,,36,50,,1,1,,0.15,3.3,50000,0.5,36
Pwalugu,Ghana,ReservoirHydro,Water,3,2025,2075,60,,,,60,50,,1,1,,0.1,3.3,50000,0.5,60
Amaria,Guinea,ReservoirHydro,Water,2,2027,2080,300,,,,300,50,,1,1,,0.1,3.3,50000,0.5,300
Baneah,Guinea,ReservoirHydro,Water,1,1989,2060,5,,,,5,50,,1,1,,0.1,3.3,50000,0.5,5
Bonkon-Diaria,Guinea,ReservoirHydro,Water,3,2030,2080,183,,,,183,50,,1,1,,0.1,3.3,50000,0.5,183
Boureya,Guinea,ReservoirHydro,Water,3,2030,2080,161,,,,161,50,,1,1,,0.1,3.3,50000,0.5,161
Diallol,Guinea,ReservoirHydro,Water,3,2030,2080,101,,,,101,50,,1,1,,0.1,3.3,50000,0.5,101
Diareguela,Guinea,ReservoirHydro,Water,3,2030,2080,77,,,,77,50,,1,1,,0.1,3.3,50000,0.5,77
Digan,Guinea,ReservoirHydro,Water,3,2030,2080,62,,,,62,50,,1,1,,0.1,3.3,50000,0.5,62
Donkea,Guinea,ReservoirHydro,Water,1,1970,2060,15,,,,15,50,,1,1,,0.1,3.3,50000,0.5,15
Farankonedou,Guinea,ReservoirHydro,Water,3,2030,2080,40,,,,40,50,,1,1,,0.1,3.3,50000,0.5,40
Fello Sounga,Guinea,ReservoirHydro,Water,3,2030,2080,63,,,,63,50,,1,1,,0.1,3.3,50000,0.5,63
Fetore,Guinea,ReservoirHydro,Water,3,2030,2080,96,,,,96,50,,1,1,,0.1,3.3,50000,0.5,96
Fomi,Guinea,ReservoirHydro,Water,2,2030,2080,90,,,,90,50,,1,1,,0.1,3.3,50000,0.5,90
Garafiri,Guinea,ReservoirHydro,Water,1,1999,2069,75,,,,75,50,,1,1,,0.1,3.3,50000,0.5,75
Grand Chutes,Guinea,ReservoirHydro,Water,1,1954,2060,28,,,,28,50,,1,1,,0.1,3.3,50000,0.5,28
Grand Kinkon,Guinea,ReservoirHydro,Water,3,2030,2080,215,,,,215,50,,1,1,,0.1,3.3,50000,0.5,215
Guozoguezia,Guinea,ReservoirHydro,Water,3,2030,2080,81,,,,81,50,,1,1,,0.1,3.3,50000,0.5,81
Hakkunde-Mitti,Guinea,ReservoirHydro,Water,3,2030,2080,62,,,,62,50,,1,1,,0.1,3.3,50000,0.5,62
Kaleta,Guinea,ReservoirHydro,Water,1,2015,2085,240,,,,240,50,,1,1,,0.1,3.3,50000,0.5,240
Kassa,Guinea,ReservoirHydro,Water,3,2030,2080,124,,,,124,50,,1,1,,0.1,3.3,50000,0.5,124
Kogebedou,Guinea,ReservoirHydro,Water,3,2030,2080,82,,,,82,50,,1,1,,0.1,3.3,50000,0.5,82
Korafindi,Guinea,ReservoirHydro,Water,3,2030,2080,135,,,,135,50,,1,1,,0.1,3.3,50000,0.5,135
Koukoutamba,Guinea,ReservoirHydro,Water,3,2030,2080,294,,,,294,50,,1,1,,0.1,3.3,50000,0.5,294
Kouravel,Guinea,ReservoirHydro,Water,3,2030,2080,100,,,,100,50,,1,1,,0.1,3.3,50000,0.5,100
Morisanako,Guinea,ReservoirHydro,Water,3,2030,2080,96,,,,96,50,,1,1,,0.1,3.3,50000,0.5,96
Niagara,Guinea,ReservoirHydro,Water,3,2030,2080,55,,,,55,50,,1,1,,0.1,3.3,50000,0.5,55
Nzebela,Guinea,ReservoirHydro,Water,3,2030,2080,45,,,,45,50,,1,1,,0.1,3.3,50000,0.5,45
Poudalde,Guinea,ReservoirHydro,Water,3,2030,2080,90,,,,90,50,,1,1,,0.1,3.3,50000,0.5,90
Souapiti,Guinea,ReservoirHydro,Water,1,2021,2091,475,,,,475,50,,1,1,,0.1,3.3,50000,0.5,475
Tiopo,Guinea,ReservoirHydro,Water,3,2030,2080,105,,,,105,50,,1,1,,0.1,3.3,50000,0.5,105
Ayame1,IvoryCoast,ReservoirHydro,Water,1,1959,2060,20,,,,20,,,1,1,,0.15,3.3,50000,0.5,20
Boutoubre,IvoryCoast,ReservoirHydro,Water,3,2028,2078,140,,,,140,50,,1,1,,0.2,3.3,50000,0.5,140
Brou Attakro,IvoryCoast,ReservoirHydro,Water,3,2030,2080,62,,,,62,50,,1,1,,0.2,3.3,50000,0.5,62
Buyo,IvoryCoast,ReservoirHydro,Water,1,1980,2060,164.7,,,,164.7,,,1,1,,0.15,3.3,50000,0.5,164.7
Daboitie,IvoryCoast,ReservoirHydro,Water,3,2055,2105,55,,,,55,50,,1,1,,0.3,3.3,50000,0.5,55
Gribo-Popoli,IvoryCoast,ReservoirHydro,Water,1,2024,2074,112,,,,112,50,,1,1,,0.2,3.3,50000,0.5,112
Kokumno,IvoryCoast,ReservoirHydro,Water,3,2030,2080,78,,,,78,50,,1,1,,0.2,3.3,50000,0.5,78
Kossou,IvoryCoast,ReservoirHydro,Water,1,1972,2060,174,,,,174,,,1,1,,0.05,3.3,50000,0.5,174
Louga 1,IvoryCoast,ReservoirHydro,Water,3,2029,2079,110,,,,110,50,,1,1,,0.25,3.3,50000,0.5,110
Louga 2,IvoryCoast,ReservoirHydro,Water,3,2030,2080,100,,,,100,50,,1,1,,0.25,3.3,50000,0.5,100
N'dieliesso,IvoryCoast,ReservoirHydro,Water,3,2030,2080,110,,,,110,50,,1,1,,0.2,3.3,50000,0.5,110
Singrobo,IvoryCoast,ReservoirHydro,Water,3,2025,2075,44,,,,44,50,,1,1,,0.25,3.3,50000,0.5,44
Soubre,IvoryCoast,ReservoirHydro,Water,1,2017,2087,275,,,,275,,,1,1,,0.15,3.3,50000,0.5,275
Taabo,IvoryCoast,ReservoirHydro,Water,1,1979,2060,210,,,,210,,,1,1,,0.1,3.3,50000,0.5,210
Tayaboui,IvoryCoast,ReservoirHydro,Water,3,2030,2080,100,,,,100,50,,1,1,,0.25,3.3,50000,0.5,100
Tiassale,IvoryCoast,ReservoirHydro,Water,3,2029,2079,26.6,,,,26.6,50,,1,1,,0.15,3.3,50000,0.5,26.6
Tiboto/Cavally,IvoryCoast,ReservoirHydro,Water,3,2029,2079,196.4,,,,196.4,50,,1,1,,0.2,3.3,50000,0.5,196.4
SP2_161,Liberia,ReservoirHydro,Water,2,2046,2096,154,,,,154,50,,1,1,,0.15,3.3,50000,0.5,154
Djenne,Mali,ReservoirHydro,Water,2,2025,2075,7,,,,7,50,,1,1,,0.15,3.3,50000,0.5,10
HYD_CAND_MAL,Mali,ReservoirHydro,Water,3,2030,2080,501,,,,100,50,,1,1,,0.15,3.3,50000,0.5,100
MANANTALI_mali,Mali,ReservoirHydro,Water,1,1988,2060,70,,,,70,,,1,1,,0.2,3.3,50000,0.5,70
SELINGUE,Mali,ReservoirHydro,Water,1,1980,2060,47,,,,47,,,1,1,,0.02,3.3,50000,0.5,47
Gourbassi_MAU,Mauritania_grid,ReservoirHydro,Water,3,2033,2083,4.5,,,,4.5,60,,1,1,,0.07,3.3,50000,0.5,4.5
Manantali_MAU,Mauritania_grid,ReservoirHydro,Water,1,2002,2060,30,,,,30,,,1,1,,0.07,3.3,50000,0.5,30
Gambou,Niger,ReservoirHydro,Water,3,2026,2076,105,,,,105,50,,1,1,,0.15,3.3,50000,0.5,105
HYD_CAND_NGR,Niger,ReservoirHydro,Water,3,2030,2080,85,,,,85,50,,1,1,,0.15,3.3,50000,0.5,85
Kandadji,Niger,ReservoirHydro,Water,3,2026,2076,130,,,,130,50,,1,1,,0.15,3.3,50000,0.5,130
Dadin Mando,Nigeria,ReservoirHydro,Water,1,2023,2073,27.6,,,,27.6,,,1,1,,0.183333333,3.3,50000,0.5,27.6
Gurara,Nigeria,ReservoirHydro,Water,3,2027,2077,30,,,,30,50,,1,1,,0.15,3.3,50000,0.5,30
JEBBA_North,Nigeria,ReservoirHydro,Water,1,1985,2060,418,,,,418,,,1,1,,0.2,3.3,50000,0.5,418
KAINJI_North,Nigeria,ReservoirHydro,Water,1,1968,2060,539,,,,539,,,1,1,,0.15,3.3,50000,0.5,539
KAINJI_North_Part2,Nigeria,ReservoirHydro,Water,2,2026,2076,372,,,,372,50,,1,1,,0.15,3.3,50000,0.5,372
Mambila,Nigeria,ReservoirHydro,Water,3,2028,2080,3050,,,,250,50,,1,1,,0.15,3.3,50000,0.5,250
SHIRORO_North,Nigeria,ReservoirHydro,Water,1,1990,2060,297,,,,297,,,1,1,,0.2,3.3,50000,0.5,297
MANANTALI_Sen,Senegal,ReservoirHydro,Water,1,2002,2060,60,,,,60,40,,1,1,,0.4,3.3,50000,0.5,60
Sambangalou_SEN_IPP,Senegal,ReservoirHydro,Water,2,2030,2080,61,,,,61,50,,1,1,,0.4,3.3,50000,0.5,61
Water_Kaleta_viaGuinea,Senegal,ReservoirHydro,Water,2,2026,2076,,,,,,50,,1,1,,0.4,3.3,50000,0.5,
Water_Koukoutamba,Senegal,ReservoirHydro,Water,2,2034,2085,70,,,,70,50,,1,1,,0.4,3.3,50000,0.5,70
Water_Souapiti_viaGuinea,Senegal,ReservoirHydro,Water,2,2026,2076,,,,,,50,,1,1,,0.4,3.3,50000,0.5,
BEKONGOR-III_HY,SierraLeone,ReservoirHydro,Water,3,2025,2075,160,,,,160,50,,1,1,,0.15,3.3,50000,0.5,160
BUMBUNA-I_HY,SierraLeone,ReservoirHydro,Water,1,2010,2060,50,,,,50,50,,1,1,,0.2,3.3,50000,0.5,50
BUMBUNA-II_HY,SierraLeone,ReservoirHydro,Water,3,2025,2075,143,,,,143,50,,1,1,,0.2,3.3,50000,0.5,143
Adjarala,Togo,ReservoirHydro,Water,3,2055,2096,147,,,,147,50,,1,1,,0.1,3.3,50000,0.5,147
Baghan,Togo,ReservoirHydro,Water,3,2055,2072,5.8,,,,5.8,50,,1,1,,0.15,3.3,50000,0.5,5.8
Kpessi,Togo,ReservoirHydro,Water,3,2055,2072,15.9,,,,15.9,50,,1,1,,0.15,3.3,50000,0.5,15.9
Nangbeto,Togo,ReservoirHydro,Water,1,1990,2060,65.6,,,,65.6,,,1,1,,0.08,3.3,50000,0.5,65.6
Sarakawa,Togo,ReservoirHydro,Water,2,2027,2077,24.2,,,,24.2,50,,1,1,,0.15,3.3,50000,0.5,24.2
Tetetou,Togo,ReservoirHydro,Water,3,2055,2072,60,,,,60,50,,1,1,,0.1,3.3,50000,0.5,60
Titira,Togo,ReservoirHydro,Water,3,2055,2072,23.8,,,,23.8,50,,1,1,,0.15,3.3,50000,0.5,23.8
Wawa,Togo,ReservoirHydro,Water,3,2055,2072,8.4,,,,8.4,50,,1,1,,0.15,3.3,50000,0.5,8.4
Hemang,Ghana,ROR,Water,3,2025,2075,93,,,,93,50,,1,1,,0.05,2.8,40000,0.5,93
Kpong,Ghana,ROR,Water,1,1982,2060,160,,,,160,,,1,1,,0.1,2.8,40000,0.5,160
Saltinho,GuineaBissau,ROR,Water,2,2032,2082,25,,,,25,50,,1,1,,0.07,2.8,40000,0.5,25
Ayame2,IvoryCoast,ROR,Water,1,1965,2060,30.4,,,,30.4,,,1,1,,0.14,2.8,40000,0.5,30.4
Faye,IvoryCoast,ROR,Water,1,1990,2060,5,,,,5,,,1,1,,0.15,2.8,40000,0.5,5
MountCoffeeReservoir,Liberia,ROR,Water,1,2017,2034,88,,,,88,,,1,1,,0.15,2.8,40000,0.5,
MTCoffee_ext,Liberia,ROR,Water,1,2028,2034,60,,,,60,,,1,1,,0.15,2.8,40000,0.5,60
SP2_150,Liberia,ROR,Water,2,2032,2082,150,,,,150,50,,1,1,,0.15,2.8,40000,0.5,150
FELOU_MAL,Mali,ROR,Water,1,2013,2083,60,,,,60,,,1,1,,0.2,2.8,40000,0.5,60
Gouina_mali,Mali,ROR,Water,1,2022,2092,49,,,,49,50,,1,1,,0.1,2.8,40000,0.5,49
Sotuba,Mali,ROR,Water,1,2013,2083,5.7,,,,5.7,,,1,1,,0.2,2.8,40000,0.5,5.7
Felou_MAU,Mauritania_grid,ROR,Water,1,2013,2063,18.45,,,,18.45,,,1,1,,0.07,2.8,40000,0.5,18.45
Gouina_Water,Mauritania_grid,ROR,Water,1,2022,2072,46.2,,,,46.2,60,,1,1,,0.07,2.8,40000,0.5,46.2
Koukoutamba + Boureya,Mauritania_grid,ROR,Water,3,2033,2083,103,,,,103,60,,1,1,,0.07,2.8,40000,0.5,103
FELOU_SEN,Senegal,ROR,Water,1,2013,2083,15,,,,15,30,,1,1,,0.4,2.8,40000,0.5,15
Gouina_SEN,Senegal,ROR,Water,1,2021,2092,45.99,,,,45.99,50,,1,1,,0.4,2.8,40000,0.5,45.99
Bafata Project ,GuineaBissau,PV,Solar,2,2029,2054,12,,,,12,25,,1,1,,,0.97,17000,,12
Biomasse déchets solides Nouakchott  15 MW,Mauritania_grid,BiomassPlant,Biomass,3,2028,2058,15,,,,15,30,12.5,1,1,,,2.328,136000,,15
Biomasse typha  15 MW,Mauritania_grid,BiomassPlant,Biomass,3,2028,2058,15,,,,15,30,12.5,1,1,,,2.328,136000,,15
WIND_CAND_SEN,Senegal,OnshoreWind,Wind,3,2030,2060,100,,,,100,30,,1,1,,,1.3,40000,,100
PV_CAND_SEN,Senegal,PV,Solar,3,2030,2055,30000,,,,250,25,,1,1,,,0.97,17000,,250
Solar_NEA_Kolda 1,Senegal,PV,Solar,2,2026,2051,25,,,,25,25,,1,1,,,0.97,17000,,25
Solar_NEA_Kolda 2,Senegal,PV,Solar,2,2027,2052,25,,,,25,25,,1,1,,,0.97,17000,,25
Solar_NEXENTURY-PV,Senegal,PV,Solar,3,2028,2053,14,,,,14,25,,1,1,,,0.97,17000,,14
Solar_SENSOLAR_SAS,Senegal,PV,Solar,2,2027,2052,33,,,,33,25,,1,1,,,0.97,17000,,33
Solar_SENSOLAR_TAMBA,Senegal,PV,Solar,2,2027,2052,25,,,,25,25,,1,1,,,0.97,17000,,25
Solar_SERENGETI_TAMBA_SOLAR,Senegal,PV,Solar,2,2028,2053,47,,,,47,25,,1,1,,,0.97,17000,,47
Solar_Solniakhar PV,Senegal,PV,Solar,2,2027,2052,25,,,,25,25,,1,1,,,0.97,17000,,25
Solar_TAMBA_SOLAR,Senegal,PV,Solar,2,2027,2052,83,,,,83,25,,1,1,,,0.97,17000,,83
Projet EPC Senelec F 1 PV,Senegal,PV,Solar,2,2028,2053,42,,,,42,25,,1,1,,,0.97,17000,,42
Projet EPC Senelec F 2 PV,Senegal,PV,Solar,2,2028,2053,42,,,,42,25,,1,1,,,0.97,17000,,42
Projet EPC JETP PV 1,Senegal,PV,Solar,2,2028,2053,42,,,,42,25,,1,1,,,0.97,17000,,42
Projet EPC JETP PV 2,Senegal,PV,Solar,2,2028,2053,42,,,,42,25,,1,1,,,0.97,17000,,42
Projet EPCF Linguère ,Senegal,PV,Solar,2,2028,2053,167,,,,167,25,,1,1,,,0.97,17000,,167
Projet EPCF Kolda,Senegal,PV,Solar,2,2028,2053,250,,,,250,25,,1,1,,,0.97,17000,,250
CC_GAS_SEN,Senegal,CCGT,Gas,3,2040,2070,5000,,15,6.8,250,30,6.4,1,1,,0.07,0.9,30000,2,250
Regional Solar Park Phase I,Mali,PV,Solar,2,2025,2050,300,,,,300,25,,1,1,,,0.97,17000,,300
Regional Solar Park of 150 MW,Niger,PV,Solar,2,2027,2052,150,,,,150,25,,1,1,,,0.97,17000,,150
Regional Solar Park _Ghana,Ghana,PV,Solar,2,2028,2052,150,,,,150,25,,1,1,,,0.97,17000,,150
Regional Solar Park Benin ,Benin,PV,Solar,2,2029,2053,150,,,,150,25,,1,1,,,0.97,17000,,150
Regional Solar Park Togo ,Togo,PV,Solar,2,2029,2053,150,,,,150,25,,1,1,,,0.97,17000,,150
